﻿<LinkSources version="1.02">
  <page ID="8484317F-88DD-4CCF-BCB2-A0D87EDE87EF">
    <linkSource sourcePageID="2F04E090-CF63-456E-AFEC-7ABA182DF6AB" comID="29C570E4-3A69-4FAD-96AA-B19E8DA00A2B" comLinkType="cltPageLink"/>
    <linkSource sourcePageID="343535C8-5A20-4951-888F-4E81A92CDEA8" comID="EBC3E845-D71B-4E7A-8AFE-73211E7A8723" comLinkType="cltPageLink"/>
  </page>
  <page ID="CD73D829-8411-4DD4-80BA-591E72125EDB">
    <linkSource sourcePageID="8484317F-88DD-4CCF-BCB2-A0D87EDE87EF" comID="13FD919C-9103-4EC3-BBF1-D426660359DB" comLinkType="cltPageLink"/>
    <linkSource sourcePageID="CD73D829-8411-4DD4-80BA-591E72125EDB" comID="840FAA0F-9B42-4A7B-9FD7-B1F4E10A3D08" comLinkType="cltPageLink"/>
    <linkSource sourcePageID="3D7AF8E0-878E-4526-A497-460591ACE31F" comID="30629B13-B836-4FED-986A-2DBCC7296919" comLinkType="cltPageLink"/>
    <linkSource sourcePageID="8484317F-88DD-4CCF-BCB2-A0D87EDE87EF" comID="729B9F47-7DF2-43A6-8746-E478724B36E8" comLinkType="cltPageLink"/>
    <linkSource sourcePageID="70F63383-423F-4215-859D-B13DC4A05710" comID="C3E9E8B7-9380-4B27-8BF0-A66618DEBB77" comLinkType="cltPageLink"/>
    <linkSource sourcePageID="70F63383-423F-4215-859D-B13DC4A05710" comID="D940DE39-B6BC-442E-B6D7-21F78BF36B2A" comLinkType="cltPageLink"/>
  </page>
  <page ID="3D7AF8E0-878E-4526-A497-460591ACE31F">
    <linkSource sourcePageID="CD73D829-8411-4DD4-80BA-591E72125EDB" comID="840FAA0F-9B42-4A7B-9FD7-B1F4E10A3D08" comLinkType="cltPageLink"/>
    <linkSource sourcePageID="CD73D829-8411-4DD4-80BA-591E72125EDB" comID="60D01E30-FFBA-40F0-A798-8F2CB79219E8" comLinkType="cltPageLink"/>
    <linkSource sourcePageID="ABB5E43D-0BBF-474B-843B-FA51E9ED2D0E" comID="C320AC38-28AE-4602-BAE4-1CAB6693D8AD" comLinkType="cltPageLink"/>
    <linkSource sourcePageID="ABA96DB2-8F93-4ADC-A8D6-6D21573B683E" comID="2624E3AD-0703-47B2-8FDC-0CE643C4E771" comLinkType="cltPageLink"/>
    <linkSource sourcePageID="423FA09E-AA0E-48CD-8264-B5583C5B9CA6" comID="7457FB33-E875-4B02-9456-79A7A22598F3" comLinkType="cltPageLink"/>
    <linkSource sourcePageID="D10A97E8-8C39-4B93-B09E-56F4F087A314" comID="35023AD9-DC7F-4145-BCD0-44FE219A44CB" comLinkType="cltPageLink"/>
    <linkSource sourcePageID="F8CBAA8C-200A-4580-A2F6-0F175F360D55" comID="EC8C9677-3AD6-46C2-B9A9-CC86C82D8ADD" comLinkType="cltPageLink"/>
    <linkSource sourcePageID="17EF2275-5767-4265-A0E7-7882FBA1EC70" comID="EA166446-2DEC-4FC0-ABFA-2015DF027D75" comLinkType="cltPageLink"/>
  </page>
  <page ID="2F04E090-CF63-456E-AFEC-7ABA182DF6AB">
    <linkSource sourcePageID="8484317F-88DD-4CCF-BCB2-A0D87EDE87EF" comID="E7AF862E-8B3F-40CB-ADD3-4CBB796E8017" comLinkType="cltPageLink"/>
    <linkSource sourcePageID="CD73D829-8411-4DD4-80BA-591E72125EDB" comID="8E4E677D-590F-46F6-AB1B-D5B5E1BB2FBC" comLinkType="cltPageLink"/>
    <linkSource sourcePageID="3D7AF8E0-878E-4526-A497-460591ACE31F" comID="FD9F3F07-0D2D-46F0-9B44-3C507860D92E" comLinkType="cltPageLink"/>
    <linkSource sourcePageID="779B0901-DAD5-4EF1-B484-35A75DF888C0" comID="8EE64846-F9A6-49D0-B4C0-F89908579A3C" comLinkType="cltPageLink"/>
    <linkSource sourcePageID="ABB5E43D-0BBF-474B-843B-FA51E9ED2D0E" comID="C320AC38-28AE-4602-BAE4-1CAB6693D8AD" comLinkType="cltPageLink"/>
    <linkSource sourcePageID="70F63383-423F-4215-859D-B13DC4A05710" comID="1EA8C85A-B1D6-4E6D-8960-9A6D17616519" comLinkType="cltPageLink"/>
    <linkSource sourcePageID="779B0901-DAD5-4EF1-B484-35A75DF888C0" comID="2509C93E-84F4-4E5C-963A-4CA88BA98B79" comLinkType="cltPageLink"/>
  </page>
  <page ID="779B0901-DAD5-4EF1-B484-35A75DF888C0">
    <linkSource sourcePageID="2F04E090-CF63-456E-AFEC-7ABA182DF6AB" comID="6DA42503-F40B-489F-BC83-DC8C35C68B9F" comLinkType="cltPageLink"/>
  </page>
  <page ID="ABB5E43D-0BBF-474B-843B-FA51E9ED2D0E">
    <linkSource sourcePageID="CD73D829-8411-4DD4-80BA-591E72125EDB" comID="8E4E677D-590F-46F6-AB1B-D5B5E1BB2FBC" comLinkType="cltPageLink"/>
  </page>
  <page ID="716CA741-08DD-42ED-A6FF-6DA6CCE46828">
    <linkSource sourcePageID="423FA09E-AA0E-48CD-8264-B5583C5B9CA6" comID="5C26D2E2-815F-4AE0-93AD-AD2CA713853B" comLinkType="cltPageLink"/>
    <linkSource sourcePageID="423FA09E-AA0E-48CD-8264-B5583C5B9CA6" comID="AFD078BC-6EBF-492D-A9AD-3DDCDC85FCA8" comLinkType="cltPageLink"/>
  </page>
  <page ID="12237251-827C-4331-BB2C-52A49E34B2A0">
    <linkSource sourcePageID="716CA741-08DD-42ED-A6FF-6DA6CCE46828" comID="20146F8B-5FD3-480B-887A-B92C90012C65" comLinkType="cltPageLink"/>
    <linkSource sourcePageID="716CA741-08DD-42ED-A6FF-6DA6CCE46828" comID="48EA46D0-89D4-4DAC-9417-82E173E2E41D" comLinkType="cltPageLink"/>
    <linkSource sourcePageID="716CA741-08DD-42ED-A6FF-6DA6CCE46828" comID="EDC0A68D-D88F-4EA9-9231-4B495EC6AADD" comLinkType="cltPageLink"/>
    <linkSource sourcePageID="716CA741-08DD-42ED-A6FF-6DA6CCE46828" comID="E83E3C74-6378-4453-8286-EE3851FAD763" comLinkType="cltPageLink"/>
    <linkSource sourcePageID="716CA741-08DD-42ED-A6FF-6DA6CCE46828" comID="47783840-5E6A-42B1-A32A-2D847FE894E1" comLinkType="cltPageLink"/>
    <linkSource sourcePageID="12237251-827C-4331-BB2C-52A49E34B2A0" comID="0680D73D-FC06-4849-8F9F-27D0FA13362B" comLinkType="cltPageLink"/>
    <linkSource sourcePageID="12237251-827C-4331-BB2C-52A49E34B2A0" comID="2AFBE568-3469-4CAF-8656-E6776727B9F8" comLinkType="cltPageLink"/>
    <linkSource sourcePageID="73FB4C54-810C-4141-A333-8ECCBCD2413B" comID="6F8D6FB2-2122-4DFB-B7EF-B3408D42E2E2" comLinkType="cltPageLink"/>
    <linkSource sourcePageID="20B6D234-0E5D-438D-A7BF-666EC296F23C" comID="1897A610-DAA6-421C-B983-A6BFD30E52B6" comLinkType="cltPageLink"/>
    <linkSource sourcePageID="9209D482-FE2C-4DBC-8682-E812CEAA6A29" comID="9887B036-4BB2-4906-8A4F-E2FCD16187AC" comLinkType="cltPageLink"/>
    <linkSource sourcePageID="20B6D234-0E5D-438D-A7BF-666EC296F23C" comID="07B88501-E282-4C40-8DBF-84A52846856F" comLinkType="cltPageLink"/>
    <linkSource sourcePageID="20B6D234-0E5D-438D-A7BF-666EC296F23C" comID="37243F4D-C2ED-4339-8033-B75B00724F53" comLinkType="cltPageLink"/>
    <linkSource sourcePageID="20B6D234-0E5D-438D-A7BF-666EC296F23C" comID="304B93C5-8786-42AB-A17C-95D625BEF3F5" comLinkType="cltPageLink"/>
    <linkSource sourcePageID="20B6D234-0E5D-438D-A7BF-666EC296F23C" comID="14C52F4B-A2CA-4A9C-8A52-79FD61F1C91F" comLinkType="cltPageLink"/>
    <linkSource sourcePageID="20B6D234-0E5D-438D-A7BF-666EC296F23C" comID="975D273C-7F16-45B9-9CA1-AAFBDCDB7367" comLinkType="cltPageLink"/>
    <linkSource sourcePageID="20B6D234-0E5D-438D-A7BF-666EC296F23C" comID="BD24C656-B85D-445E-83AC-8D9317A07C43" comLinkType="cltPageLink"/>
    <linkSource sourcePageID="20B6D234-0E5D-438D-A7BF-666EC296F23C" comID="F837FB19-0031-466B-82E9-6DD32524C109" comLinkType="cltPageLink"/>
    <linkSource sourcePageID="20B6D234-0E5D-438D-A7BF-666EC296F23C" comID="CF702FAB-0A99-4EF3-80F8-3AB655E5E445" comLinkType="cltPageLink"/>
    <linkSource sourcePageID="20B6D234-0E5D-438D-A7BF-666EC296F23C" comID="047C0441-866C-4FED-820D-F8A6AAE9CA66" comLinkType="cltPageLink"/>
    <linkSource sourcePageID="20B6D234-0E5D-438D-A7BF-666EC296F23C" comID="7F540B81-A69F-42C4-8D72-601C92AA03EC" comLinkType="cltPageLink"/>
    <linkSource sourcePageID="20B6D234-0E5D-438D-A7BF-666EC296F23C" comID="4E70F3A2-0A74-4ACF-AAF4-9CCAD06E7A7E" comLinkType="cltPageLink"/>
    <linkSource sourcePageID="20B6D234-0E5D-438D-A7BF-666EC296F23C" comID="6EFA945A-8976-45D8-95D6-4DF95FC2AFAE" comLinkType="cltPageLink"/>
    <linkSource sourcePageID="71FCB0C7-7F13-4ED1-8950-1720777B82DF" comID="07B88501-E282-4C40-8DBF-84A52846856F" comLinkType="cltPageLink"/>
    <linkSource sourcePageID="71FCB0C7-7F13-4ED1-8950-1720777B82DF" comID="37243F4D-C2ED-4339-8033-B75B00724F53" comLinkType="cltPageLink"/>
    <linkSource sourcePageID="20B6D234-0E5D-438D-A7BF-666EC296F23C" comID="2461FB53-EC14-454C-9DC1-F722C11232F7" comLinkType="cltPageLink"/>
    <linkSource sourcePageID="20B6D234-0E5D-438D-A7BF-666EC296F23C" comID="4295D21A-51A5-4CB4-B6DD-E06B702B4FB3" comLinkType="cltPageLink"/>
    <linkSource sourcePageID="20B6D234-0E5D-438D-A7BF-666EC296F23C" comID="74EB7B99-221B-4C1E-9DDB-03F8CAD8DC87" comLinkType="cltPageLink"/>
    <linkSource sourcePageID="20B6D234-0E5D-438D-A7BF-666EC296F23C" comID="5F565B0D-E9D6-4142-9F54-B7B357470E2A" comLinkType="cltPageLink"/>
    <linkSource sourcePageID="B98F61ED-C26E-4DC1-B9E0-A1325F38DF38" comID="7E23E8B1-CF82-47A6-9DFD-4A5E08F3904C" comLinkType="cltPageLink"/>
    <linkSource sourcePageID="20B6D234-0E5D-438D-A7BF-666EC296F23C" comID="D3A2A7CF-69D5-4FB1-AC2F-53A345881EBE" comLinkType="cltPageLink"/>
    <linkSource sourcePageID="20B6D234-0E5D-438D-A7BF-666EC296F23C" comID="F8FBD065-C51A-4BBE-AF99-C07B27180ACF" comLinkType="cltPageLink"/>
    <linkSource sourcePageID="20B6D234-0E5D-438D-A7BF-666EC296F23C" comID="EA267AD6-7387-4FF0-A934-55A26DDE7A42" comLinkType="cltPageLink"/>
    <linkSource sourcePageID="20B6D234-0E5D-438D-A7BF-666EC296F23C" comID="02126686-A15D-40BC-8F05-24E8AB6E3FED" comLinkType="cltPageLink"/>
    <linkSource sourcePageID="20B6D234-0E5D-438D-A7BF-666EC296F23C" comID="E17D4DE6-B44E-4A1D-BEDB-B478C17FD3B8" comLinkType="cltPageLink"/>
    <linkSource sourcePageID="20B6D234-0E5D-438D-A7BF-666EC296F23C" comID="BC2AE0C0-0378-4C18-9FF3-600415D8B588" comLinkType="cltPageLink"/>
    <linkSource sourcePageID="0D7E6F1D-122F-422E-9851-2837054E4E29" comID="74851E42-FB2B-4425-ACEC-F8AFE907331B" comLinkType="cltPageLink"/>
    <linkSource sourcePageID="20B6D234-0E5D-438D-A7BF-666EC296F23C" comID="8AD0CA1F-D4B9-4717-B2C4-C7B3C466D346" comLinkType="cltPageLink"/>
    <linkSource sourcePageID="20B6D234-0E5D-438D-A7BF-666EC296F23C" comID="A717C8B6-671E-45AE-896F-9480CB4B0258" comLinkType="cltPageLink"/>
    <linkSource sourcePageID="0D7E6F1D-122F-422E-9851-2837054E4E29" comID="E28F288F-B945-4AE3-B75A-2BF186DB7084" comLinkType="cltPageLink"/>
  </page>
  <page ID="B98F61ED-C26E-4DC1-B9E0-A1325F38DF38">
    <linkSource sourcePageID="73FB4C54-810C-4141-A333-8ECCBCD2413B" comID="6F8D6FB2-2122-4DFB-B7EF-B3408D42E2E2" comLinkType="cltPageLink"/>
    <linkSource sourcePageID="12237251-827C-4331-BB2C-52A49E34B2A0" comID="2AFBE568-3469-4CAF-8656-E6776727B9F8" comLinkType="cltPageLink"/>
    <linkSource sourcePageID="12237251-827C-4331-BB2C-52A49E34B2A0" comID="0680D73D-FC06-4849-8F9F-27D0FA13362B" comLinkType="cltPageLink"/>
  </page>
  <page ID="73FB4C54-810C-4141-A333-8ECCBCD2413B">
    <linkSource sourcePageID="20B6D234-0E5D-438D-A7BF-666EC296F23C" comID="C72D50F7-E0CD-49C4-ADC7-D033F867D24C" comLinkType="cltPageLink"/>
    <linkSource sourcePageID="20B6D234-0E5D-438D-A7BF-666EC296F23C" comID="D86110A6-764F-45DD-8A01-1CA143C6641E" comLinkType="cltPageLink"/>
    <linkSource sourcePageID="20B6D234-0E5D-438D-A7BF-666EC296F23C" comID="B94233E6-328B-4218-8905-A5850D8D8CB9" comLinkType="cltPageLink"/>
    <linkSource sourcePageID="20B6D234-0E5D-438D-A7BF-666EC296F23C" comID="7625AFDC-62E6-4A8E-9E93-D939D1AB6175" comLinkType="cltPageLink"/>
    <linkSource sourcePageID="20B6D234-0E5D-438D-A7BF-666EC296F23C" comID="D81B9622-81C1-49FE-934F-C1BA194163C0" comLinkType="cltPageLink"/>
    <linkSource sourcePageID="20B6D234-0E5D-438D-A7BF-666EC296F23C" comID="BE2D05E1-467E-49D8-AD9B-BB34E5D449E2" comLinkType="cltPageLink"/>
    <linkSource sourcePageID="20B6D234-0E5D-438D-A7BF-666EC296F23C" comID="49B0B9CB-115C-46E4-A7BC-5B7BEABB3DAA" comLinkType="cltPageLink"/>
    <linkSource sourcePageID="20B6D234-0E5D-438D-A7BF-666EC296F23C" comID="1141C1E7-E086-4FEC-86C3-94BED4D18158" comLinkType="cltPageLink"/>
    <linkSource sourcePageID="20B6D234-0E5D-438D-A7BF-666EC296F23C" comID="C73A461F-C5CE-4DAB-9C51-2993F8F6EDF0" comLinkType="cltPageLink"/>
    <linkSource sourcePageID="20B6D234-0E5D-438D-A7BF-666EC296F23C" comID="5DEE45F3-1908-4FBC-97A5-1D72E777F1E5" comLinkType="cltPageLink"/>
    <linkSource sourcePageID="20B6D234-0E5D-438D-A7BF-666EC296F23C" comID="20664DE2-E949-47C7-A8D5-6D9661E8CD7D" comLinkType="cltPageLink"/>
    <linkSource sourcePageID="B98F61ED-C26E-4DC1-B9E0-A1325F38DF38" comID="7E23E8B1-CF82-47A6-9DFD-4A5E08F3904C" comLinkType="cltPageLink"/>
    <linkSource sourcePageID="B98F61ED-C26E-4DC1-B9E0-A1325F38DF38" comID="9776FC27-BC13-454F-9AC4-AF4EFFB50EEF" comLinkType="cltPageLink"/>
    <linkSource sourcePageID="B98F61ED-C26E-4DC1-B9E0-A1325F38DF38" comID="C0986BD6-88EB-452B-8336-8748D7399E42" comLinkType="cltPageLink"/>
    <linkSource sourcePageID="20B6D234-0E5D-438D-A7BF-666EC296F23C" comID="F9B74E53-685B-4F05-860C-0F1C0735D37D" comLinkType="cltPageLink"/>
    <linkSource sourcePageID="20B6D234-0E5D-438D-A7BF-666EC296F23C" comID="A92C9926-ADD2-4A29-98C8-38B840D5C737" comLinkType="cltPageLink"/>
    <linkSource sourcePageID="20B6D234-0E5D-438D-A7BF-666EC296F23C" comID="F28F2424-65BA-4A19-8973-3B1D3FE9EB41" comLinkType="cltPageLink"/>
  </page>
  <page ID="20B6D234-0E5D-438D-A7BF-666EC296F23C">
    <linkSource sourcePageID="73FB4C54-810C-4141-A333-8ECCBCD2413B" comID="CAD16C8F-12AD-40BB-BBDF-6ADA5347BF8A" comLinkType="cltPageLink"/>
    <linkSource sourcePageID="73FB4C54-810C-4141-A333-8ECCBCD2413B" comID="5C84D49B-466B-4A8F-BD28-A0F4E4D5DFE7" comLinkType="cltPageLink"/>
    <linkSource sourcePageID="73FB4C54-810C-4141-A333-8ECCBCD2413B" comID="1D83B883-3010-4A73-B779-090D219BA405" comLinkType="cltPageLink"/>
    <linkSource sourcePageID="73FB4C54-810C-4141-A333-8ECCBCD2413B" comID="CBD654C8-F94A-44B0-8B38-A06D4A24BCC6" comLinkType="cltPageLink"/>
    <linkSource sourcePageID="73FB4C54-810C-4141-A333-8ECCBCD2413B" comID="3CA568AB-D347-43D4-A959-0C0670CAA08E" comLinkType="cltPageLink"/>
    <linkSource sourcePageID="73FB4C54-810C-4141-A333-8ECCBCD2413B" comID="35994DD8-CB29-4D64-BBB2-8BB8BDD5D4BB" comLinkType="cltPageLink"/>
    <linkSource sourcePageID="73FB4C54-810C-4141-A333-8ECCBCD2413B" comID="92E2C1BB-6097-403F-A5E4-6AAD41E18714" comLinkType="cltPageLink"/>
    <linkSource sourcePageID="73FB4C54-810C-4141-A333-8ECCBCD2413B" comID="02FAE25C-7DD9-4C9B-BE93-3E3613FC9529" comLinkType="cltPageLink"/>
    <linkSource sourcePageID="73FB4C54-810C-4141-A333-8ECCBCD2413B" comID="9BF4D5B7-1896-49D8-A6AB-8EB5BACB2092" comLinkType="cltPageLink"/>
    <linkSource sourcePageID="73FB4C54-810C-4141-A333-8ECCBCD2413B" comID="380305A0-383F-45CB-97E2-DC3260B617DF" comLinkType="cltPageLink"/>
    <linkSource sourcePageID="9209D482-FE2C-4DBC-8682-E812CEAA6A29" comID="9887B036-4BB2-4906-8A4F-E2FCD16187AC" comLinkType="cltPageLink"/>
    <linkSource sourcePageID="D39D6033-7037-4FCE-8927-995E92C470E5" comID="9CB12ACF-4CDE-4921-8B39-59A47767816A" comLinkType="cltPageLink"/>
    <linkSource sourcePageID="965E5A14-30B6-4765-B880-434B11635CBA" comID="9E7204B4-A544-40C7-8CC1-3ED727BA41EC" comLinkType="cltPageLink"/>
    <linkSource sourcePageID="57578C3B-E606-4340-A956-5873A4CB6937" comID="DC2BB93C-61CC-42F6-AFBE-5B6FD19BA2D4" comLinkType="cltPageLink"/>
    <linkSource sourcePageID="B98F61ED-C26E-4DC1-B9E0-A1325F38DF38" comID="9776FC27-BC13-454F-9AC4-AF4EFFB50EEF" comLinkType="cltPageLink"/>
    <linkSource sourcePageID="B98F61ED-C26E-4DC1-B9E0-A1325F38DF38" comID="C0986BD6-88EB-452B-8336-8748D7399E42" comLinkType="cltPageLink"/>
    <linkSource sourcePageID="B3E6E2CA-74DA-4759-A7FE-8136A6A86183" comID="00244905-0005-4876-AA62-5C0CE2A0D0FE" comLinkType="cltPageLink"/>
    <linkSource sourcePageID="BC01943D-A847-4B6E-A2F2-D765F575E113" comID="3D6BFAE4-89D9-4A08-94A8-8EF9612A32D3" comLinkType="cltPageLink"/>
    <linkSource sourcePageID="27B8CB8C-4B3D-456A-A497-7356B08486D3" comID="D46BEC1F-0D94-4F76-979A-BCC6026481C3" comLinkType="cltPageLink"/>
    <linkSource sourcePageID="54497C11-AAB0-4455-A4EB-E5FECC2D2468" comID="EF092C02-DABC-4E8F-9ADE-9CBE5DD03B38" comLinkType="cltPageLink"/>
    <linkSource sourcePageID="6FAEF972-B1CF-4F8C-BE9C-8113BF3A0522" comID="B8823FB9-74BF-4B6D-902E-05F3F2961ABF" comLinkType="cltPageLink"/>
    <linkSource sourcePageID="F8A058C7-396D-4B31-80A7-088FD818762C" comID="C055E1DB-FD19-4ED5-96BB-5E8113AB1177" comLinkType="cltPageLink"/>
  </page>
  <page ID="02375CD3-929D-4618-992A-FF7AED0EA8F6">
    <linkSource sourcePageID="20B6D234-0E5D-438D-A7BF-666EC296F23C" comID="269351F2-9AA7-419B-BFED-CFB38FCE0F42" comLinkType="cltPageLink"/>
    <linkSource sourcePageID="20B6D234-0E5D-438D-A7BF-666EC296F23C" comID="C664BED9-CD9F-4EDA-8375-7DED36C96C83" comLinkType="cltPageLink"/>
  </page>
  <page ID="71FCB0C7-7F13-4ED1-8950-1720777B82DF">
    <linkSource sourcePageID="20B6D234-0E5D-438D-A7BF-666EC296F23C" comID="85EAF53C-DF57-4F73-9FAF-6ECBB325CFA6" comLinkType="cltPageLink"/>
    <linkSource sourcePageID="20B6D234-0E5D-438D-A7BF-666EC296F23C" comID="269351F2-9AA7-419B-BFED-CFB38FCE0F42" comLinkType="cltPageLink"/>
    <linkSource sourcePageID="20B6D234-0E5D-438D-A7BF-666EC296F23C" comID="21941E6B-5FE5-4FBD-94E9-5705029D8057" comLinkType="cltPageLink"/>
  </page>
  <page ID="90CDEC65-CA94-4AA9-B81E-DDBB80170386">
    <linkSource sourcePageID="20B6D234-0E5D-438D-A7BF-666EC296F23C" comID="269351F2-9AA7-419B-BFED-CFB38FCE0F42" comLinkType="cltPageLink"/>
    <linkSource sourcePageID="20B6D234-0E5D-438D-A7BF-666EC296F23C" comID="2B8EEC47-8CEC-4917-AD51-23F1CDFF5A4E" comLinkType="cltPageLink"/>
  </page>
  <page ID="9209D482-FE2C-4DBC-8682-E812CEAA6A29">
    <linkSource sourcePageID="20B6D234-0E5D-438D-A7BF-666EC296F23C" comID="7C5CAB52-CDC9-4FB5-BB59-7CFD18736A86" comLinkType="cltPageLink"/>
    <linkSource sourcePageID="20B6D234-0E5D-438D-A7BF-666EC296F23C" comID="59F5D64B-3891-49DE-835C-5E5486B7E2DA" comLinkType="cltPageLink"/>
    <linkSource sourcePageID="20B6D234-0E5D-438D-A7BF-666EC296F23C" comID="269351F2-9AA7-419B-BFED-CFB38FCE0F42" comLinkType="cltPageLink"/>
    <linkSource sourcePageID="20B6D234-0E5D-438D-A7BF-666EC296F23C" comID="07B88501-E282-4C40-8DBF-84A52846856F" comLinkType="cltPageLink"/>
    <linkSource sourcePageID="20B6D234-0E5D-438D-A7BF-666EC296F23C" comID="37243F4D-C2ED-4339-8033-B75B00724F53" comLinkType="cltPageLink"/>
    <linkSource sourcePageID="9209D482-FE2C-4DBC-8682-E812CEAA6A29" comID="7B7D249A-0358-4721-8529-E8E175BE37C8" comLinkType="cltPageLink"/>
    <linkSource sourcePageID="9209D482-FE2C-4DBC-8682-E812CEAA6A29" comID="99B93A57-1220-4F0C-BF04-3EF7C32EF606" comLinkType="cltPageLink"/>
    <linkSource sourcePageID="D39D6033-7037-4FCE-8927-995E92C470E5" comID="22ABB6E2-4219-4AB3-A21E-96BB3ABC0B3C" comLinkType="cltPageLink"/>
    <linkSource sourcePageID="D39D6033-7037-4FCE-8927-995E92C470E5" comID="83372D35-39EC-4E71-8725-7D2D52055F98" comLinkType="cltPageLink"/>
    <linkSource sourcePageID="B98F61ED-C26E-4DC1-B9E0-A1325F38DF38" comID="C0986BD6-88EB-452B-8336-8748D7399E42" comLinkType="cltPageLink"/>
    <linkSource sourcePageID="B98F61ED-C26E-4DC1-B9E0-A1325F38DF38" comID="9776FC27-BC13-454F-9AC4-AF4EFFB50EEF" comLinkType="cltPageLink"/>
  </page>
  <page ID="D39D6033-7037-4FCE-8927-995E92C470E5">
    <linkSource sourcePageID="9209D482-FE2C-4DBC-8682-E812CEAA6A29" comID="99B93A57-1220-4F0C-BF04-3EF7C32EF606" comLinkType="cltPageLink"/>
    <linkSource sourcePageID="9209D482-FE2C-4DBC-8682-E812CEAA6A29" comID="7B7D249A-0358-4721-8529-E8E175BE37C8" comLinkType="cltPageLink"/>
    <linkSource sourcePageID="B3E6E2CA-74DA-4759-A7FE-8136A6A86183" comID="B816D11C-5A05-4F1C-B928-1FDA5734D571" comLinkType="cltPageLink"/>
    <linkSource sourcePageID="B3E6E2CA-74DA-4759-A7FE-8136A6A86183" comID="4929FE0C-B300-46A6-9449-C3FAA51BF420" comLinkType="cltPageLink"/>
    <linkSource sourcePageID="B3E6E2CA-74DA-4759-A7FE-8136A6A86183" comID="BCFA5FF6-F3C4-44E0-A5D6-D3028F107415" comLinkType="cltPageLink"/>
    <linkSource sourcePageID="B3E6E2CA-74DA-4759-A7FE-8136A6A86183" comID="430DD5F0-F8E3-4F03-8A16-6C4B96463165" comLinkType="cltPageLink"/>
    <linkSource sourcePageID="BC01943D-A847-4B6E-A2F2-D765F575E113" comID="A692DC07-834A-4A98-A46A-5F0438B7C036" comLinkType="cltPageLink"/>
    <linkSource sourcePageID="BC01943D-A847-4B6E-A2F2-D765F575E113" comID="71114621-B9E3-41A5-BE29-09FDC9B991BA" comLinkType="cltPageLink"/>
    <linkSource sourcePageID="54497C11-AAB0-4455-A4EB-E5FECC2D2468" comID="87557CFC-DABA-44AB-9B51-4C62D81CD274" comLinkType="cltPageLink"/>
    <linkSource sourcePageID="54497C11-AAB0-4455-A4EB-E5FECC2D2468" comID="321E7AFF-7E34-4A4F-9C34-FD3610D6AB71" comLinkType="cltPageLink"/>
    <linkSource sourcePageID="6FAEF972-B1CF-4F8C-BE9C-8113BF3A0522" comID="0CF52B1C-5DEB-46D5-8426-A088520FFAF1" comLinkType="cltPageLink"/>
    <linkSource sourcePageID="6FAEF972-B1CF-4F8C-BE9C-8113BF3A0522" comID="B9AAB0BC-ECFD-4CAA-9232-A65D4906184F" comLinkType="cltPageLink"/>
    <linkSource sourcePageID="8E145EEF-FB21-4A85-B058-D2193794DB2D" comID="4E8D278A-9AF2-4AC1-AE4B-4663E116EA12" comLinkType="cltPageLink"/>
    <linkSource sourcePageID="8E145EEF-FB21-4A85-B058-D2193794DB2D" comID="7FC16FCF-2506-4098-B0DD-ABBCD2C5D0CA" comLinkType="cltPageLink"/>
    <linkSource sourcePageID="DC779F90-603E-46FE-BE29-B04647A1A0CC" comID="8D0F78B4-9B9C-4277-8D3D-6AD7C9CCA697" comLinkType="cltPageLink"/>
    <linkSource sourcePageID="DC779F90-603E-46FE-BE29-B04647A1A0CC" comID="669460D9-03FB-4471-BC5D-E1772F445FD3" comLinkType="cltPageLink"/>
  </page>
  <page ID="503D2E02-79FF-46FA-840E-703B43FE59CF">
    <linkSource sourcePageID="D39D6033-7037-4FCE-8927-995E92C470E5" comID="83372D35-39EC-4E71-8725-7D2D52055F98" comLinkType="cltPageLink"/>
    <linkSource sourcePageID="D39D6033-7037-4FCE-8927-995E92C470E5" comID="22ABB6E2-4219-4AB3-A21E-96BB3ABC0B3C" comLinkType="cltPageLink"/>
    <linkSource sourcePageID="57578C3B-E606-4340-A956-5873A4CB6937" comID="67A7F70A-9D87-417B-B0DB-C963F5D65EA0" comLinkType="cltPageLink"/>
    <linkSource sourcePageID="57578C3B-E606-4340-A956-5873A4CB6937" comID="E83E8982-DCF1-46C7-A994-0F8F0C6BBDE1" comLinkType="cltPageLink"/>
    <linkSource sourcePageID="CC915135-1AE8-45DB-80C2-744F0C0553AB" comID="933BEC55-5656-448C-ACC3-E586326DBDED" comLinkType="cltPageLink"/>
    <linkSource sourcePageID="CC915135-1AE8-45DB-80C2-744F0C0553AB" comID="1D66EE13-7EC2-416F-BE79-0A7A1D8F4ACB" comLinkType="cltPageLink"/>
  </page>
  <page ID="B3E6E2CA-74DA-4759-A7FE-8136A6A86183">
    <linkSource sourcePageID="503D2E02-79FF-46FA-840E-703B43FE59CF" comID="890300B5-4A84-4ABF-94FD-78C611D7087A" comLinkType="cltPageLink"/>
  </page>
  <page ID="BC01943D-A847-4B6E-A2F2-D765F575E113">
    <linkSource sourcePageID="B3E6E2CA-74DA-4759-A7FE-8136A6A86183" comID="430DD5F0-F8E3-4F03-8A16-6C4B96463165" comLinkType="cltPageLink"/>
    <linkSource sourcePageID="B3E6E2CA-74DA-4759-A7FE-8136A6A86183" comID="BCFA5FF6-F3C4-44E0-A5D6-D3028F107415" comLinkType="cltPageLink"/>
    <linkSource sourcePageID="54497C11-AAB0-4455-A4EB-E5FECC2D2468" comID="EF092C02-DABC-4E8F-9ADE-9CBE5DD03B38" comLinkType="cltPageLink"/>
    <linkSource sourcePageID="6FAEF972-B1CF-4F8C-BE9C-8113BF3A0522" comID="B9AAB0BC-ECFD-4CAA-9232-A65D4906184F" comLinkType="cltPageLink"/>
    <linkSource sourcePageID="6FAEF972-B1CF-4F8C-BE9C-8113BF3A0522" comID="0CF52B1C-5DEB-46D5-8426-A088520FFAF1" comLinkType="cltPageLink"/>
    <linkSource sourcePageID="4451B06B-3170-440A-A63A-9E2F339942A6" comID="CD2C731F-E0A1-4A57-B089-5F68309B9F40" comLinkType="cltPageLink"/>
    <linkSource sourcePageID="E45F7DD6-0ADA-40D2-A6EB-13AEB4B26021" comID="A6D98152-A0D7-42A0-BE44-96FA711A14E1" comLinkType="cltPageLink"/>
    <linkSource sourcePageID="4F1E5D3E-BCDF-4873-92CE-F08C2C7B368C" comID="9B0A5D92-2DA0-4A9E-B49E-3B1AFC164796" comLinkType="cltPageLink"/>
    <linkSource sourcePageID="8E145EEF-FB21-4A85-B058-D2193794DB2D" comID="0AB9DF56-D175-49B1-8FE6-794AA7DCC90C" comLinkType="cltPageLink"/>
    <linkSource sourcePageID="8E145EEF-FB21-4A85-B058-D2193794DB2D" comID="6747BCDA-7EFC-47B7-9B76-31ED99A56188" comLinkType="cltPageLink"/>
    <linkSource sourcePageID="DC779F90-603E-46FE-BE29-B04647A1A0CC" comID="54C58335-36B5-4B1A-8662-E919F9DCA240" comLinkType="cltPageLink"/>
    <linkSource sourcePageID="DC779F90-603E-46FE-BE29-B04647A1A0CC" comID="9AC481AF-4D3C-4460-ADCE-77C8F9498BF2" comLinkType="cltPageLink"/>
    <linkSource sourcePageID="38D86F0C-8766-4087-A9C2-DB54F1A998BB" comID="BFB503F1-94B0-4E1D-9B06-CE7F6E5DE801" comLinkType="cltPageLink"/>
  </page>
  <page ID="27B8CB8C-4B3D-456A-A497-7356B08486D3">
    <linkSource sourcePageID="BC01943D-A847-4B6E-A2F2-D765F575E113" comID="A692DC07-834A-4A98-A46A-5F0438B7C036" comLinkType="cltPageLink"/>
    <linkSource sourcePageID="BC01943D-A847-4B6E-A2F2-D765F575E113" comID="71114621-B9E3-41A5-BE29-09FDC9B991BA" comLinkType="cltPageLink"/>
  </page>
  <page ID="54497C11-AAB0-4455-A4EB-E5FECC2D2468">
    <linkSource sourcePageID="BC01943D-A847-4B6E-A2F2-D765F575E113" comID="58AA5F3A-AEA3-465A-8CCC-794344A36B36" comLinkType="cltPageLink"/>
    <linkSource sourcePageID="27B8CB8C-4B3D-456A-A497-7356B08486D3" comID="28940296-8CCB-4F3C-BFAF-CB12159442CD" comLinkType="cltPageLink"/>
    <linkSource sourcePageID="27B8CB8C-4B3D-456A-A497-7356B08486D3" comID="F90D7013-1EDD-4E15-965A-9E83FD9F63D3" comLinkType="cltPageLink"/>
    <linkSource sourcePageID="BC01943D-A847-4B6E-A2F2-D765F575E113" comID="83021F73-82D6-4ED1-BF1C-AF9A777CF18D" comLinkType="cltPageLink"/>
    <linkSource sourcePageID="4451B06B-3170-440A-A63A-9E2F339942A6" comID="85F8C330-071B-4EF3-AD63-9C0A1CBDCFAA" comLinkType="cltPageLink"/>
    <linkSource sourcePageID="E45F7DD6-0ADA-40D2-A6EB-13AEB4B26021" comID="EDA7721A-77C0-4F4F-8AC4-C8B4E2E15F16" comLinkType="cltPageLink"/>
    <linkSource sourcePageID="4F1E5D3E-BCDF-4873-92CE-F08C2C7B368C" comID="9B0A5D92-2DA0-4A9E-B49E-3B1AFC164796" comLinkType="cltPageLink"/>
    <linkSource sourcePageID="8E145EEF-FB21-4A85-B058-D2193794DB2D" comID="5C2E006E-B85A-4155-9199-6EB8F32C480C" comLinkType="cltPageLink"/>
  </page>
  <page ID="4451B06B-3170-440A-A63A-9E2F339942A6">
    <linkSource sourcePageID="BC01943D-A847-4B6E-A2F2-D765F575E113" comID="83021F73-82D6-4ED1-BF1C-AF9A777CF18D" comLinkType="cltPageLink"/>
    <linkSource sourcePageID="27B8CB8C-4B3D-456A-A497-7356B08486D3" comID="2D5FA63B-D978-41FE-A295-E7D15AACAED4" comLinkType="cltPageLink"/>
    <linkSource sourcePageID="27B8CB8C-4B3D-456A-A497-7356B08486D3" comID="1D72906F-FBA2-4C4B-8466-571BCF7C8FD9" comLinkType="cltPageLink"/>
    <linkSource sourcePageID="54497C11-AAB0-4455-A4EB-E5FECC2D2468" comID="00F1BCE1-268A-4AEF-AD6F-4D2652A61AF3" comLinkType="cltPageLink"/>
    <linkSource sourcePageID="4451B06B-3170-440A-A63A-9E2F339942A6" comID="3B9BAF2A-AAC8-482A-A02E-7CDED4D8CB03" comLinkType="cltPageLink"/>
    <linkSource sourcePageID="BC01943D-A847-4B6E-A2F2-D765F575E113" comID="58AA5F3A-AEA3-465A-8CCC-794344A36B36" comLinkType="cltPageLink"/>
    <linkSource sourcePageID="E45F7DD6-0ADA-40D2-A6EB-13AEB4B26021" comID="EDA7721A-77C0-4F4F-8AC4-C8B4E2E15F16" comLinkType="cltPageLink"/>
  </page>
  <page ID="E45F7DD6-0ADA-40D2-A6EB-13AEB4B26021">
    <linkSource sourcePageID="BC01943D-A847-4B6E-A2F2-D765F575E113" comID="734AC087-EB29-4A38-8EFE-6688355F5E1E" comLinkType="cltPageLink"/>
    <linkSource sourcePageID="27B8CB8C-4B3D-456A-A497-7356B08486D3" comID="0FAAD141-8B0A-4E64-A5DD-FA073F2300DE" comLinkType="cltPageLink"/>
    <linkSource sourcePageID="27B8CB8C-4B3D-456A-A497-7356B08486D3" comID="8232B244-4495-49E0-98CD-386047343F64" comLinkType="cltPageLink"/>
    <linkSource sourcePageID="4451B06B-3170-440A-A63A-9E2F339942A6" comID="3B9BAF2A-AAC8-482A-A02E-7CDED4D8CB03" comLinkType="cltPageLink"/>
  </page>
  <page ID="4F1E5D3E-BCDF-4873-92CE-F08C2C7B368C">
    <linkSource sourcePageID="54497C11-AAB0-4455-A4EB-E5FECC2D2468" comID="321E7AFF-7E34-4A4F-9C34-FD3610D6AB71" comLinkType="cltPageLink"/>
    <linkSource sourcePageID="54497C11-AAB0-4455-A4EB-E5FECC2D2468" comID="87557CFC-DABA-44AB-9B51-4C62D81CD274" comLinkType="cltPageLink"/>
    <linkSource sourcePageID="4451B06B-3170-440A-A63A-9E2F339942A6" comID="FCABA2DA-D5C7-446F-9C92-47F4DA231CB1" comLinkType="cltPageLink"/>
    <linkSource sourcePageID="4451B06B-3170-440A-A63A-9E2F339942A6" comID="24B325FC-BD9F-452C-9FCF-77AF1D535105" comLinkType="cltPageLink"/>
    <linkSource sourcePageID="E45F7DD6-0ADA-40D2-A6EB-13AEB4B26021" comID="56430CD2-6CCF-42AB-8629-7F75765AD4D3" comLinkType="cltPageLink"/>
    <linkSource sourcePageID="E45F7DD6-0ADA-40D2-A6EB-13AEB4B26021" comID="89584F00-8F34-4B8C-B30C-C87A9C7A006A" comLinkType="cltPageLink"/>
    <linkSource sourcePageID="8E145EEF-FB21-4A85-B058-D2193794DB2D" comID="5C2E006E-B85A-4155-9199-6EB8F32C480C" comLinkType="cltPageLink"/>
    <linkSource sourcePageID="8E145EEF-FB21-4A85-B058-D2193794DB2D" comID="0AB9DF56-D175-49B1-8FE6-794AA7DCC90C" comLinkType="cltPageLink"/>
    <linkSource sourcePageID="8E145EEF-FB21-4A85-B058-D2193794DB2D" comID="6747BCDA-7EFC-47B7-9B76-31ED99A56188" comLinkType="cltPageLink"/>
    <linkSource sourcePageID="8E145EEF-FB21-4A85-B058-D2193794DB2D" comID="7FC16FCF-2506-4098-B0DD-ABBCD2C5D0CA" comLinkType="cltPageLink"/>
    <linkSource sourcePageID="8E145EEF-FB21-4A85-B058-D2193794DB2D" comID="4E8D278A-9AF2-4AC1-AE4B-4663E116EA12" comLinkType="cltPageLink"/>
    <linkSource sourcePageID="8E145EEF-FB21-4A85-B058-D2193794DB2D" comID="EB89A015-EFA2-4B28-BAE0-28BE428DB335" comLinkType="cltPageLink"/>
    <linkSource sourcePageID="8E145EEF-FB21-4A85-B058-D2193794DB2D" comID="19F963BA-45C5-4DDC-88A0-1EDBFCCFD5AE" comLinkType="cltPageLink"/>
    <linkSource sourcePageID="ACCE93BF-139F-4042-9794-48D8BF1233E7" comID="201FDA5F-AFD9-4449-8A5C-ED2487EE16E7" comLinkType="cltPageLink"/>
    <linkSource sourcePageID="ACCE93BF-139F-4042-9794-48D8BF1233E7" comID="531FF845-019D-4B32-B7D6-621122BD2790" comLinkType="cltPageLink"/>
    <linkSource sourcePageID="BD9FDC0D-4D1A-4614-BB8A-0CDA40231DC1" comID="52C7ACBE-8BA2-4FA1-B352-16345A559B77" comLinkType="cltPageLink"/>
  </page>
  <page ID="BD9FDC0D-4D1A-4614-BB8A-0CDA40231DC1">
    <linkSource sourcePageID="4F1E5D3E-BCDF-4873-92CE-F08C2C7B368C" comID="225D1F9B-9C7E-4C7F-BF67-3C5DA0D6D505" comLinkType="cltPageLink"/>
  </page>
  <page ID="ACCE93BF-139F-4042-9794-48D8BF1233E7">
    <linkSource sourcePageID="4F1E5D3E-BCDF-4873-92CE-F08C2C7B368C" comID="1680F141-80F4-481C-9AA6-F4F419277F66" comLinkType="cltPageLink"/>
  </page>
  <page ID="8E145EEF-FB21-4A85-B058-D2193794DB2D">
    <linkSource sourcePageID="4F1E5D3E-BCDF-4873-92CE-F08C2C7B368C" comID="25E69A53-9F3F-48CA-B2AA-6D07607AAF98" comLinkType="cltPageLink"/>
  </page>
  <page ID="DC779F90-603E-46FE-BE29-B04647A1A0CC">
    <linkSource sourcePageID="38D86F0C-8766-4087-A9C2-DB54F1A998BB" comID="BFB503F1-94B0-4E1D-9B06-CE7F6E5DE801" comLinkType="cltPageLink"/>
    <linkSource sourcePageID="F0385D0F-8245-4B13-8664-99260E62B8B1" comID="C4F5C333-93BF-4795-A516-3DDB202BFB64" comLinkType="cltPageLink"/>
  </page>
  <page ID="38D86F0C-8766-4087-A9C2-DB54F1A998BB">
    <linkSource sourcePageID="DC779F90-603E-46FE-BE29-B04647A1A0CC" comID="669460D9-03FB-4471-BC5D-E1772F445FD3" comLinkType="cltPageLink"/>
    <linkSource sourcePageID="DC779F90-603E-46FE-BE29-B04647A1A0CC" comID="8D0F78B4-9B9C-4277-8D3D-6AD7C9CCA697" comLinkType="cltPageLink"/>
    <linkSource sourcePageID="65776394-1150-4111-BDC0-16CA57CDC171" comID="CCA1C681-1552-4F5A-B13D-2979A9C70953" comLinkType="cltPageLink"/>
    <linkSource sourcePageID="65776394-1150-4111-BDC0-16CA57CDC171" comID="870B429F-47E8-4D95-9BF2-6C6B76D2CBFF" comLinkType="cltPageLink"/>
    <linkSource sourcePageID="F2ECE063-F5F6-470C-B9C3-D68C946381D3" comID="AA85D3A5-460F-40C6-B530-AE5818D295F8" comLinkType="cltPageLink"/>
    <linkSource sourcePageID="ACCE93BF-139F-4042-9794-48D8BF1233E7" comID="531FF845-019D-4B32-B7D6-621122BD2790" comLinkType="cltPageLink"/>
    <linkSource sourcePageID="ACCE93BF-139F-4042-9794-48D8BF1233E7" comID="201FDA5F-AFD9-4449-8A5C-ED2487EE16E7" comLinkType="cltPageLink"/>
  </page>
  <page ID="65776394-1150-4111-BDC0-16CA57CDC171">
    <linkSource sourcePageID="38D86F0C-8766-4087-A9C2-DB54F1A998BB" comID="85192E28-4450-4D81-8627-A49F34C39B8D" comLinkType="cltPageLink"/>
  </page>
  <page ID="F2ECE063-F5F6-470C-B9C3-D68C946381D3">
    <linkSource sourcePageID="38D86F0C-8766-4087-A9C2-DB54F1A998BB" comID="089953CB-4A88-41CF-A06F-2393B547B9FA" comLinkType="cltPageLink"/>
  </page>
  <page ID="F0385D0F-8245-4B13-8664-99260E62B8B1">
    <linkSource sourcePageID="DC779F90-603E-46FE-BE29-B04647A1A0CC" comID="9AC481AF-4D3C-4460-ADCE-77C8F9498BF2" comLinkType="cltPageLink"/>
    <linkSource sourcePageID="DC779F90-603E-46FE-BE29-B04647A1A0CC" comID="54C58335-36B5-4B1A-8662-E919F9DCA240" comLinkType="cltPageLink"/>
    <linkSource sourcePageID="38D86F0C-8766-4087-A9C2-DB54F1A998BB" comID="2341CF04-1FCE-4F42-9DF3-F5E7A369691E" comLinkType="cltPageLink"/>
    <linkSource sourcePageID="38D86F0C-8766-4087-A9C2-DB54F1A998BB" comID="E92FE2B4-BBFD-4353-97E5-9AC84E8D7AAC" comLinkType="cltPageLink"/>
    <linkSource sourcePageID="F0385D0F-8245-4B13-8664-99260E62B8B1" comID="50D7BC83-6EE3-47B4-BCC4-4B94849FA99D" comLinkType="cltPageLink"/>
    <linkSource sourcePageID="F0385D0F-8245-4B13-8664-99260E62B8B1" comID="BDAC9B6A-716A-4BFA-86B2-1F6E8F8A4B62" comLinkType="cltPageLink"/>
  </page>
  <page ID="06581BCB-A588-4D8A-A65C-1BCE1973495A">
    <linkSource sourcePageID="F0385D0F-8245-4B13-8664-99260E62B8B1" comID="50D7BC83-6EE3-47B4-BCC4-4B94849FA99D" comLinkType="cltPageLink"/>
    <linkSource sourcePageID="F0385D0F-8245-4B13-8664-99260E62B8B1" comID="BDAC9B6A-716A-4BFA-86B2-1F6E8F8A4B62" comLinkType="cltPageLink"/>
    <linkSource sourcePageID="06581BCB-A588-4D8A-A65C-1BCE1973495A" comID="A4E75957-0995-4ADC-B61B-C00E66CC0D3F" comLinkType="cltPageLink"/>
    <linkSource sourcePageID="06581BCB-A588-4D8A-A65C-1BCE1973495A" comID="C573953E-6345-4660-9819-7DDC017ACD06" comLinkType="cltPageLink"/>
    <linkSource sourcePageID="05198729-57AF-4A90-A91D-71D7D1715104" comID="F94F73E6-146D-4CD4-B355-906B2C5AC7B0" comLinkType="cltPageLink"/>
    <linkSource sourcePageID="05198729-57AF-4A90-A91D-71D7D1715104" comID="86A1A668-DD53-4D1A-BDB9-7A86CC7E4CD5" comLinkType="cltPageLink"/>
    <linkSource sourcePageID="0D7E6F1D-122F-422E-9851-2837054E4E29" comID="74851E42-FB2B-4425-ACEC-F8AFE907331B" comLinkType="cltPageLink"/>
    <linkSource sourcePageID="0D7E6F1D-122F-422E-9851-2837054E4E29" comID="E28F288F-B945-4AE3-B75A-2BF186DB7084" comLinkType="cltPageLink"/>
    <linkSource sourcePageID="984B9D22-F4C6-4802-AA7A-37EB1142DC75" comID="9C578BF3-8F55-4FFB-B42F-FC1C41586CA6" comLinkType="cltPageLink"/>
    <linkSource sourcePageID="984B9D22-F4C6-4802-AA7A-37EB1142DC75" comID="03BB5AAE-750F-45D5-B69E-F745D24DFF5B" comLinkType="cltPageLink"/>
  </page>
  <page ID="05198729-57AF-4A90-A91D-71D7D1715104">
    <linkSource sourcePageID="06581BCB-A588-4D8A-A65C-1BCE1973495A" comID="C573953E-6345-4660-9819-7DDC017ACD06" comLinkType="cltPageLink"/>
    <linkSource sourcePageID="06581BCB-A588-4D8A-A65C-1BCE1973495A" comID="A4E75957-0995-4ADC-B61B-C00E66CC0D3F" comLinkType="cltPageLink"/>
    <linkSource sourcePageID="05198729-57AF-4A90-A91D-71D7D1715104" comID="F94F73E6-146D-4CD4-B355-906B2C5AC7B0" comLinkType="cltPageLink"/>
    <linkSource sourcePageID="05198729-57AF-4A90-A91D-71D7D1715104" comID="86A1A668-DD53-4D1A-BDB9-7A86CC7E4CD5" comLinkType="cltPageLink"/>
    <linkSource sourcePageID="A4B785DA-B712-415A-9649-31C78E61471A" comID="01925776-CBC5-4E5B-8521-1FE33CA151BC" comLinkType="cltPageLink"/>
    <linkSource sourcePageID="E196153A-5439-4E3F-B382-5529DA5BDB38" comID="2C11FD22-2330-415D-9427-033EC2B74D5D" comLinkType="cltPageLink"/>
    <linkSource sourcePageID="E196153A-5439-4E3F-B382-5529DA5BDB38" comID="C8B8A1C7-7279-426E-BED7-091BE56F6E22" comLinkType="cltPageLink"/>
    <linkSource sourcePageID="F2ECE063-F5F6-470C-B9C3-D68C946381D3" comID="AA85D3A5-460F-40C6-B530-AE5818D295F8" comLinkType="cltPageLink"/>
    <linkSource sourcePageID="BD9FDC0D-4D1A-4614-BB8A-0CDA40231DC1" comID="52C7ACBE-8BA2-4FA1-B352-16345A559B77" comLinkType="cltPageLink"/>
  </page>
  <page ID="A4B785DA-B712-415A-9649-31C78E61471A">
    <linkSource sourcePageID="05198729-57AF-4A90-A91D-71D7D1715104" comID="92A239E3-7670-475C-AE98-56DF684151F8" comLinkType="cltPageLink"/>
  </page>
  <page ID="E196153A-5439-4E3F-B382-5529DA5BDB38">
    <linkSource sourcePageID="05198729-57AF-4A90-A91D-71D7D1715104" comID="482C34AE-D73B-4F97-9AE0-7DA0E86D0D32" comLinkType="cltPageLink"/>
  </page>
  <page ID="0D7E6F1D-122F-422E-9851-2837054E4E29">
    <linkSource sourcePageID="8E145EEF-FB21-4A85-B058-D2193794DB2D" comID="19F963BA-45C5-4DDC-88A0-1EDBFCCFD5AE" comLinkType="cltPageLink"/>
    <linkSource sourcePageID="8E145EEF-FB21-4A85-B058-D2193794DB2D" comID="EB89A015-EFA2-4B28-BAE0-28BE428DB335" comLinkType="cltPageLink"/>
    <linkSource sourcePageID="06581BCB-A588-4D8A-A65C-1BCE1973495A" comID="55BD2E0B-C58B-4250-B0F1-E3FD25E4523A" comLinkType="cltPageLink"/>
    <linkSource sourcePageID="05198729-57AF-4A90-A91D-71D7D1715104" comID="A4AC9C46-17B9-40ED-9A3F-C09BBB96F9E1" comLinkType="cltPageLink"/>
    <linkSource sourcePageID="984B9D22-F4C6-4802-AA7A-37EB1142DC75" comID="A5D2F028-74C4-48A8-9A50-A835545A4E16" comLinkType="cltPageLink"/>
    <linkSource sourcePageID="984B9D22-F4C6-4802-AA7A-37EB1142DC75" comID="03BB5AAE-750F-45D5-B69E-F745D24DFF5B" comLinkType="cltPageLink"/>
    <linkSource sourcePageID="984B9D22-F4C6-4802-AA7A-37EB1142DC75" comID="9C578BF3-8F55-4FFB-B42F-FC1C41586CA6" comLinkType="cltPageLink"/>
    <linkSource sourcePageID="ED2112D4-10D8-4AE8-804C-7E7AC046C109" comID="6119E04D-B408-4B05-9D2C-E0D77FB03F6F" comLinkType="cltPageLink"/>
    <linkSource sourcePageID="1C5D9095-2277-40A9-8DC5-622B35AC78F0" comID="023050AB-D978-4361-8FF3-7C208539D7C8" comLinkType="cltPageLink"/>
    <linkSource sourcePageID="AD26B253-37C8-42FF-9A3B-AC9999C3AA91" comID="3FC95F1D-8ED6-4874-9BEB-0768756A7BAA" comLinkType="cltPageLink"/>
    <linkSource sourcePageID="3334A463-49B4-4544-A4B7-9A5EFFB42CA4" comID="9A32274D-40F5-464A-8773-65A962BD71EE" comLinkType="cltPageLink"/>
    <linkSource sourcePageID="12237251-827C-4331-BB2C-52A49E34B2A0" comID="3398123C-FD62-47BF-8588-0281B645EC9B" comLinkType="cltPageLink"/>
    <linkSource sourcePageID="3D17430B-1C1B-40A4-8F04-4763E6E5177A" comID="7C8EE3A2-9FBD-4534-B4F1-C3D2434837C7" comLinkType="cltPageLink"/>
    <linkSource sourcePageID="5C54F25D-3705-4881-B56F-A3418774F9B4" comID="C274E21D-079F-4C5D-86CD-FE09C3B04D9B" comLinkType="cltPageLink"/>
    <linkSource sourcePageID="612D648F-5A2D-4CC4-B51D-745546A5FD8E" comID="E5844E28-7D28-4A2A-88C3-2F241EE17AB3" comLinkType="cltPageLink"/>
    <linkSource sourcePageID="3B4AF1F7-D679-44BC-A75A-6D5FEA1EF344" comID="BF5DE7E6-C41B-4B50-A051-280C0BABCB75" comLinkType="cltPageLink"/>
  </page>
  <page ID="984B9D22-F4C6-4802-AA7A-37EB1142DC75">
    <linkSource sourcePageID="0D7E6F1D-122F-422E-9851-2837054E4E29" comID="D5C00F29-02DB-40CD-8C32-5D23F3A96E06" comLinkType="cltPageLink"/>
  </page>
  <page ID="3D17430B-1C1B-40A4-8F04-4763E6E5177A">
    <linkSource sourcePageID="0D7E6F1D-122F-422E-9851-2837054E4E29" comID="FC03B0F0-5B15-4B6B-AF0D-86CEF51EC95D" comLinkType="cltPageLink"/>
    <linkSource sourcePageID="0D7E6F1D-122F-422E-9851-2837054E4E29" comID="7A120204-F031-4858-9C0F-0CE8A508E085" comLinkType="cltPageLink"/>
  </page>
  <page ID="612D648F-5A2D-4CC4-B51D-745546A5FD8E">
    <linkSource sourcePageID="0D7E6F1D-122F-422E-9851-2837054E4E29" comID="A855F9AF-63B9-49EB-890E-F2A44A0B09B0" comLinkType="cltPageLink"/>
    <linkSource sourcePageID="0D7E6F1D-122F-422E-9851-2837054E4E29" comID="9D4C8837-5D8B-4BE4-A843-6138986E6972" comLinkType="cltPageLink"/>
  </page>
  <page ID="5C54F25D-3705-4881-B56F-A3418774F9B4">
    <linkSource sourcePageID="0D7E6F1D-122F-422E-9851-2837054E4E29" comID="04A26416-7EEC-4739-9397-60982C75CA29" comLinkType="cltPageLink"/>
    <linkSource sourcePageID="0D7E6F1D-122F-422E-9851-2837054E4E29" comID="D74651E8-6D2A-4B22-B0CE-1BF3A160C295" comLinkType="cltPageLink"/>
  </page>
  <page ID="3B4AF1F7-D679-44BC-A75A-6D5FEA1EF344">
    <linkSource sourcePageID="0D7E6F1D-122F-422E-9851-2837054E4E29" comID="C0560628-23D5-43E1-82E8-C87EB3318896" comLinkType="cltPageLink"/>
    <linkSource sourcePageID="0D7E6F1D-122F-422E-9851-2837054E4E29" comID="AC279786-994D-4CD1-BC2E-751B5B145CF7" comLinkType="cltPageLink"/>
  </page>
  <page ID="F8A058C7-396D-4B31-80A7-088FD818762C">
    <linkSource sourcePageID="CC915135-1AE8-45DB-80C2-744F0C0553AB" comID="CF0DCD20-677A-45C0-8DEC-A69CABCDBFCF" comLinkType="cltPageLink"/>
  </page>
  <page ID="ABA96DB2-8F93-4ADC-A8D6-6D21573B683E">
    <linkSource sourcePageID="3D7AF8E0-878E-4526-A497-460591ACE31F" comID="30629B13-B836-4FED-986A-2DBCC7296919" comLinkType="cltPageLink"/>
    <linkSource sourcePageID="2F04E090-CF63-456E-AFEC-7ABA182DF6AB" comID="858D925E-D620-4A57-9217-C8448020EBD3" comLinkType="cltPageLink"/>
    <linkSource sourcePageID="3D7AF8E0-878E-4526-A497-460591ACE31F" comID="FD9F3F07-0D2D-46F0-9B44-3C507860D92E" comLinkType="cltPageLink"/>
    <linkSource sourcePageID="ABB5E43D-0BBF-474B-843B-FA51E9ED2D0E" comID="8FBEDE5C-1FBD-4618-806C-0F4041C0892E" comLinkType="cltPageLink"/>
    <linkSource sourcePageID="779B0901-DAD5-4EF1-B484-35A75DF888C0" comID="0B3D8160-9F87-4AF9-86CD-9AFB9F1A1453" comLinkType="cltPageLink"/>
    <linkSource sourcePageID="57578C3B-E606-4340-A956-5873A4CB6937" comID="DC2BB93C-61CC-42F6-AFBE-5B6FD19BA2D4" comLinkType="cltPageLink"/>
  </page>
  <page ID="D10A97E8-8C39-4B93-B09E-56F4F087A314">
    <linkSource sourcePageID="ABB5E43D-0BBF-474B-843B-FA51E9ED2D0E" comID="8FBEDE5C-1FBD-4618-806C-0F4041C0892E" comLinkType="cltPageLink"/>
    <linkSource sourcePageID="ABB5E43D-0BBF-474B-843B-FA51E9ED2D0E" comID="8FDE9140-0ADA-4BF9-A145-8C333F056615" comLinkType="cltPageLink"/>
    <linkSource sourcePageID="ABA96DB2-8F93-4ADC-A8D6-6D21573B683E" comID="B0B6455E-F403-49FF-84C8-048192FDC5A6" comLinkType="cltPageLink"/>
    <linkSource sourcePageID="ABA96DB2-8F93-4ADC-A8D6-6D21573B683E" comID="CF3C0FB5-DA70-4063-A99D-CFB3944674A9" comLinkType="cltPageLink"/>
    <linkSource sourcePageID="423FA09E-AA0E-48CD-8264-B5583C5B9CA6" comID="AFD078BC-6EBF-492D-A9AD-3DDCDC85FCA8" comLinkType="cltPageLink"/>
    <linkSource sourcePageID="423FA09E-AA0E-48CD-8264-B5583C5B9CA6" comID="5C26D2E2-815F-4AE0-93AD-AD2CA713853B" comLinkType="cltPageLink"/>
    <linkSource sourcePageID="D10A97E8-8C39-4B93-B09E-56F4F087A314" comID="B908632E-F506-4BD0-9AF8-9D361F9B390E" comLinkType="cltPageLink"/>
    <linkSource sourcePageID="D10A97E8-8C39-4B93-B09E-56F4F087A314" comID="E9BAE5B7-6102-403B-95C2-C56785248A45" comLinkType="cltPageLink"/>
    <linkSource sourcePageID="F8CBAA8C-200A-4580-A2F6-0F175F360D55" comID="1E39DE65-51B8-4A91-8B49-4D7422E63BCF" comLinkType="cltPageLink"/>
    <linkSource sourcePageID="F8CBAA8C-200A-4580-A2F6-0F175F360D55" comID="AAA40C8A-D2E7-4829-BEDC-DFFE269BC05F" comLinkType="cltPageLink"/>
  </page>
  <page ID="F8CBAA8C-200A-4580-A2F6-0F175F360D55">
    <linkSource sourcePageID="D10A97E8-8C39-4B93-B09E-56F4F087A314" comID="B908632E-F506-4BD0-9AF8-9D361F9B390E" comLinkType="cltPageLink"/>
    <linkSource sourcePageID="D10A97E8-8C39-4B93-B09E-56F4F087A314" comID="E9BAE5B7-6102-403B-95C2-C56785248A45" comLinkType="cltPageLink"/>
    <linkSource sourcePageID="F8CBAA8C-200A-4580-A2F6-0F175F360D55" comID="1E39DE65-51B8-4A91-8B49-4D7422E63BCF" comLinkType="cltPageLink"/>
    <linkSource sourcePageID="17EF2275-5767-4265-A0E7-7882FBA1EC70" comID="EA166446-2DEC-4FC0-ABFA-2015DF027D75" comLinkType="cltPageLink"/>
    <linkSource sourcePageID="17EF2275-5767-4265-A0E7-7882FBA1EC70" comID="C03A3885-9E64-4A84-8863-F467ECDEA8B6" comLinkType="cltPageLink"/>
    <linkSource sourcePageID="70F63383-423F-4215-859D-B13DC4A05710" comID="BAD7FB41-8225-4066-9BAD-AEC7B312D9F2" comLinkType="cltPageLink"/>
    <linkSource sourcePageID="716CA741-08DD-42ED-A6FF-6DA6CCE46828" comID="47783840-5E6A-42B1-A32A-2D847FE894E1" comLinkType="cltPageLink"/>
    <linkSource sourcePageID="716CA741-08DD-42ED-A6FF-6DA6CCE46828" comID="E83E3C74-6378-4453-8286-EE3851FAD763" comLinkType="cltPageLink"/>
  </page>
  <page ID="17EF2275-5767-4265-A0E7-7882FBA1EC70">
    <linkSource sourcePageID="F8CBAA8C-200A-4580-A2F6-0F175F360D55" comID="AAA40C8A-D2E7-4829-BEDC-DFFE269BC05F" comLinkType="cltPageLink"/>
    <linkSource sourcePageID="17EF2275-5767-4265-A0E7-7882FBA1EC70" comID="3039C7D0-FFEB-4F09-85AD-3429967C3E71" comLinkType="cltPageLink"/>
    <linkSource sourcePageID="70F63383-423F-4215-859D-B13DC4A05710" comID="BAD7FB41-8225-4066-9BAD-AEC7B312D9F2" comLinkType="cltPageLink"/>
    <linkSource sourcePageID="4EF43E61-FC9C-4178-8C33-63B054592188" comID="21C27C58-B090-4283-AC2F-633D0646670C" comLinkType="cltPageLink"/>
    <linkSource sourcePageID="15D95C92-1A2D-4E08-BB86-3BF7EEEC31D6" comID="9063CE96-6031-45F2-B532-E145C1C91050" comLinkType="cltPageLink"/>
    <linkSource sourcePageID="6A72F0A7-5C62-4348-80F7-461988A6A2FA" comID="57D9A883-B9DD-4F6A-9707-70FD39FD81C3" comLinkType="cltPageLink"/>
    <linkSource sourcePageID="C05D8FA2-5962-442C-9C6D-C174888C7B7D" comID="E8355D40-7E18-47B7-97EB-20DAD92CF313" comLinkType="cltPageLink"/>
    <linkSource sourcePageID="F83BEE7D-B5E2-485E-B683-9ACEFAFAA9DD" comID="5A4DC85E-ED70-4C59-859A-5B70D7F12AE6" comLinkType="cltPageLink"/>
    <linkSource sourcePageID="449EE8F8-041E-487F-8435-6316201B3BF6" comID="4B7F8F25-87F1-4F06-A4BC-D192878A214A" comLinkType="cltPageLink"/>
    <linkSource sourcePageID="F8CBAA8C-200A-4580-A2F6-0F175F360D55" comID="1E39DE65-51B8-4A91-8B49-4D7422E63BCF" comLinkType="cltPageLink"/>
  </page>
  <page ID="70F63383-423F-4215-859D-B13DC4A05710">
    <linkSource sourcePageID="17EF2275-5767-4265-A0E7-7882FBA1EC70" comID="B95EA7AC-A356-454F-9FAD-E2BD3EA75CF0" comLinkType="cltPageLink"/>
    <linkSource sourcePageID="17EF2275-5767-4265-A0E7-7882FBA1EC70" comID="517AB9CF-94B4-4537-B5C2-0807FB86353C" comLinkType="cltPageLink"/>
    <linkSource sourcePageID="17EF2275-5767-4265-A0E7-7882FBA1EC70" comID="5D9D6B49-E917-4D82-A5C1-5F15BD3A33DC" comLinkType="cltPageLink"/>
  </page>
  <page ID="4EF43E61-FC9C-4178-8C33-63B054592188">
    <linkSource sourcePageID="17EF2275-5767-4265-A0E7-7882FBA1EC70" comID="023DB34E-CF05-4C2C-8E36-DDE40EB6C36F" comLinkType="cltPageLink"/>
    <linkSource sourcePageID="17EF2275-5767-4265-A0E7-7882FBA1EC70" comID="41F7DA32-DF58-4D92-A7F7-3B96A26810D2" comLinkType="cltPageLink"/>
    <linkSource sourcePageID="17EF2275-5767-4265-A0E7-7882FBA1EC70" comID="8E329D8F-4A74-4510-B8BF-D7D7D69E6E25" comLinkType="cltPageLink"/>
    <linkSource sourcePageID="17EF2275-5767-4265-A0E7-7882FBA1EC70" comID="78D02276-34B1-46B4-846D-7CF13527D4E9" comLinkType="cltPageLink"/>
    <linkSource sourcePageID="17EF2275-5767-4265-A0E7-7882FBA1EC70" comID="5D9D6B49-E917-4D82-A5C1-5F15BD3A33DC" comLinkType="cltPageLink"/>
  </page>
  <page ID="6A72F0A7-5C62-4348-80F7-461988A6A2FA">
    <linkSource sourcePageID="4EF43E61-FC9C-4178-8C33-63B054592188" comID="64E9C8A2-9476-41CE-BF48-3FECAB860F14" comLinkType="cltPageLink"/>
    <linkSource sourcePageID="4EF43E61-FC9C-4178-8C33-63B054592188" comID="A2E7BBE0-59B9-46C4-A98C-F21E587BED06" comLinkType="cltPageLink"/>
  </page>
  <page ID="15D95C92-1A2D-4E08-BB86-3BF7EEEC31D6">
    <linkSource sourcePageID="17EF2275-5767-4265-A0E7-7882FBA1EC70" comID="EC792F5D-BAA4-4E67-9BFA-8B41C4FB54B5" comLinkType="cltPageLink"/>
    <linkSource sourcePageID="17EF2275-5767-4265-A0E7-7882FBA1EC70" comID="94F3B995-292A-4457-B23D-9400C42400A7" comLinkType="cltPageLink"/>
    <linkSource sourcePageID="17EF2275-5767-4265-A0E7-7882FBA1EC70" comID="5D9D6B49-E917-4D82-A5C1-5F15BD3A33DC" comLinkType="cltPageLink"/>
  </page>
  <page ID="C05D8FA2-5962-442C-9C6D-C174888C7B7D">
    <linkSource sourcePageID="15D95C92-1A2D-4E08-BB86-3BF7EEEC31D6" comID="70373918-CA35-4962-BC46-F61B8B1ABD19" comLinkType="cltPageLink"/>
  </page>
  <page ID="D3EDD776-51DF-4453-B423-8720D7A82B1F">
    <linkSource sourcePageID="C05D8FA2-5962-442C-9C6D-C174888C7B7D" comID="86E6BF64-7D8C-4BBE-92EA-FE09BBE5C5AF" comLinkType="cltPageLink"/>
    <linkSource sourcePageID="6A72F0A7-5C62-4348-80F7-461988A6A2FA" comID="7B60EB48-CC50-4BAC-9AFD-AE61DAF08334" comLinkType="cltPageLink"/>
    <linkSource sourcePageID="F83BEE7D-B5E2-485E-B683-9ACEFAFAA9DD" comID="C1EE565F-C0FE-42A4-B0F1-7BEF869C21E3" comLinkType="cltPageLink"/>
    <linkSource sourcePageID="449EE8F8-041E-487F-8435-6316201B3BF6" comID="25E240F8-1592-456A-8A9C-73FACCE02B19" comLinkType="cltPageLink"/>
    <linkSource sourcePageID="449EE8F8-041E-487F-8435-6316201B3BF6" comID="4B7F8F25-87F1-4F06-A4BC-D192878A214A" comLinkType="cltPageLink"/>
    <linkSource sourcePageID="5A6AA4F9-2EC8-4C43-85F5-372667F41915" comID="FC0C2E77-D429-4CAC-8F88-7C4AEC19FB6D" comLinkType="cltPageLink"/>
    <linkSource sourcePageID="743D11A6-D500-4DCD-9923-89C5C0917E97" comID="EC3B7FDC-8382-475E-9AF9-A55BF47A1557" comLinkType="cltPageLink"/>
    <linkSource sourcePageID="2F04E090-CF63-456E-AFEC-7ABA182DF6AB" comID="858D925E-D620-4A57-9217-C8448020EBD3" comLinkType="cltPageLink"/>
    <linkSource sourcePageID="2F04E090-CF63-456E-AFEC-7ABA182DF6AB" comID="94AE7D05-61FE-4B90-8D65-0B48DFB23615" comLinkType="cltPageLink"/>
    <linkSource sourcePageID="2F04E090-CF63-456E-AFEC-7ABA182DF6AB" comID="EAE3E093-73C5-48F4-A604-10DE23170535" comLinkType="cltPageLink"/>
    <linkSource sourcePageID="2F04E090-CF63-456E-AFEC-7ABA182DF6AB" comID="E680289C-E66C-4FDF-989E-EEB0A9410A50" comLinkType="cltPageLink"/>
    <linkSource sourcePageID="6055F1D2-D59E-4FBE-B5C7-4BCCA45DAA4E" comID="E5BB0E4E-ADEE-4290-9E84-FEF156DA8E9C" comLinkType="cltPageLink"/>
    <linkSource sourcePageID="C05D8FA2-5962-442C-9C6D-C174888C7B7D" comID="47DB7143-BCDF-4008-A304-38C9410A8EDE" comLinkType="cltPageLink"/>
    <linkSource sourcePageID="6A72F0A7-5C62-4348-80F7-461988A6A2FA" comID="DB162B93-6A74-4119-A94F-5CCD5AB62909" comLinkType="cltPageLink"/>
    <linkSource sourcePageID="F83BEE7D-B5E2-485E-B683-9ACEFAFAA9DD" comID="1C492004-4A1C-492E-B875-F7E9746599F6" comLinkType="cltPageLink"/>
    <linkSource sourcePageID="ED2112D4-10D8-4AE8-804C-7E7AC046C109" comID="6119E04D-B408-4B05-9D2C-E0D77FB03F6F" comLinkType="cltPageLink"/>
    <linkSource sourcePageID="3334A463-49B4-4544-A4B7-9A5EFFB42CA4" comID="9A32274D-40F5-464A-8773-65A962BD71EE" comLinkType="cltPageLink"/>
    <linkSource sourcePageID="1C5D9095-2277-40A9-8DC5-622B35AC78F0" comID="023050AB-D978-4361-8FF3-7C208539D7C8" comLinkType="cltPageLink"/>
    <linkSource sourcePageID="AD26B253-37C8-42FF-9A3B-AC9999C3AA91" comID="3FC95F1D-8ED6-4874-9BEB-0768756A7BAA" comLinkType="cltPageLink"/>
  </page>
  <page ID="449EE8F8-041E-487F-8435-6316201B3BF6">
    <linkSource sourcePageID="D3EDD776-51DF-4453-B423-8720D7A82B1F" comID="3345EB8F-84AD-4D68-A9B6-F65BD535489F" comLinkType="cltPageLink"/>
    <linkSource sourcePageID="D3EDD776-51DF-4453-B423-8720D7A82B1F" comID="1FE4AF35-C54E-48BA-B713-2397DC709F26" comLinkType="cltPageLink"/>
    <linkSource sourcePageID="D3EDD776-51DF-4453-B423-8720D7A82B1F" comID="85F51137-7B7A-47A2-A401-72F6FD551042" comLinkType="cltPageLink"/>
    <linkSource sourcePageID="D3EDD776-51DF-4453-B423-8720D7A82B1F" comID="B5F770E0-8E02-45FE-BE96-C2A348651CD5" comLinkType="cltPageLink"/>
    <linkSource sourcePageID="21AB69A3-667C-4443-A58F-E5AFAE89F10C" comID="FB0D3EF6-059D-402F-BCE2-F48F4BAB3CBC" comLinkType="cltPageLink"/>
    <linkSource sourcePageID="21AB69A3-667C-4443-A58F-E5AFAE89F10C" comID="1C829F54-2904-4BAA-AF62-D05E5965EF50" comLinkType="cltPageLink"/>
    <linkSource sourcePageID="439E063B-9679-4C54-8BD3-9B751C92F49C" comID="988B9CB5-D4AF-4E06-AF61-DD9D57F4B969" comLinkType="cltPageLink"/>
    <linkSource sourcePageID="439E063B-9679-4C54-8BD3-9B751C92F49C" comID="583D326E-CC03-4B6A-9819-9F37C6FBF72B" comLinkType="cltPageLink"/>
    <linkSource sourcePageID="439E063B-9679-4C54-8BD3-9B751C92F49C" comID="4428D426-7978-450B-A645-8A17144233C0" comLinkType="cltPageLink"/>
    <linkSource sourcePageID="57E22A45-499A-4EF5-AB61-C2EAB9CF84C4" comID="81EAC365-EBF7-43A1-BC35-194005B2E18E" comLinkType="cltPageLink"/>
    <linkSource sourcePageID="57E22A45-499A-4EF5-AB61-C2EAB9CF84C4" comID="8970EA6A-795E-42AA-AF93-152E44C561CB" comLinkType="cltPageLink"/>
    <linkSource sourcePageID="CD474497-9FA3-4B1E-86E3-07F68BF125B2" comID="31223837-A484-4937-A626-4FFE5135FC21" comLinkType="cltPageLink"/>
    <linkSource sourcePageID="CD474497-9FA3-4B1E-86E3-07F68BF125B2" comID="CE66D2C9-CF58-4BFB-934A-4DF1F1C6F5FB" comLinkType="cltPageLink"/>
    <linkSource sourcePageID="CD474497-9FA3-4B1E-86E3-07F68BF125B2" comID="B02C789E-9C1E-4CEC-B108-62F7EEE1361B" comLinkType="cltPageLink"/>
    <linkSource sourcePageID="CD474497-9FA3-4B1E-86E3-07F68BF125B2" comID="35F9F469-4500-4AEB-A30D-2DB8B6E0E476" comLinkType="cltPageLink"/>
    <linkSource sourcePageID="8D81AB27-5E50-465D-AF89-0A48E1E8DBBD" comID="64A71C7B-D8FA-425E-AAB3-AADDACDC11E6" comLinkType="cltPageLink"/>
    <linkSource sourcePageID="8D81AB27-5E50-465D-AF89-0A48E1E8DBBD" comID="02C3046D-066B-4A56-A287-DAB849908233" comLinkType="cltPageLink"/>
    <linkSource sourcePageID="8D81AB27-5E50-465D-AF89-0A48E1E8DBBD" comID="1B2B5B37-8278-4586-B1FE-AB8B741F4682" comLinkType="cltPageLink"/>
    <linkSource sourcePageID="9524842A-4251-4972-8CC1-39F98B51C335" comID="FFBB93D8-D01C-4953-A0DB-1A103522D071" comLinkType="cltPageLink"/>
    <linkSource sourcePageID="D2429540-EAA6-49B1-B61C-2C49AA796BC6" comID="DC91F589-FA32-40C5-957C-8BAA14DDD532" comLinkType="cltPageLink"/>
    <linkSource sourcePageID="D2429540-EAA6-49B1-B61C-2C49AA796BC6" comID="F7E94DE6-ED2A-4841-8270-C1DA89D701A9" comLinkType="cltPageLink"/>
    <linkSource sourcePageID="D2429540-EAA6-49B1-B61C-2C49AA796BC6" comID="B4A79981-F6E6-4FB9-AFC8-2A517FC9B478" comLinkType="cltPageLink"/>
    <linkSource sourcePageID="743D11A6-D500-4DCD-9923-89C5C0917E97" comID="1D8518A0-AA36-4833-A169-6C0B985D76BD" comLinkType="cltPageLink"/>
    <linkSource sourcePageID="743D11A6-D500-4DCD-9923-89C5C0917E97" comID="265657F0-783B-46BA-B635-F360412AC08D" comLinkType="cltPageLink"/>
    <linkSource sourcePageID="57578C3B-E606-4340-A956-5873A4CB6937" comID="E83E8982-DCF1-46C7-A994-0F8F0C6BBDE1" comLinkType="cltPageLink"/>
    <linkSource sourcePageID="57578C3B-E606-4340-A956-5873A4CB6937" comID="67A7F70A-9D87-417B-B0DB-C963F5D65EA0" comLinkType="cltPageLink"/>
  </page>
  <page ID="ED2112D4-10D8-4AE8-804C-7E7AC046C109">
    <linkSource sourcePageID="D3EDD776-51DF-4453-B423-8720D7A82B1F" comID="077FD030-E636-4B48-8D14-0F6037D319FA" comLinkType="cltPageLink"/>
    <linkSource sourcePageID="0D7E6F1D-122F-422E-9851-2837054E4E29" comID="FC03B0F0-5B15-4B6B-AF0D-86CEF51EC95D" comLinkType="cltPageLink"/>
    <linkSource sourcePageID="0D7E6F1D-122F-422E-9851-2837054E4E29" comID="7A120204-F031-4858-9C0F-0CE8A508E085" comLinkType="cltPageLink"/>
  </page>
  <page ID="8D81AB27-5E50-465D-AF89-0A48E1E8DBBD">
    <linkSource sourcePageID="D3EDD776-51DF-4453-B423-8720D7A82B1F" comID="6BF1D743-BFCD-4532-B422-BFDC0275B19A" comLinkType="cltPageLink"/>
    <linkSource sourcePageID="6055F1D2-D59E-4FBE-B5C7-4BCCA45DAA4E" comID="8E092BCF-354B-4037-8EB9-E4823928A3C9" comLinkType="cltPageLink"/>
    <linkSource sourcePageID="6055F1D2-D59E-4FBE-B5C7-4BCCA45DAA4E" comID="10406AC8-E3A6-4B1D-9E76-DB2F06355CEF" comLinkType="cltPageLink"/>
    <linkSource sourcePageID="9524842A-4251-4972-8CC1-39F98B51C335" comID="FFBB93D8-D01C-4953-A0DB-1A103522D071" comLinkType="cltPageLink"/>
    <linkSource sourcePageID="D2429540-EAA6-49B1-B61C-2C49AA796BC6" comID="DC91F589-FA32-40C5-957C-8BAA14DDD532" comLinkType="cltPageLink"/>
    <linkSource sourcePageID="743D11A6-D500-4DCD-9923-89C5C0917E97" comID="601E0DD9-FE96-40EE-9770-8496DB73936D" comLinkType="cltPageLink"/>
  </page>
  <page ID="9524842A-4251-4972-8CC1-39F98B51C335">
    <linkSource sourcePageID="743D11A6-D500-4DCD-9923-89C5C0917E97" comID="B3DA5C6D-53DC-4A9D-AC95-B1FB9A2975D3" comLinkType="cltPageLink"/>
  </page>
  <page ID="743D11A6-D500-4DCD-9923-89C5C0917E97">
    <linkSource sourcePageID="965E5A14-30B6-4765-B880-434B11635CBA" comID="9E7204B4-A544-40C7-8CC1-3ED727BA41EC" comLinkType="cltPageLink"/>
    <linkSource sourcePageID="57578C3B-E606-4340-A956-5873A4CB6937" comID="67A7F70A-9D87-417B-B0DB-C963F5D65EA0" comLinkType="cltPageLink"/>
    <linkSource sourcePageID="57578C3B-E606-4340-A956-5873A4CB6937" comID="E83E8982-DCF1-46C7-A994-0F8F0C6BBDE1" comLinkType="cltPageLink"/>
  </page>
  <page ID="D2429540-EAA6-49B1-B61C-2C49AA796BC6">
    <linkSource sourcePageID="9524842A-4251-4972-8CC1-39F98B51C335" comID="FFBB93D8-D01C-4953-A0DB-1A103522D071" comLinkType="cltPageLink"/>
    <linkSource sourcePageID="8D81AB27-5E50-465D-AF89-0A48E1E8DBBD" comID="89833DE0-AC89-455A-B86B-21A5186B741F" comLinkType="cltPageLink"/>
  </page>
  <page ID="1C5D9095-2277-40A9-8DC5-622B35AC78F0">
    <linkSource sourcePageID="D3EDD776-51DF-4453-B423-8720D7A82B1F" comID="7EDB92CF-6B07-460E-81C9-1DD740AC5A16" comLinkType="cltPageLink"/>
    <linkSource sourcePageID="0D7E6F1D-122F-422E-9851-2837054E4E29" comID="04A26416-7EEC-4739-9397-60982C75CA29" comLinkType="cltPageLink"/>
    <linkSource sourcePageID="0D7E6F1D-122F-422E-9851-2837054E4E29" comID="D74651E8-6D2A-4B22-B0CE-1BF3A160C295" comLinkType="cltPageLink"/>
  </page>
  <page ID="AD26B253-37C8-42FF-9A3B-AC9999C3AA91">
    <linkSource sourcePageID="D3EDD776-51DF-4453-B423-8720D7A82B1F" comID="A356E88F-3354-4F9F-B113-52B2D79878EA" comLinkType="cltPageLink"/>
    <linkSource sourcePageID="0D7E6F1D-122F-422E-9851-2837054E4E29" comID="C0560628-23D5-43E1-82E8-C87EB3318896" comLinkType="cltPageLink"/>
    <linkSource sourcePageID="0D7E6F1D-122F-422E-9851-2837054E4E29" comID="AC279786-994D-4CD1-BC2E-751B5B145CF7" comLinkType="cltPageLink"/>
  </page>
  <page ID="3334A463-49B4-4544-A4B7-9A5EFFB42CA4">
    <linkSource sourcePageID="D3EDD776-51DF-4453-B423-8720D7A82B1F" comID="71A3EA8B-2FE5-4C95-A2A9-CB2BF1F62F22" comLinkType="cltPageLink"/>
    <linkSource sourcePageID="0D7E6F1D-122F-422E-9851-2837054E4E29" comID="A855F9AF-63B9-49EB-890E-F2A44A0B09B0" comLinkType="cltPageLink"/>
    <linkSource sourcePageID="0D7E6F1D-122F-422E-9851-2837054E4E29" comID="9D4C8837-5D8B-4BE4-A843-6138986E6972" comLinkType="cltPageLink"/>
  </page>
  <page ID="965E5A14-30B6-4765-B880-434B11635CBA">
    <linkSource sourcePageID="70F63383-423F-4215-859D-B13DC4A05710" comID="D940DE39-B6BC-442E-B6D7-21F78BF36B2A" comLinkType="cltPageLink"/>
    <linkSource sourcePageID="4EF43E61-FC9C-4178-8C33-63B054592188" comID="A2E7BBE0-59B9-46C4-A98C-F21E587BED06" comLinkType="cltPageLink"/>
    <linkSource sourcePageID="15D95C92-1A2D-4E08-BB86-3BF7EEEC31D6" comID="70373918-CA35-4962-BC46-F61B8B1ABD19" comLinkType="cltPageLink"/>
    <linkSource sourcePageID="6A72F0A7-5C62-4348-80F7-461988A6A2FA" comID="DB162B93-6A74-4119-A94F-5CCD5AB62909" comLinkType="cltPageLink"/>
    <linkSource sourcePageID="C05D8FA2-5962-442C-9C6D-C174888C7B7D" comID="47DB7143-BCDF-4008-A304-38C9410A8EDE" comLinkType="cltPageLink"/>
    <linkSource sourcePageID="F83BEE7D-B5E2-485E-B683-9ACEFAFAA9DD" comID="1C492004-4A1C-492E-B875-F7E9746599F6" comLinkType="cltPageLink"/>
    <linkSource sourcePageID="449EE8F8-041E-487F-8435-6316201B3BF6" comID="8148C317-88A7-42EB-8E07-A6A431F9B9A1" comLinkType="cltPageLink"/>
    <linkSource sourcePageID="743D11A6-D500-4DCD-9923-89C5C0917E97" comID="D6BC246B-454C-48E5-9D3C-6F3D6E94A13B" comLinkType="cltPageLink"/>
    <linkSource sourcePageID="D39D6033-7037-4FCE-8927-995E92C470E5" comID="A3966FD9-E199-467A-A593-7420EF5473CD" comLinkType="cltPageLink"/>
    <linkSource sourcePageID="D39D6033-7037-4FCE-8927-995E92C470E5" comID="669AD2E6-3DA3-4345-AD65-7380333C0D79" comLinkType="cltPageLink"/>
    <linkSource sourcePageID="57578C3B-E606-4340-A956-5873A4CB6937" comID="DC2BB93C-61CC-42F6-AFBE-5B6FD19BA2D4" comLinkType="cltPageLink"/>
    <linkSource sourcePageID="0D7E6F1D-122F-422E-9851-2837054E4E29" comID="2ADE18C3-12E1-4AD5-8507-863AA568012C" comLinkType="cltPageLink"/>
    <linkSource sourcePageID="0D7E6F1D-122F-422E-9851-2837054E4E29" comID="E30DA26D-6B1F-4270-8A12-A41F40A2A9CC" comLinkType="cltPageLink"/>
    <linkSource sourcePageID="CC915135-1AE8-45DB-80C2-744F0C0553AB" comID="CF0DCD20-677A-45C0-8DEC-A69CABCDBFCF" comLinkType="cltPageLink"/>
  </page>
  <page ID="57578C3B-E606-4340-A956-5873A4CB6937">
    <linkSource sourcePageID="965E5A14-30B6-4765-B880-434B11635CBA" comID="EA4AF049-0210-4DD8-9327-DA00AC4BD5B8" comLinkType="cltPageLink"/>
    <linkSource sourcePageID="965E5A14-30B6-4765-B880-434B11635CBA" comID="B27AA43B-FCA0-4C3C-A65E-319CCEAC610C" comLinkType="cltPageLink"/>
    <linkSource sourcePageID="965E5A14-30B6-4765-B880-434B11635CBA" comID="E8365DFD-6F91-44AD-9670-4AB3E6DB72CB" comLinkType="cltPageLink"/>
    <linkSource sourcePageID="965E5A14-30B6-4765-B880-434B11635CBA" comID="6D0FC5A2-37E5-4818-A983-53DD1B139F0C" comLinkType="cltPageLink"/>
    <linkSource sourcePageID="F8A058C7-396D-4B31-80A7-088FD818762C" comID="8E606586-0931-489E-88B6-8A847F2B5672" comLinkType="cltPageLink"/>
    <linkSource sourcePageID="F8A058C7-396D-4B31-80A7-088FD818762C" comID="07329DD0-17F2-47C4-A6F9-39D8DC805C6D" comLinkType="cltPageLink"/>
    <linkSource sourcePageID="F8A058C7-396D-4B31-80A7-088FD818762C" comID="EFA96EF5-3273-41F4-9067-85D3526A7105" comLinkType="cltPageLink"/>
    <linkSource sourcePageID="F8A058C7-396D-4B31-80A7-088FD818762C" comID="61F820B0-E67E-41E0-8DB1-0954C0B2406B" comLinkType="cltPageLink"/>
  </page>
  <page ID="21AB69A3-667C-4443-A58F-E5AFAE89F10C">
    <linkSource sourcePageID="449EE8F8-041E-487F-8435-6316201B3BF6" comID="0F1733FA-06A1-4654-B360-B5AC5695D0E9" comLinkType="cltPageLink"/>
    <linkSource sourcePageID="8D81AB27-5E50-465D-AF89-0A48E1E8DBBD" comID="7D1A26DC-C752-4908-BAC9-AC2F89B8BCD1" comLinkType="cltPageLink"/>
    <linkSource sourcePageID="8D81AB27-5E50-465D-AF89-0A48E1E8DBBD" comID="6DAF76C6-FB57-4132-A08F-0000EAB60193" comLinkType="cltPageLink"/>
    <linkSource sourcePageID="8D81AB27-5E50-465D-AF89-0A48E1E8DBBD" comID="38A3FEA7-8A67-49B3-8536-F7F641DA811A" comLinkType="cltPageLink"/>
    <linkSource sourcePageID="8D81AB27-5E50-465D-AF89-0A48E1E8DBBD" comID="D682B01D-13F7-437B-8775-69743AE4F14A" comLinkType="cltPageLink"/>
    <linkSource sourcePageID="8D81AB27-5E50-465D-AF89-0A48E1E8DBBD" comID="9AD8B5B9-1974-4898-BD8C-54A8E21E63F1" comLinkType="cltPageLink"/>
    <linkSource sourcePageID="8D81AB27-5E50-465D-AF89-0A48E1E8DBBD" comID="1B2FA2DF-51AD-400C-BED1-6DDA296D0BFE" comLinkType="cltPageLink"/>
    <linkSource sourcePageID="BC01943D-A847-4B6E-A2F2-D765F575E113" comID="A1EE22ED-9B7C-4719-B676-8917962D3581" comLinkType="cltPageLink"/>
    <linkSource sourcePageID="27B8CB8C-4B3D-456A-A497-7356B08486D3" comID="E40FB5FC-119B-4C03-BF1C-9332E5F9E80F" comLinkType="cltPageLink"/>
    <linkSource sourcePageID="27B8CB8C-4B3D-456A-A497-7356B08486D3" comID="1E1FA4D8-6D82-41AC-ADA2-6E0D116BDFF4" comLinkType="cltPageLink"/>
  </page>
  <page ID="439E063B-9679-4C54-8BD3-9B751C92F49C">
    <linkSource sourcePageID="21AB69A3-667C-4443-A58F-E5AFAE89F10C" comID="2115493D-AAD4-4FFB-BCCE-B0518E105007" comLinkType="cltPageLink"/>
    <linkSource sourcePageID="74A3909B-C74A-4DDD-A944-F6B3F9039ED7" comID="D55C67C9-69E1-46D0-A62A-692444F078DE" comLinkType="cltPageLink"/>
    <linkSource sourcePageID="74A3909B-C74A-4DDD-A944-F6B3F9039ED7" comID="2A8EF248-CF34-4125-BE96-60783CE0954C" comLinkType="cltPageLink"/>
    <linkSource sourcePageID="2BFA30F5-F512-4ACA-9A3F-C32978F2564A" comID="6E6AAF29-C05A-4801-81AD-3B3C5200A77E" comLinkType="cltPageLink"/>
  </page>
  <page ID="57E22A45-499A-4EF5-AB61-C2EAB9CF84C4">
    <linkSource sourcePageID="439E063B-9679-4C54-8BD3-9B751C92F49C" comID="BADF733A-0EFF-418B-B4E6-E0D0A52EBC13" comLinkType="cltPageLink"/>
  </page>
  <page ID="CD474497-9FA3-4B1E-86E3-07F68BF125B2">
    <linkSource sourcePageID="5A6AA4F9-2EC8-4C43-85F5-372667F41915" comID="BBF1807B-6A8B-4A39-AB3D-83D32195C572" comLinkType="cltPageLink"/>
    <linkSource sourcePageID="EF7254A9-B74E-4D01-AE23-7C1EBFBDB601" comID="D059586A-6A4F-420B-A04A-27AE887AC5FA" comLinkType="cltPageLink"/>
  </page>
  <page ID="5A6AA4F9-2EC8-4C43-85F5-372667F41915">
    <linkSource sourcePageID="CD474497-9FA3-4B1E-86E3-07F68BF125B2" comID="CE66D2C9-CF58-4BFB-934A-4DF1F1C6F5FB" comLinkType="cltPageLink"/>
    <linkSource sourcePageID="CD474497-9FA3-4B1E-86E3-07F68BF125B2" comID="31223837-A484-4937-A626-4FFE5135FC21" comLinkType="cltPageLink"/>
  </page>
  <page ID="EF7254A9-B74E-4D01-AE23-7C1EBFBDB601">
    <linkSource sourcePageID="CD474497-9FA3-4B1E-86E3-07F68BF125B2" comID="35F9F469-4500-4AEB-A30D-2DB8B6E0E476" comLinkType="cltPageLink"/>
    <linkSource sourcePageID="CD474497-9FA3-4B1E-86E3-07F68BF125B2" comID="B02C789E-9C1E-4CEC-B108-62F7EEE1361B" comLinkType="cltPageLink"/>
    <linkSource sourcePageID="5A6AA4F9-2EC8-4C43-85F5-372667F41915" comID="4690E07F-C50E-4BB7-BB9C-BFF69BC110B1" comLinkType="cltPageLink"/>
    <linkSource sourcePageID="5A6AA4F9-2EC8-4C43-85F5-372667F41915" comID="C4133005-31DF-4984-A072-8ABF87B8D0CC" comLinkType="cltPageLink"/>
    <linkSource sourcePageID="EF7254A9-B74E-4D01-AE23-7C1EBFBDB601" comID="759DFB2A-2F26-40B7-BA39-3F2BA6D951BE" comLinkType="cltPageLink"/>
    <linkSource sourcePageID="EF7254A9-B74E-4D01-AE23-7C1EBFBDB601" comID="DB99F54D-CDB3-49D3-868A-783A7AA04172" comLinkType="cltPageLink"/>
    <linkSource sourcePageID="E91BF8A6-380D-4067-B992-B84D0B106523" comID="C58BA645-19E5-4472-8F1D-4DC67C8871C1" comLinkType="cltPageLink"/>
    <linkSource sourcePageID="E91BF8A6-380D-4067-B992-B84D0B106523" comID="AE26B7B2-93D0-4220-8A39-0E3A718FFA0E" comLinkType="cltPageLink"/>
    <linkSource sourcePageID="3976FB06-A413-46CB-A4AA-C377762B9DDC" comID="F9049EA2-923E-4D5E-B57C-780F0E389AC0" comLinkType="cltPageLink"/>
  </page>
  <page ID="3976FB06-A413-46CB-A4AA-C377762B9DDC">
    <linkSource sourcePageID="EF7254A9-B74E-4D01-AE23-7C1EBFBDB601" comID="EDF10C77-5E4C-4734-A8D9-11E0FDC0A5B9" comLinkType="cltPageLink"/>
  </page>
  <page ID="F22D8DE3-E599-4095-8DCD-3A9CEAE8F31B">
    <linkSource sourcePageID="EF7254A9-B74E-4D01-AE23-7C1EBFBDB601" comID="0297CECB-F0C3-492F-831E-DD3B084B44BE" comLinkType="cltPageLink"/>
  </page>
  <page ID="E91BF8A6-380D-4067-B992-B84D0B106523">
    <linkSource sourcePageID="443D3019-BBAF-465A-B819-B59B2C550AB1" comID="B36B6468-E56D-42D8-BB1D-0324A830FD59" comLinkType="cltPageLink"/>
    <linkSource sourcePageID="1B71E5EC-3BCD-40A9-BA5E-A494C4C114A3" comID="1F28F36B-BC37-435D-8AC5-A1444C162A74" comLinkType="cltPageLink"/>
    <linkSource sourcePageID="1B71E5EC-3BCD-40A9-BA5E-A494C4C114A3" comID="85DA4BF7-5B6F-4769-86A8-986DA42DB704" comLinkType="cltPageLink"/>
    <linkSource sourcePageID="F22D8DE3-E599-4095-8DCD-3A9CEAE8F31B" comID="8DAFCD60-D46E-4FF7-93E9-904FF8981800" comLinkType="cltPageLink"/>
    <linkSource sourcePageID="F22D8DE3-E599-4095-8DCD-3A9CEAE8F31B" comID="25303CE0-01F1-4648-A6CC-D37A1F82E874" comLinkType="cltPageLink"/>
    <linkSource sourcePageID="74A3909B-C74A-4DDD-A944-F6B3F9039ED7" comID="2A8EF248-CF34-4125-BE96-60783CE0954C" comLinkType="cltPageLink"/>
    <linkSource sourcePageID="74A3909B-C74A-4DDD-A944-F6B3F9039ED7" comID="D55C67C9-69E1-46D0-A62A-692444F078DE" comLinkType="cltPageLink"/>
  </page>
  <page ID="CD0843C1-5902-4D4C-A571-8C3D6429301D">
    <linkSource sourcePageID="E91BF8A6-380D-4067-B992-B84D0B106523" comID="E1288C17-615F-431B-8EDA-4E54F7B66B96" comLinkType="cltPageLink"/>
  </page>
  <page ID="1B71E5EC-3BCD-40A9-BA5E-A494C4C114A3">
    <linkSource sourcePageID="E91BF8A6-380D-4067-B992-B84D0B106523" comID="DA142C24-13EA-43B0-81B5-9254B2BA5CB1" comLinkType="cltPageLink"/>
  </page>
  <page ID="443D3019-BBAF-465A-B819-B59B2C550AB1">
    <linkSource sourcePageID="E91BF8A6-380D-4067-B992-B84D0B106523" comID="AE26B7B2-93D0-4220-8A39-0E3A718FFA0E" comLinkType="cltPageLink"/>
    <linkSource sourcePageID="E91BF8A6-380D-4067-B992-B84D0B106523" comID="C58BA645-19E5-4472-8F1D-4DC67C8871C1" comLinkType="cltPageLink"/>
    <linkSource sourcePageID="443D3019-BBAF-465A-B819-B59B2C550AB1" comID="BEB429CC-B7F3-4164-B3C0-FCEE5D034619" comLinkType="cltPageLink"/>
    <linkSource sourcePageID="443D3019-BBAF-465A-B819-B59B2C550AB1" comID="CDA831D0-E1DA-47FF-A51F-1CA4B90D852E" comLinkType="cltPageLink"/>
    <linkSource sourcePageID="393A4450-747A-4A40-8EFA-05EB090EE53D" comID="31A2DB2A-D89E-4954-899F-F282BEB0B93C" comLinkType="cltPageLink"/>
    <linkSource sourcePageID="B4DB1E83-0CCF-484D-9486-E201F5BFCFB1" comID="3E12F00A-D079-429B-AC14-14E5E8654907" comLinkType="cltPageLink"/>
    <linkSource sourcePageID="B4DB1E83-0CCF-484D-9486-E201F5BFCFB1" comID="2055DB25-D392-4BF5-8870-A50AB278191F" comLinkType="cltPageLink"/>
  </page>
  <page ID="393A4450-747A-4A40-8EFA-05EB090EE53D">
    <linkSource sourcePageID="443D3019-BBAF-465A-B819-B59B2C550AB1" comID="A8028E47-45DA-4101-A414-D2A0C61C4E51" comLinkType="cltPageLink"/>
  </page>
  <page ID="B4DB1E83-0CCF-484D-9486-E201F5BFCFB1">
    <linkSource sourcePageID="443D3019-BBAF-465A-B819-B59B2C550AB1" comID="87D1E22F-3F40-4D79-8D8B-59EF74578399" comLinkType="cltPageLink"/>
  </page>
  <page ID="6055F1D2-D59E-4FBE-B5C7-4BCCA45DAA4E">
    <linkSource sourcePageID="443D3019-BBAF-465A-B819-B59B2C550AB1" comID="CDA831D0-E1DA-47FF-A51F-1CA4B90D852E" comLinkType="cltPageLink"/>
    <linkSource sourcePageID="443D3019-BBAF-465A-B819-B59B2C550AB1" comID="BEB429CC-B7F3-4164-B3C0-FCEE5D034619" comLinkType="cltPageLink"/>
    <linkSource sourcePageID="6055F1D2-D59E-4FBE-B5C7-4BCCA45DAA4E" comID="10406AC8-E3A6-4B1D-9E76-DB2F06355CEF" comLinkType="cltPageLink"/>
    <linkSource sourcePageID="6055F1D2-D59E-4FBE-B5C7-4BCCA45DAA4E" comID="8E092BCF-354B-4037-8EB9-E4823928A3C9" comLinkType="cltPageLink"/>
  </page>
  <page ID="424CE464-0175-4B63-BC4E-45935B8E8DA3">
    <linkSource sourcePageID="38D86F0C-8766-4087-A9C2-DB54F1A998BB" comID="089953CB-4A88-41CF-A06F-2393B547B9FA" comLinkType="cltPageLink"/>
    <linkSource sourcePageID="05198729-57AF-4A90-A91D-71D7D1715104" comID="92A239E3-7670-475C-AE98-56DF684151F8" comLinkType="cltPageLink"/>
    <linkSource sourcePageID="439E063B-9679-4C54-8BD3-9B751C92F49C" comID="FC9049EF-174D-4125-9691-579361A2714D" comLinkType="cltPageLink"/>
    <linkSource sourcePageID="EF7254A9-B74E-4D01-AE23-7C1EBFBDB601" comID="EDF10C77-5E4C-4734-A8D9-11E0FDC0A5B9" comLinkType="cltPageLink"/>
    <linkSource sourcePageID="E91BF8A6-380D-4067-B992-B84D0B106523" comID="E1288C17-615F-431B-8EDA-4E54F7B66B96" comLinkType="cltPageLink"/>
    <linkSource sourcePageID="443D3019-BBAF-465A-B819-B59B2C550AB1" comID="A8028E47-45DA-4101-A414-D2A0C61C4E51" comLinkType="cltPageLink"/>
    <linkSource sourcePageID="4F1E5D3E-BCDF-4873-92CE-F08C2C7B368C" comID="225D1F9B-9C7E-4C7F-BF67-3C5DA0D6D505" comLinkType="cltPageLink"/>
  </page>
  <page ID="BF04B59E-6124-4B64-B14B-1D30CA919AC5">
    <linkSource sourcePageID="38D86F0C-8766-4087-A9C2-DB54F1A998BB" comID="85192E28-4450-4D81-8627-A49F34C39B8D" comLinkType="cltPageLink"/>
    <linkSource sourcePageID="05198729-57AF-4A90-A91D-71D7D1715104" comID="482C34AE-D73B-4F97-9AE0-7DA0E86D0D32" comLinkType="cltPageLink"/>
    <linkSource sourcePageID="439E063B-9679-4C54-8BD3-9B751C92F49C" comID="A823D7B2-473C-412D-8F9D-67092E7D62E6" comLinkType="cltPageLink"/>
    <linkSource sourcePageID="EF7254A9-B74E-4D01-AE23-7C1EBFBDB601" comID="0297CECB-F0C3-492F-831E-DD3B084B44BE" comLinkType="cltPageLink"/>
    <linkSource sourcePageID="E91BF8A6-380D-4067-B992-B84D0B106523" comID="DA142C24-13EA-43B0-81B5-9254B2BA5CB1" comLinkType="cltPageLink"/>
    <linkSource sourcePageID="443D3019-BBAF-465A-B819-B59B2C550AB1" comID="87D1E22F-3F40-4D79-8D8B-59EF74578399" comLinkType="cltPageLink"/>
    <linkSource sourcePageID="4F1E5D3E-BCDF-4873-92CE-F08C2C7B368C" comID="1680F141-80F4-481C-9AA6-F4F419277F66" comLinkType="cltPageLink"/>
  </page>
</LinkSources>