﻿<mockup version="4.7" minAllowVersion="4.7" ID="3D17430B-1C1B-40A4-8F04-4763E6E5177A" platform="MtMobile" defaultW="360" defaultH="640" screenOrientation="MoPortrait" mobileScreenScale="1.77777779102325" measureW="360" measureH="640">
  <controls controlCount="20">
    <control controlID="E4C31DC5-5916-4DAB-BEF0-41B36F43EE37" controlTypeID="Shape" isShow="True" caption="Shape" x="0" y="19" w="360" h="45" measuredW="120" measuredH="100" zOrder="0" locked="False" sizeLocked="False">
      <controlProperties>
        <basic color="4294967040" borderVisible="True" borderColor="4294967295" isAutoSize="False" status="MsEnabled" opacity="1" isCommentCom="False" canMove="True" alias="" rotation="0"/>
        <states/>
        <verticalScrollbarShow>False</verticalScrollbarShow>
        <verticalScrollbarProgress>0</verticalScrollbarProgress>
        <horizontalScrollbarShow>False</horizontalScrollbarShow>
        <horizontalScrollbarProgress>0</horizontalScrollbarProgress>
        <links eventType="AtClick" animate="AmSlideRight" animateAutoDelay="0" animateDuration="500">
          <link targetPageID="" linkType="ltPageLink" isApplyIncludePage="False" title="Link">
            <area shape="0" alt="" ID="{D326AF34-4663-43FE-8785-877C99FEC789}" coords="(0,0,360,45)"/>
          </link>
        </links>
        <interactiveData>
          <entry title="">
            <area shape="0" alt="" ID="{834E773C-C744-4030-9219-8A34B14D82EF}" coords="(0,0,360,45)"/>
            <events title=""/>
          </entry>
        </interactiveData>
        <textSet textColor="4278190080" textSize="14" lineSpacingMultiple="1" textAlign="HaCenter" textVAlign="VaMiddle" textWordWrap="True" lineSpacing="17" textStyles="[]" useDefaultTextSize="True">
          <font family="Axure+Handwriting" displayName="AxureHandwriting" postScript="" weightStyle="AxureHandwriting" weight="400" isBold="False" isItalic="False"/>
        </textSet>
        <selectedIndex>-1</selectedIndex>
        <selectedColor>4282501083</selectedColor>
        <textPadding>0</textPadding>
        <shapeBorderType>SbRectangle</shapeBorderType>
        <triangleType>TdZero</triangleType>
        <dashMode>SdSolid</dashMode>
        <rectangleBorderLeftVisible>True</rectangleBorderLeftVisible>
        <rectangleBorderRightVisible>True</rectangleBorderRightVisible>
        <rectangleBorderTopVisible>True</rectangleBorderTopVisible>
        <rectangleBorderBottomVisible>True</rectangleBorderBottomVisible>
        <radius>0</radius>
        <radiusIsPercent>False</radiusIsPercent>
        <thickness>1</thickness>
      </controlProperties>
    </control>
    <control controlID="BD4A529B-9856-4572-B8CE-7EB57E21FD33" controlTypeID="StatusBar(Android)" isShow="True" caption="Android+Status+Bar" x="0" y="0" w="360" h="20" measuredW="342" measuredH="20" zOrder="1" locked="False" sizeLocked="False">
      <controlProperties>
        <basic color="4278190080" borderVisible="True" borderColor="4284900966" isAutoSize="False" status="MsEnabled" opacity="1" isCommentCom="False" canMove="True" alias="" rotation="0"/>
        <states/>
        <verticalScrollbarShow>False</verticalScrollbarShow>
        <verticalScrollbarProgress>0</verticalScrollbarProgress>
        <horizontalScrollbarShow>False</horizontalScrollbarShow>
        <horizontalScrollbarProgress>0</horizontalScrollbarProgress>
        <links eventType="AtClick" animate="AmPushDown" animateAutoDelay="0" animateDuration="500">
          <link targetPageID="" linkType="ltPageLink" isApplyIncludePage="False" title="Link">
            <area shape="0" alt="" ID="{B8797C47-7EB8-4EA9-B9D2-7515A6EC68D6}" coords="(0,0,360,20)"/>
          </link>
        </links>
        <interactiveData>
          <entry title="">
            <area shape="0" alt="" ID="{033B2C36-D216-4FA7-8AA7-841741AC18E1}" coords="(0,0,360,20)"/>
            <events title=""/>
          </entry>
        </interactiveData>
        <ForegroundColor>4294967295</ForegroundColor>
        <IsAutoTextColor>True</IsAutoTextColor>
      </controlProperties>
    </control>
    <control controlID="7C8EE3A2-9FBD-4534-B4F1-C3D2434837C7" controlTypeID="Icon" isShow="True" caption="Icon" x="20" y="30" w="24" h="24" measuredW="32" measuredH="32" zOrder="2" locked="False" sizeLocked="False">
      <controlProperties>
        <basic color="4278190080" borderVisible="True" borderColor="4284900966" isAutoSize="False" status="MsEnabled" opacity="1" isCommentCom="False" canMove="True" alias="" rotation="0"/>
        <states/>
        <verticalScrollbarShow>False</verticalScrollbarShow>
        <verticalScrollbarProgress>0</verticalScrollbarProgress>
        <horizontalScrollbarShow>False</horizontalScrollbarShow>
        <horizontalScrollbarProgress>0</horizontalScrollbarProgress>
        <links eventType="AtClick" animate="AmPushDown" animateAutoDelay="0" animateDuration="500">
          <link targetPageID="0D7E6F1D-122F-422E-9851-2837054E4E29" linkType="ltPageLink" isApplyIncludePage="False" title="HOME">
            <area shape="0" alt="" ID="{D54EC5ED-C0E6-4C0F-B24F-DF3E11829B1D}" coords="(0,0,24,24)"/>
          </link>
        </links>
        <interactiveData>
          <entry title="">
            <area shape="0" alt="" ID="{9B23C0EE-5797-42CE-A7CC-C4158513DF35}" coords="(0,0,24,24)"/>
            <events title=""/>
          </entry>
        </interactiveData>
        <rotationAngle>TdZero</rotationAngle>
        <icon>
          <ID/>
          <iconFontName>jdIonicons</iconFontName>
          <iconCode>62351</iconCode>
        </icon>
        <URL>00B95EF219967F400695DB20B0044ACF.svg</URL>
        <FlipHorizontal>False</FlipHorizontal>
        <FlipVertical>False</FlipVertical>
      </controlProperties>
    </control>
    <control controlID="330932A4-9C0E-4E42-A7A5-0DC5D41FB9B6" controlTypeID="Label" isShow="True" caption="Label" x="125" y="32" w="130" h="20" measuredW="0" measuredH="0" zOrder="3" locked="False" sizeLocked="False">
      <controlProperties>
        <basic color="0" borderVisible="True" borderColor="4284900966" isAutoSize="True" status="MsEnabled" opacity="1" isCommentCom="False" canMove="True" alias="" rotation="0"/>
        <states/>
        <verticalScrollbarShow>False</verticalScrollbarShow>
        <verticalScrollbarProgress>0</verticalScrollbarProgress>
        <horizontalScrollbarShow>False</horizontalScrollbarShow>
        <horizontalScrollbarProgress>0</horizontalScrollbarProgress>
        <links eventType="AtClick" animate="AmSlideLeft" animateAutoDelay="0" animateDuration="500">
          <link targetPageID="" linkType="ltPageLink" isApplyIncludePage="False" title="Link">
            <area shape="0" alt="" ID="{C90CF6C5-CCAB-460E-B24C-1C297581B8CF}" coords="(0,0,130,20)"/>
          </link>
        </links>
        <interactiveData>
          <entry title="">
            <area shape="0" alt="" ID="{B542D17F-CFD1-4118-B981-043F6B21D41B}" coords="(0,0,130,20)"/>
            <events title=""/>
          </entry>
        </interactiveData>
        <textSet textColor="4278190080" textSize="16" lineSpacingMultiple="1" textAlign="HaLeft" textVAlign="VaTop" textWordWrap="True" lineSpacing="19" textStyles="[fsBold]" useDefaultTextSize="False">
          <font family="Axure+Handwriting" displayName="AxureHandwriting-Bold" postScript="" weightStyle="AxureHandwriting-Bold" weight="700" isBold="True" isItalic="False"/>
          <text>NOTIFICATIONS</text>
        </textSet>
        <selectedIndex>-1</selectedIndex>
        <selectedColor>4282501083</selectedColor>
        <textPadding>0</textPadding>
      </controlProperties>
    </control>
    <control controlID="BFBF7EEF-2B3A-4900-945B-7E174EA9D516" controlTypeID="Line" isShow="True" caption="Line" x="67" y="132" w="283" h="1" measuredW="120" measuredH="120" zOrder="4" locked="False" sizeLocked="False">
      <controlProperties>
        <basic color="4284900966" borderVisible="True" borderColor="4284900966" isAutoSize="False" status="MsEnabled" opacity="1" isCommentCom="False" canMove="True" alias="" rotation="0"/>
        <states/>
        <verticalScrollbarShow>False</verticalScrollbarShow>
        <verticalScrollbarProgress>0</verticalScrollbarProgress>
        <horizontalScrollbarShow>False</horizontalScrollbarShow>
        <horizontalScrollbarProgress>0</horizontalScrollbarProgress>
        <links eventType="AtClick" animate="AmSlideLeft" animateAutoDelay="0" animateDuration="500">
          <link targetPageID="" linkType="ltPageLink" isApplyIncludePage="False" title="Link">
            <area shape="0" alt="" ID="{825A0A91-CE23-4691-99AE-6811AAF4B833}" coords="(0,0,283,1)"/>
          </link>
        </links>
        <interactiveData>
          <entry title="">
            <area shape="0" alt="" ID="{6491A577-E4EE-45E5-B45F-7F5401A05B60}" coords="(0,0,283,1)"/>
            <events title=""/>
          </entry>
        </interactiveData>
        <textSet textColor="4278190080" textSize="14" lineSpacingMultiple="1" textAlign="HaCenter" textVAlign="VaTop" textWordWrap="True" lineSpacing="17" textStyles="[]" useDefaultTextSize="True">
          <font family="Axure+Handwriting" displayName="AxureHandwriting" postScript="" weightStyle="AxureHandwriting" weight="400" isBold="False" isItalic="False"/>
        </textSet>
        <selectedIndex>-1</selectedIndex>
        <selectedColor>4282501083</selectedColor>
        <textPadding>0</textPadding>
        <controlPoint>(142,0)</controlPoint>
        <startPoint>(0,0)</startPoint>
        <endPoint>(283,0)</endPoint>
        <thickness>1</thickness>
        <dashMode>SdSolid</dashMode>
        <textBackgroundColor>4294967295</textBackgroundColor>
        <textBorderColor>4284900966</textBorderColor>
        <showStartArrow>0</showStartArrow>
        <showEndArrow>0</showEndArrow>
        <isCurved>True</isCurved>
        <isTextPosCenter>True</isTextPosCenter>
      </controlProperties>
    </control>
    <control controlID="822D6DD7-3068-43B7-8526-24787770B896" controlTypeID="Line" isShow="True" caption="Line" x="67" y="182" w="283" h="1" measuredW="120" measuredH="120" zOrder="5" locked="False" sizeLocked="False">
      <controlProperties>
        <basic color="4284900966" borderVisible="True" borderColor="4284900966" isAutoSize="False" status="MsEnabled" opacity="1" isCommentCom="False" canMove="True" alias="" rotation="0"/>
        <states/>
        <verticalScrollbarShow>False</verticalScrollbarShow>
        <verticalScrollbarProgress>0</verticalScrollbarProgress>
        <horizontalScrollbarShow>False</horizontalScrollbarShow>
        <horizontalScrollbarProgress>0</horizontalScrollbarProgress>
        <links eventType="AtClick" animate="AmSlideLeft" animateAutoDelay="0" animateDuration="500">
          <link targetPageID="" linkType="ltPageLink" isApplyIncludePage="False" title="Link">
            <area shape="0" alt="" ID="{825A0A91-CE23-4691-99AE-6811AAF4B833}" coords="(0,0,283,1)"/>
          </link>
        </links>
        <interactiveData>
          <entry title="">
            <area shape="0" alt="" ID="{6491A577-E4EE-45E5-B45F-7F5401A05B60}" coords="(0,0,283,1)"/>
            <events title=""/>
          </entry>
        </interactiveData>
        <textSet textColor="4278190080" textSize="14" lineSpacingMultiple="1" textAlign="HaCenter" textVAlign="VaTop" textWordWrap="True" lineSpacing="17" textStyles="[]" useDefaultTextSize="True">
          <font family="Axure+Handwriting" displayName="AxureHandwriting" postScript="" weightStyle="AxureHandwriting" weight="400" isBold="False" isItalic="False"/>
        </textSet>
        <selectedIndex>-1</selectedIndex>
        <selectedColor>4282501083</selectedColor>
        <textPadding>0</textPadding>
        <controlPoint>(142,0)</controlPoint>
        <startPoint>(0,0)</startPoint>
        <endPoint>(283,0)</endPoint>
        <thickness>1</thickness>
        <dashMode>SdSolid</dashMode>
        <textBackgroundColor>4294967295</textBackgroundColor>
        <textBorderColor>4284900966</textBorderColor>
        <showStartArrow>0</showStartArrow>
        <showEndArrow>0</showEndArrow>
        <isCurved>True</isCurved>
        <isTextPosCenter>True</isTextPosCenter>
      </controlProperties>
    </control>
    <control controlID="9E200E76-7659-4BAA-B7F9-24B8169E9EB2" controlTypeID="Line" isShow="True" caption="Line" x="66" y="227" w="283" h="1" measuredW="120" measuredH="120" zOrder="6" locked="False" sizeLocked="False">
      <controlProperties>
        <basic color="4284900966" borderVisible="True" borderColor="4284900966" isAutoSize="False" status="MsEnabled" opacity="1" isCommentCom="False" canMove="True" alias="" rotation="0"/>
        <states/>
        <verticalScrollbarShow>False</verticalScrollbarShow>
        <verticalScrollbarProgress>0</verticalScrollbarProgress>
        <horizontalScrollbarShow>False</horizontalScrollbarShow>
        <horizontalScrollbarProgress>0</horizontalScrollbarProgress>
        <links eventType="AtClick" animate="AmSlideLeft" animateAutoDelay="0" animateDuration="500">
          <link targetPageID="" linkType="ltPageLink" isApplyIncludePage="False" title="Link">
            <area shape="0" alt="" ID="{825A0A91-CE23-4691-99AE-6811AAF4B833}" coords="(0,0,283,1)"/>
          </link>
        </links>
        <interactiveData>
          <entry title="">
            <area shape="0" alt="" ID="{6491A577-E4EE-45E5-B45F-7F5401A05B60}" coords="(0,0,283,1)"/>
            <events title=""/>
          </entry>
        </interactiveData>
        <textSet textColor="4278190080" textSize="14" lineSpacingMultiple="1" textAlign="HaCenter" textVAlign="VaTop" textWordWrap="True" lineSpacing="17" textStyles="[]" useDefaultTextSize="True">
          <font family="Axure+Handwriting" displayName="AxureHandwriting" postScript="" weightStyle="AxureHandwriting" weight="400" isBold="False" isItalic="False"/>
        </textSet>
        <selectedIndex>-1</selectedIndex>
        <selectedColor>4282501083</selectedColor>
        <textPadding>0</textPadding>
        <controlPoint>(142,0)</controlPoint>
        <startPoint>(0,0)</startPoint>
        <endPoint>(283,0)</endPoint>
        <thickness>1</thickness>
        <dashMode>SdSolid</dashMode>
        <textBackgroundColor>4294967295</textBackgroundColor>
        <textBorderColor>4284900966</textBorderColor>
        <showStartArrow>0</showStartArrow>
        <showEndArrow>0</showEndArrow>
        <isCurved>True</isCurved>
        <isTextPosCenter>True</isTextPosCenter>
      </controlProperties>
    </control>
    <control controlID="58C883BA-0C6F-4C5D-87D2-8B0AA2CD3F6C" controlTypeID="Line" isShow="True" caption="Line" x="66" y="273" w="283" h="1" measuredW="120" measuredH="120" zOrder="7" locked="False" sizeLocked="False">
      <controlProperties>
        <basic color="4284900966" borderVisible="True" borderColor="4284900966" isAutoSize="False" status="MsEnabled" opacity="1" isCommentCom="False" canMove="True" alias="" rotation="0"/>
        <states/>
        <verticalScrollbarShow>False</verticalScrollbarShow>
        <verticalScrollbarProgress>0</verticalScrollbarProgress>
        <horizontalScrollbarShow>False</horizontalScrollbarShow>
        <horizontalScrollbarProgress>0</horizontalScrollbarProgress>
        <links eventType="AtClick" animate="AmSlideLeft" animateAutoDelay="0" animateDuration="500">
          <link targetPageID="" linkType="ltPageLink" isApplyIncludePage="False" title="Link">
            <area shape="0" alt="" ID="{825A0A91-CE23-4691-99AE-6811AAF4B833}" coords="(0,0,283,1)"/>
          </link>
        </links>
        <interactiveData>
          <entry title="">
            <area shape="0" alt="" ID="{6491A577-E4EE-45E5-B45F-7F5401A05B60}" coords="(0,0,283,1)"/>
            <events title=""/>
          </entry>
        </interactiveData>
        <textSet textColor="4278190080" textSize="14" lineSpacingMultiple="1" textAlign="HaCenter" textVAlign="VaTop" textWordWrap="True" lineSpacing="17" textStyles="[]" useDefaultTextSize="True">
          <font family="Axure+Handwriting" displayName="AxureHandwriting" postScript="" weightStyle="AxureHandwriting" weight="400" isBold="False" isItalic="False"/>
        </textSet>
        <selectedIndex>-1</selectedIndex>
        <selectedColor>4282501083</selectedColor>
        <textPadding>0</textPadding>
        <controlPoint>(142,0)</controlPoint>
        <startPoint>(0,0)</startPoint>
        <endPoint>(283,0)</endPoint>
        <thickness>1</thickness>
        <dashMode>SdSolid</dashMode>
        <textBackgroundColor>4294967295</textBackgroundColor>
        <textBorderColor>4284900966</textBorderColor>
        <showStartArrow>0</showStartArrow>
        <showEndArrow>0</showEndArrow>
        <isCurved>True</isCurved>
        <isTextPosCenter>True</isTextPosCenter>
      </controlProperties>
    </control>
    <control controlID="01DEE976-188F-47CF-B06B-75E151AD6B02" controlTypeID="Line" isShow="True" caption="Line" x="66" y="320" w="283" h="1" measuredW="120" measuredH="120" zOrder="8" locked="False" sizeLocked="False">
      <controlProperties>
        <basic color="4284900966" borderVisible="True" borderColor="4284900966" isAutoSize="False" status="MsEnabled" opacity="1" isCommentCom="False" canMove="True" alias="" rotation="0"/>
        <states/>
        <verticalScrollbarShow>False</verticalScrollbarShow>
        <verticalScrollbarProgress>0</verticalScrollbarProgress>
        <horizontalScrollbarShow>False</horizontalScrollbarShow>
        <horizontalScrollbarProgress>0</horizontalScrollbarProgress>
        <links eventType="AtClick" animate="AmSlideLeft" animateAutoDelay="0" animateDuration="500">
          <link targetPageID="" linkType="ltPageLink" isApplyIncludePage="False" title="Link">
            <area shape="0" alt="" ID="{825A0A91-CE23-4691-99AE-6811AAF4B833}" coords="(0,0,283,1)"/>
          </link>
        </links>
        <interactiveData>
          <entry title="">
            <area shape="0" alt="" ID="{6491A577-E4EE-45E5-B45F-7F5401A05B60}" coords="(0,0,283,1)"/>
            <events title=""/>
          </entry>
        </interactiveData>
        <textSet textColor="4278190080" textSize="14" lineSpacingMultiple="1" textAlign="HaCenter" textVAlign="VaTop" textWordWrap="True" lineSpacing="17" textStyles="[]" useDefaultTextSize="True">
          <font family="Axure+Handwriting" displayName="AxureHandwriting" postScript="" weightStyle="AxureHandwriting" weight="400" isBold="False" isItalic="False"/>
        </textSet>
        <selectedIndex>-1</selectedIndex>
        <selectedColor>4282501083</selectedColor>
        <textPadding>0</textPadding>
        <controlPoint>(142,0)</controlPoint>
        <startPoint>(0,0)</startPoint>
        <endPoint>(283,0)</endPoint>
        <thickness>1</thickness>
        <dashMode>SdSolid</dashMode>
        <textBackgroundColor>4294967295</textBackgroundColor>
        <textBorderColor>4284900966</textBorderColor>
        <showStartArrow>0</showStartArrow>
        <showEndArrow>0</showEndArrow>
        <isCurved>True</isCurved>
        <isTextPosCenter>True</isTextPosCenter>
      </controlProperties>
    </control>
    <control controlID="2CCB351C-07FE-45F3-9FED-20D1E1A6B066" controlTypeID="Line" isShow="True" caption="Line" x="66" y="365" w="283" h="1" measuredW="120" measuredH="120" zOrder="9" locked="False" sizeLocked="False">
      <controlProperties>
        <basic color="4284900966" borderVisible="True" borderColor="4284900966" isAutoSize="False" status="MsEnabled" opacity="1" isCommentCom="False" canMove="True" alias="" rotation="0"/>
        <states/>
        <verticalScrollbarShow>False</verticalScrollbarShow>
        <verticalScrollbarProgress>0</verticalScrollbarProgress>
        <horizontalScrollbarShow>False</horizontalScrollbarShow>
        <horizontalScrollbarProgress>0</horizontalScrollbarProgress>
        <links eventType="AtClick" animate="AmSlideLeft" animateAutoDelay="0" animateDuration="500">
          <link targetPageID="" linkType="ltPageLink" isApplyIncludePage="False" title="Link">
            <area shape="0" alt="" ID="{825A0A91-CE23-4691-99AE-6811AAF4B833}" coords="(0,0,283,1)"/>
          </link>
        </links>
        <interactiveData>
          <entry title="">
            <area shape="0" alt="" ID="{6491A577-E4EE-45E5-B45F-7F5401A05B60}" coords="(0,0,283,1)"/>
            <events title=""/>
          </entry>
        </interactiveData>
        <textSet textColor="4278190080" textSize="14" lineSpacingMultiple="1" textAlign="HaCenter" textVAlign="VaTop" textWordWrap="True" lineSpacing="17" textStyles="[]" useDefaultTextSize="True">
          <font family="Axure+Handwriting" displayName="AxureHandwriting" postScript="" weightStyle="AxureHandwriting" weight="400" isBold="False" isItalic="False"/>
        </textSet>
        <selectedIndex>-1</selectedIndex>
        <selectedColor>4282501083</selectedColor>
        <textPadding>0</textPadding>
        <controlPoint>(142,0)</controlPoint>
        <startPoint>(0,0)</startPoint>
        <endPoint>(283,0)</endPoint>
        <thickness>1</thickness>
        <dashMode>SdSolid</dashMode>
        <textBackgroundColor>4294967295</textBackgroundColor>
        <textBorderColor>4284900966</textBorderColor>
        <showStartArrow>0</showStartArrow>
        <showEndArrow>0</showEndArrow>
        <isCurved>True</isCurved>
        <isTextPosCenter>True</isTextPosCenter>
      </controlProperties>
    </control>
    <control controlID="72654783-E965-4EE5-8435-E783ED07E7E6" controlTypeID="Icon" isShow="True" caption="Icon" x="20" y="144" w="24" h="24" measuredW="32" measuredH="32" zOrder="10" locked="False" sizeLocked="False">
      <controlProperties>
        <basic color="4278190080" borderVisible="True" borderColor="4284900966" isAutoSize="False" status="MsEnabled" opacity="1" isCommentCom="False" canMove="True" alias="" rotation="0"/>
        <states/>
        <verticalScrollbarShow>False</verticalScrollbarShow>
        <verticalScrollbarProgress>0</verticalScrollbarProgress>
        <horizontalScrollbarShow>False</horizontalScrollbarShow>
        <horizontalScrollbarProgress>0</horizontalScrollbarProgress>
        <links eventType="AtClick" animate="AmSlideLeft" animateAutoDelay="0" animateDuration="500">
          <link targetPageID="" linkType="ltPageLink" isApplyIncludePage="False" title="Link">
            <area shape="0" alt="" ID="{F6696F3A-C519-495F-A75F-2651043B2D48}" coords="(0,0,24,24)"/>
          </link>
        </links>
        <interactiveData>
          <entry title="">
            <area shape="0" alt="" ID="{562F4D8F-3F0E-4801-B001-DD08395F6E53}" coords="(0,0,24,24)"/>
            <events title=""/>
          </entry>
        </interactiveData>
        <rotationAngle>TdZero</rotationAngle>
        <icon>
          <ID/>
          <iconFontName>jdIonicons</iconFontName>
          <iconCode>62162</iconCode>
        </icon>
        <URL>94E9452D20864CF3FBC79CD2C4E76723.svg</URL>
        <FlipHorizontal>False</FlipHorizontal>
        <FlipVertical>False</FlipVertical>
      </controlProperties>
    </control>
    <control controlID="3C11A4E5-B05B-41FC-9C41-A71DA62E9783" controlTypeID="Icon" isShow="True" caption="Icon" x="20" y="191" w="24" h="24" measuredW="32" measuredH="32" zOrder="11" locked="False" sizeLocked="False">
      <controlProperties>
        <basic color="4278190080" borderVisible="True" borderColor="4284900966" isAutoSize="False" status="MsEnabled" opacity="1" isCommentCom="False" canMove="True" alias="" rotation="0"/>
        <states/>
        <verticalScrollbarShow>False</verticalScrollbarShow>
        <verticalScrollbarProgress>0</verticalScrollbarProgress>
        <horizontalScrollbarShow>False</horizontalScrollbarShow>
        <horizontalScrollbarProgress>0</horizontalScrollbarProgress>
        <links eventType="AtClick" animate="AmSlideLeft" animateAutoDelay="0" animateDuration="500">
          <link targetPageID="" linkType="ltPageLink" isApplyIncludePage="False" title="Link">
            <area shape="0" alt="" ID="{E39BD020-B071-442B-8973-73FB4805E214}" coords="(0,0,24,24)"/>
          </link>
        </links>
        <interactiveData>
          <entry title="">
            <area shape="0" alt="" ID="{41BA2330-700C-4EE0-AA81-294C775FB95E}" coords="(0,0,24,24)"/>
            <events title=""/>
          </entry>
        </interactiveData>
        <rotationAngle>TdZero</rotationAngle>
        <icon>
          <ID/>
          <iconFontName>jdIonicons</iconFontName>
          <iconCode>62164</iconCode>
        </icon>
        <URL>6435FAA4924A62D32BF5E6A70174E146.svg</URL>
        <FlipHorizontal>False</FlipHorizontal>
        <FlipVertical>False</FlipVertical>
      </controlProperties>
    </control>
    <control controlID="CD5483FF-90CF-48D7-BE70-78C443F79896" controlTypeID="Icon" isShow="True" caption="Icon" x="20" y="239" w="24" h="24" measuredW="32" measuredH="32" zOrder="12" locked="False" sizeLocked="False">
      <controlProperties>
        <basic color="4278190080" borderVisible="True" borderColor="4284900966" isAutoSize="False" status="MsEnabled" opacity="1" isCommentCom="False" canMove="True" alias="" rotation="0"/>
        <states/>
        <verticalScrollbarShow>False</verticalScrollbarShow>
        <verticalScrollbarProgress>0</verticalScrollbarProgress>
        <horizontalScrollbarShow>False</horizontalScrollbarShow>
        <horizontalScrollbarProgress>0</horizontalScrollbarProgress>
        <links eventType="AtClick" animate="AmSlideLeft" animateAutoDelay="0" animateDuration="500">
          <link targetPageID="" linkType="ltPageLink" isApplyIncludePage="False" title="Link">
            <area shape="0" alt="" ID="{A92E5B2E-50D5-4188-94DA-54FF217EF008}" coords="(0,0,24,24)"/>
          </link>
        </links>
        <interactiveData>
          <entry title="">
            <area shape="0" alt="" ID="{FAEA7972-7217-4F3C-84BA-C16BD1EA2239}" coords="(0,0,24,24)"/>
            <events title=""/>
          </entry>
        </interactiveData>
        <rotationAngle>TdZero</rotationAngle>
        <icon>
          <ID/>
          <iconFontName>jdIonicons</iconFontName>
          <iconCode>61697</iconCode>
        </icon>
        <URL>ED3EFB5E9FC61A65FB9676EFF083DAFA.svg</URL>
        <FlipHorizontal>False</FlipHorizontal>
        <FlipVertical>False</FlipVertical>
      </controlProperties>
    </control>
    <control controlID="7E15588B-7E13-403D-8D5F-3420961565DC" controlTypeID="Icon" isShow="True" caption="Icon" x="20" y="330" w="24" h="24" measuredW="32" measuredH="32" zOrder="13" locked="False" sizeLocked="False">
      <controlProperties>
        <basic color="4278190080" borderVisible="True" borderColor="4284900966" isAutoSize="False" status="MsEnabled" opacity="1" isCommentCom="False" canMove="True" alias="" rotation="0"/>
        <states/>
        <verticalScrollbarShow>False</verticalScrollbarShow>
        <verticalScrollbarProgress>0</verticalScrollbarProgress>
        <horizontalScrollbarShow>False</horizontalScrollbarShow>
        <horizontalScrollbarProgress>0</horizontalScrollbarProgress>
        <links eventType="AtClick" animate="AmSlideLeft" animateAutoDelay="0" animateDuration="500">
          <link targetPageID="" linkType="ltPageLink" isApplyIncludePage="False" title="Link">
            <area shape="0" alt="" ID="{94FAD024-523E-4852-A99F-82557C329B68}" coords="(0,0,24,24)"/>
          </link>
        </links>
        <interactiveData>
          <entry title="">
            <area shape="0" alt="" ID="{35309820-B396-4A6F-8872-A079DB2E1E96}" coords="(0,0,24,24)"/>
            <events title=""/>
          </entry>
        </interactiveData>
        <rotationAngle>TdZero</rotationAngle>
        <icon>
          <ID/>
          <iconFontName>jdIonicons</iconFontName>
          <iconCode>62316</iconCode>
        </icon>
        <URL>99F3306433F452A04737307858F73970.svg</URL>
        <FlipHorizontal>False</FlipHorizontal>
        <FlipVertical>False</FlipVertical>
      </controlProperties>
    </control>
    <control controlID="C97ACCD1-515C-48A1-AFD6-43A128167D89" controlTypeID="Icon" isShow="True" caption="Icon" x="20" y="283" w="24" h="24" measuredW="32" measuredH="32" zOrder="14" locked="False" sizeLocked="False">
      <controlProperties>
        <basic color="4278190080" borderVisible="True" borderColor="4284900966" isAutoSize="False" status="MsEnabled" opacity="1" isCommentCom="False" canMove="True" alias="" rotation="0"/>
        <states/>
        <verticalScrollbarShow>False</verticalScrollbarShow>
        <verticalScrollbarProgress>0</verticalScrollbarProgress>
        <horizontalScrollbarShow>False</horizontalScrollbarShow>
        <horizontalScrollbarProgress>0</horizontalScrollbarProgress>
        <links eventType="AtClick" animate="AmSlideLeft" animateAutoDelay="0" animateDuration="500">
          <link targetPageID="" linkType="ltPageLink" isApplyIncludePage="False" title="Link">
            <area shape="0" alt="" ID="{4F513B53-8B3E-4A41-894D-B919DA1BE8BC}" coords="(0,0,24,24)"/>
          </link>
        </links>
        <interactiveData>
          <entry title="">
            <area shape="0" alt="" ID="{67FA18F8-3A11-445E-8271-42CC6B1D7685}" coords="(0,0,24,24)"/>
            <events title=""/>
          </entry>
        </interactiveData>
        <rotationAngle>TdZero</rotationAngle>
        <icon>
          <ID/>
          <iconFontName>jdIonicons</iconFontName>
          <iconCode>62324</iconCode>
        </icon>
        <URL>9779785199034A1B7742E552E44BA325.svg</URL>
        <FlipHorizontal>False</FlipHorizontal>
        <FlipVertical>False</FlipVertical>
      </controlProperties>
    </control>
    <control controlID="E6F4B5A4-2536-4A45-AB24-EB15005B072A" controlTypeID="Label" isShow="True" caption="Label" x="77" y="334" w="170" h="17" measuredW="0" measuredH="0" zOrder="15" locked="False" sizeLocked="False">
      <controlProperties>
        <basic color="0" borderVisible="True" borderColor="4284900966" isAutoSize="True" status="MsEnabled" opacity="1" isCommentCom="False" canMove="True" alias="" rotation="0"/>
        <states/>
        <verticalScrollbarShow>False</verticalScrollbarShow>
        <verticalScrollbarProgress>0</verticalScrollbarProgress>
        <horizontalScrollbarShow>False</horizontalScrollbarShow>
        <horizontalScrollbarProgress>0</horizontalScrollbarProgress>
        <links eventType="AtClick" animate="AmSlideLeft" animateAutoDelay="0" animateDuration="500">
          <link targetPageID="" linkType="ltPageLink" isApplyIncludePage="False" title="Link">
            <area shape="0" alt="" ID="{3FC99C03-B2C5-41CE-85B1-25979A8CDE5C}" coords="(0,0,170,17)"/>
          </link>
        </links>
        <interactiveData>
          <entry title="">
            <area shape="0" alt="" ID="{08B69853-28A2-4D17-8D0B-503F8871AA8A}" coords="(0,0,170,17)"/>
            <events title=""/>
          </entry>
        </interactiveData>
        <textSet textColor="4278190080" textSize="14" lineSpacingMultiple="1" textAlign="HaLeft" textVAlign="VaTop" textWordWrap="True" lineSpacing="17" textStyles="[]" useDefaultTextSize="True">
          <font family="Axure+Handwriting" displayName="AxureHandwriting" postScript="" weightStyle="AxureHandwriting" weight="400" isBold="False" isItalic="False"/>
          <text>HOWDY!+Welcome+to+Dlvr</text>
        </textSet>
        <selectedIndex>-1</selectedIndex>
        <selectedColor>4282501083</selectedColor>
        <textPadding>0</textPadding>
      </controlProperties>
    </control>
    <control controlID="6492F052-93E5-431F-A036-EE173CA7F21A" controlTypeID="Label" isShow="True" caption="Label" x="77" y="287" w="220" h="17" measuredW="0" measuredH="0" zOrder="16" locked="False" sizeLocked="False">
      <controlProperties>
        <basic color="0" borderVisible="True" borderColor="4284900966" isAutoSize="True" status="MsEnabled" opacity="1" isCommentCom="False" canMove="True" alias="" rotation="0"/>
        <states/>
        <verticalScrollbarShow>False</verticalScrollbarShow>
        <verticalScrollbarProgress>0</verticalScrollbarProgress>
        <horizontalScrollbarShow>False</horizontalScrollbarShow>
        <horizontalScrollbarProgress>0</horizontalScrollbarProgress>
        <links eventType="AtClick" animate="AmSlideLeft" animateAutoDelay="0" animateDuration="500">
          <link targetPageID="" linkType="ltPageLink" isApplyIncludePage="False" title="Link">
            <area shape="0" alt="" ID="{B83E7B23-0508-45B8-8554-E7DE39032D40}" coords="(0,0,220,17)"/>
          </link>
        </links>
        <interactiveData>
          <entry title="">
            <area shape="0" alt="" ID="{AB0DDBFB-91B9-424F-BB37-325D75E5B51D}" coords="(0,0,220,17)"/>
            <events title=""/>
          </entry>
        </interactiveData>
        <textSet textColor="4278190080" textSize="14" lineSpacingMultiple="1" textAlign="HaLeft" textVAlign="VaTop" textWordWrap="True" lineSpacing="17" textStyles="[]" useDefaultTextSize="True">
          <font family="Axure+Handwriting" displayName="AxureHandwriting" postScript="" weightStyle="AxureHandwriting" weight="400" isBold="False" isItalic="False"/>
          <text>Your+Payment+has+been+approved!</text>
        </textSet>
        <selectedIndex>-1</selectedIndex>
        <selectedColor>4282501083</selectedColor>
        <textPadding>0</textPadding>
      </controlProperties>
    </control>
    <control controlID="C8F7B6FC-D5BB-4963-8E53-A77549F3C822" controlTypeID="Label" isShow="True" caption="Label" x="77" y="239" w="205" h="17" measuredW="0" measuredH="0" zOrder="17" locked="False" sizeLocked="False">
      <controlProperties>
        <basic color="0" borderVisible="True" borderColor="4284900966" isAutoSize="True" status="MsEnabled" opacity="1" isCommentCom="False" canMove="True" alias="" rotation="0"/>
        <states/>
        <verticalScrollbarShow>False</verticalScrollbarShow>
        <verticalScrollbarProgress>0</verticalScrollbarProgress>
        <horizontalScrollbarShow>False</horizontalScrollbarShow>
        <horizontalScrollbarProgress>0</horizontalScrollbarProgress>
        <links eventType="AtClick" animate="AmSlideLeft" animateAutoDelay="0" animateDuration="500">
          <link targetPageID="" linkType="ltPageLink" isApplyIncludePage="False" title="Link">
            <area shape="0" alt="" ID="{B67C9A87-AB73-49CA-B498-44C58BF98072}" coords="(0,0,205,17)"/>
          </link>
        </links>
        <interactiveData>
          <entry title="">
            <area shape="0" alt="" ID="{1151582F-28FE-441F-97F9-46408099B7BA}" coords="(0,0,205,17)"/>
            <events title=""/>
          </entry>
        </interactiveData>
        <textSet textColor="4278190080" textSize="14" lineSpacingMultiple="1" textAlign="HaLeft" textVAlign="VaTop" textWordWrap="True" lineSpacing="17" textStyles="[]" useDefaultTextSize="True">
          <font family="Axure+Handwriting" displayName="AxureHandwriting" postScript="" weightStyle="AxureHandwriting" weight="400" isBold="False" isItalic="False"/>
          <text>You+are+yet+to+confirm+your+mail.</text>
        </textSet>
        <selectedIndex>-1</selectedIndex>
        <selectedColor>4282501083</selectedColor>
        <textPadding>0</textPadding>
      </controlProperties>
    </control>
    <control controlID="0B4AB03B-F6D7-45A8-84FF-20EAC0931D50" controlTypeID="Label" isShow="True" caption="Label" x="77" y="198" w="183" h="17" measuredW="0" measuredH="0" zOrder="18" locked="False" sizeLocked="False">
      <controlProperties>
        <basic color="0" borderVisible="True" borderColor="4284900966" isAutoSize="True" status="MsEnabled" opacity="1" isCommentCom="False" canMove="True" alias="" rotation="0"/>
        <states/>
        <verticalScrollbarShow>False</verticalScrollbarShow>
        <verticalScrollbarProgress>0</verticalScrollbarProgress>
        <horizontalScrollbarShow>False</horizontalScrollbarShow>
        <horizontalScrollbarProgress>0</horizontalScrollbarProgress>
        <links eventType="AtClick" animate="AmSlideLeft" animateAutoDelay="0" animateDuration="500">
          <link targetPageID="" linkType="ltPageLink" isApplyIncludePage="False" title="Link">
            <area shape="0" alt="" ID="{80992EEE-40AA-49A9-8BA5-A3B311A8A969}" coords="(0,0,183,17)"/>
          </link>
        </links>
        <interactiveData>
          <entry title="">
            <area shape="0" alt="" ID="{69D0A09A-0F32-4DC7-BF63-9F99C11B6751}" coords="(0,0,183,17)"/>
            <events title=""/>
          </entry>
        </interactiveData>
        <textSet textColor="4278190080" textSize="14" lineSpacingMultiple="1" textAlign="HaLeft" textVAlign="VaTop" textWordWrap="True" lineSpacing="17" textStyles="[]" useDefaultTextSize="True">
          <font family="Axure+Handwriting" displayName="AxureHandwriting" postScript="" weightStyle="AxureHandwriting" weight="400" isBold="False" isItalic="False"/>
          <text>You+just+got+a+new+message!</text>
        </textSet>
        <selectedIndex>-1</selectedIndex>
        <selectedColor>4282501083</selectedColor>
        <textPadding>0</textPadding>
      </controlProperties>
    </control>
    <control controlID="C8FD1281-21F8-49EE-A58F-2E224FE8692B" controlTypeID="Label" isShow="True" caption="Label" x="82" y="148" w="117" h="17" measuredW="0" measuredH="0" zOrder="19" locked="False" sizeLocked="False">
      <controlProperties>
        <basic color="0" borderVisible="True" borderColor="4284900966" isAutoSize="True" status="MsEnabled" opacity="1" isCommentCom="False" canMove="True" alias="" rotation="0"/>
        <states/>
        <verticalScrollbarShow>False</verticalScrollbarShow>
        <verticalScrollbarProgress>0</verticalScrollbarProgress>
        <horizontalScrollbarShow>False</horizontalScrollbarShow>
        <horizontalScrollbarProgress>0</horizontalScrollbarProgress>
        <links eventType="AtClick" animate="AmSlideLeft" animateAutoDelay="0" animateDuration="500">
          <link targetPageID="" linkType="ltPageLink" isApplyIncludePage="False" title="Link">
            <area shape="0" alt="" ID="{79D4E0EB-83E3-4B7C-943A-742352E1250C}" coords="(0,0,117,17)"/>
          </link>
        </links>
        <interactiveData>
          <entry title="">
            <area shape="0" alt="" ID="{F5730FBB-7101-4331-9F16-F130765412FD}" coords="(0,0,117,17)"/>
            <events title=""/>
          </entry>
        </interactiveData>
        <textSet textColor="4278190080" textSize="14" lineSpacingMultiple="1" textAlign="HaLeft" textVAlign="VaTop" textWordWrap="True" lineSpacing="17" textStyles="[]" useDefaultTextSize="True">
          <font family="Axure+Handwriting" displayName="AxureHandwriting" postScript="" weightStyle="AxureHandwriting" weight="400" isBold="False" isItalic="False"/>
          <text>You+missed+a+call!</text>
        </textSet>
        <selectedIndex>-1</selectedIndex>
        <selectedColor>4282501083</selectedColor>
        <textPadding>0</textPadding>
      </controlProperties>
    </control>
  </controls>
  <param>
    <backgroundColor>4294967295</backgroundColor>
    <fontSize>0</fontSize>
    <fontFamily>Axure+Handwriting</fontFamily>
    <guideLines/>
  </param>
</mockup>