﻿<mockup version="4.7" minAllowVersion="4.7" ID="3D7AF8E0-878E-4526-A497-460591ACE31F" platform="MtMobile" defaultW="360" defaultH="640" screenOrientation="MoPortrait" mobileScreenScale="1.77777779102325" measureW="360" measureH="640" clipArea="(0,0,0,0)">
  <controls controlCount="8">
    <control controlID="1192E97B-F378-474E-ADFD-67CFD03BA8F0" controlTypeID="StatusBar(Android)" isShow="True" caption="Android+Status+Bar" x="0" y="0" w="360" h="20" measuredW="342" measuredH="20" zOrder="0" locked="False" sizeLocked="False">
      <controlProperties>
        <basic color="4278190080" borderVisible="True" borderColor="4284900966" isAutoSize="False" status="MsEnabled" opacity="1" isCommentCom="False" canMove="True" alias="" rotation="0"/>
        <states/>
        <verticalScrollbarShow>False</verticalScrollbarShow>
        <verticalScrollbarProgress>0</verticalScrollbarProgress>
        <horizontalScrollbarShow>False</horizontalScrollbarShow>
        <horizontalScrollbarProgress>0</horizontalScrollbarProgress>
        <links eventType="AtClick" animate="AmSlideRight" animateAutoDelay="0" animateDuration="500">
          <link targetPageID="" linkType="ltPageLink" isApplyIncludePage="False" title="Link">
            <area shape="0" alt="" ID="{EA436A8B-A816-4CF3-B39D-D5FF8896FE56}" coords="(0,0,360,20)"/>
          </link>
        </links>
        <interactiveData>
          <entry title="">
            <area shape="0" alt="" ID="{FDE804D2-87F4-41C4-9E1B-7D50CD751D2B}" coords="(0,0,360,20)"/>
            <events title=""/>
          </entry>
        </interactiveData>
        <ForegroundColor>4294967295</ForegroundColor>
        <IsAutoTextColor>True</IsAutoTextColor>
      </controlProperties>
    </control>
    <control controlID="6B86E578-302A-4CB4-8EBA-17955686DBBB" controlTypeID="Shape" isShow="True" caption="Shape" x="0" y="20" w="360" h="620" measuredW="120" measuredH="100" zOrder="1" locked="False" sizeLocked="False">
      <controlProperties>
        <basic color="4294967040" borderVisible="True" borderColor="4284900966" isAutoSize="False" status="MsEnabled" opacity="1" isCommentCom="False" canMove="True" alias="" rotation="0"/>
        <states/>
        <verticalScrollbarShow>False</verticalScrollbarShow>
        <verticalScrollbarProgress>0</verticalScrollbarProgress>
        <horizontalScrollbarShow>False</horizontalScrollbarShow>
        <horizontalScrollbarProgress>0</horizontalScrollbarProgress>
        <links eventType="AtClick" animate="AmSlideRight" animateAutoDelay="0" animateDuration="500">
          <link targetPageID="" linkType="ltPageLink" isApplyIncludePage="False" title="Link">
            <area shape="0" alt="" ID="{875C07FE-9BA6-4264-98DA-1CBBC0390CC4}" coords="(0,0,360,620)"/>
          </link>
        </links>
        <interactiveData>
          <entry title="">
            <area shape="0" alt="" ID="{F6811B76-682E-4373-B399-125C9C5F3A90}" coords="(0,0,360,620)"/>
            <events title=""/>
          </entry>
        </interactiveData>
        <textSet textColor="4278190080" textSize="14" lineSpacingMultiple="1" textAlign="HaCenter" textVAlign="VaMiddle" textWordWrap="True" lineSpacing="17" textStyles="[]" useDefaultTextSize="True">
          <font family="Axure+Handwriting" displayName="AxureHandwriting" postScript="" weightStyle="AxureHandwriting" weight="400" isBold="False" isItalic="False"/>
        </textSet>
        <selectedIndex>-1</selectedIndex>
        <selectedColor>4282501083</selectedColor>
        <textPadding>0</textPadding>
        <shapeBorderType>SbRectangle</shapeBorderType>
        <triangleType>TdZero</triangleType>
        <dashMode>SdSolid</dashMode>
        <rectangleBorderLeftVisible>True</rectangleBorderLeftVisible>
        <rectangleBorderRightVisible>True</rectangleBorderRightVisible>
        <rectangleBorderTopVisible>True</rectangleBorderTopVisible>
        <rectangleBorderBottomVisible>True</rectangleBorderBottomVisible>
        <radius>0</radius>
        <radiusIsPercent>False</radiusIsPercent>
        <thickness>1</thickness>
      </controlProperties>
    </control>
    <control controlID="30629B13-B836-4FED-986A-2DBCC7296919" controlTypeID="Shape" isShow="True" caption="Shape" x="20" y="578" w="320" h="41" measuredW="120" measuredH="100" zOrder="2" locked="False" sizeLocked="False">
      <controlProperties>
        <basic color="4278190080" borderVisible="False" borderColor="4294967295" isAutoSize="False" status="MsEnabled" opacity="1" isCommentCom="False" canMove="True" alias="" rotation="0"/>
        <states/>
        <verticalScrollbarShow>False</verticalScrollbarShow>
        <verticalScrollbarProgress>0</verticalScrollbarProgress>
        <horizontalScrollbarShow>False</horizontalScrollbarShow>
        <horizontalScrollbarProgress>0</horizontalScrollbarProgress>
        <links eventType="AtClick" animate="AmSlideRight" animateAutoDelay="0" animateDuration="500">
          <link targetPageID="ABA96DB2-8F93-4ADC-A8D6-6D21573B683E" linkType="ltPageLink" isApplyIncludePage="False" title="Register+Dlvrer">
            <area shape="0" alt="" ID="{D0E8A168-7DC8-4E9E-9EAF-70B8B341DF56}" coords="(0,0,320,41)"/>
          </link>
        </links>
        <interactiveData>
          <entry title="">
            <area shape="0" alt="" ID="{427662BC-F6FE-4CBE-A59A-3D5361B82BDB}" coords="(0,0,320,41)"/>
            <events title=""/>
          </entry>
        </interactiveData>
        <textSet textColor="4278190080" textSize="16" lineSpacingMultiple="1" textAlign="HaCenter" textVAlign="VaMiddle" textWordWrap="True" lineSpacing="19" textStyles="[]" useDefaultTextSize="True">
          <font family="Axure+Handwriting" displayName="AxureHandwriting" postScript="" weightStyle="AxureHandwriting" weight="400" isBold="False" isItalic="False"/>
        </textSet>
        <selectedIndex>-1</selectedIndex>
        <selectedColor>4282501083</selectedColor>
        <textPadding>0</textPadding>
        <shapeBorderType>SbRectangle</shapeBorderType>
        <triangleType>TdZero</triangleType>
        <dashMode>SdSolid</dashMode>
        <rectangleBorderLeftVisible>True</rectangleBorderLeftVisible>
        <rectangleBorderRightVisible>True</rectangleBorderRightVisible>
        <rectangleBorderTopVisible>True</rectangleBorderTopVisible>
        <rectangleBorderBottomVisible>True</rectangleBorderBottomVisible>
        <radius>0</radius>
        <radiusIsPercent>False</radiusIsPercent>
        <thickness>1</thickness>
      </controlProperties>
    </control>
    <control controlID="FD9F3F07-0D2D-46F0-9B44-3C507860D92E" controlTypeID="Label" isShow="True" caption="Label" x="136" y="589" w="89" h="20" measuredW="0" measuredH="0" zOrder="3" locked="False" sizeLocked="False">
      <controlProperties>
        <basic color="0" borderVisible="True" borderColor="4284900966" isAutoSize="True" status="MsEnabled" opacity="1" isCommentCom="False" canMove="True" alias="" rotation="0"/>
        <states/>
        <verticalScrollbarShow>False</verticalScrollbarShow>
        <verticalScrollbarProgress>0</verticalScrollbarProgress>
        <horizontalScrollbarShow>False</horizontalScrollbarShow>
        <horizontalScrollbarProgress>0</horizontalScrollbarProgress>
        <links eventType="AtClick" animate="AmSlideRight" animateAutoDelay="0" animateDuration="500">
          <link targetPageID="ABA96DB2-8F93-4ADC-A8D6-6D21573B683E" linkType="ltPageLink" isApplyIncludePage="False" title="Register+Dlvrer">
            <area shape="0" alt="" ID="{5A974EB1-05B1-4563-AB16-82E2ED805AC8}" coords="(0,0,89,20)"/>
          </link>
        </links>
        <interactiveData>
          <entry title="">
            <area shape="0" alt="" ID="{8EBDBD8A-C317-4CE7-9BD9-0C711BF51F73}" coords="(0,0,89,20)"/>
            <events title=""/>
          </entry>
        </interactiveData>
        <textSet textColor="4294967295" textSize="16" lineSpacingMultiple="1" textAlign="HaLeft" textVAlign="VaTop" textWordWrap="True" lineSpacing="19" textStyles="[fsBold]" useDefaultTextSize="False">
          <font family="Axure+Handwriting" displayName="AxureHandwriting-Bold" postScript="" weightStyle="AxureHandwriting-Bold" weight="700" isBold="True" isItalic="False"/>
          <text>REGISTER</text>
        </textSet>
        <selectedIndex>-1</selectedIndex>
        <selectedColor>4282501083</selectedColor>
        <textPadding>0</textPadding>
      </controlProperties>
    </control>
    <control controlID="A7D698DE-F0AF-482A-8AAF-0D4236588577" controlTypeID="Image" isShow="True" caption="Image" x="102" y="223" w="157" h="159" measuredW="150" measuredH="150" zOrder="4" locked="False" sizeLocked="False">
      <controlProperties>
        <basic color="4294967295" borderVisible="False" borderColor="4284900966" isAutoSize="False" status="MsEnabled" opacity="1" isCommentCom="False" canMove="True" alias="" rotation="0"/>
        <states/>
        <verticalScrollbarShow>False</verticalScrollbarShow>
        <verticalScrollbarProgress>0</verticalScrollbarProgress>
        <horizontalScrollbarShow>False</horizontalScrollbarShow>
        <horizontalScrollbarProgress>0</horizontalScrollbarProgress>
        <links eventType="AtClick" animate="AmSlideRight" animateAutoDelay="0" animateDuration="500">
          <link targetPageID="" linkType="ltPageLink" isApplyIncludePage="False" title="Link">
            <area shape="0" alt="" ID="{4606E6C2-469E-4937-930C-E874910FAA37}" coords="(0,0,157,159)"/>
          </link>
        </links>
        <interactiveData>
          <entry title="">
            <area shape="0" alt="" ID="{17929523-5EB5-4BBF-840B-1D1E420DD7DD}" coords="(0,0,157,159)"/>
            <events title=""/>
          </entry>
        </interactiveData>
        <rotationAngle>TdZero</rotationAngle>
        <clipShapeType>SbRectangle</clipShapeType>
        <radius>0</radius>
        <radiusIsPercent>False</radiusIsPercent>
        <URL>F63DC4C9F3910164CB1E2C6068B70AA8.png</URL>
        <FlipHorizontal>False</FlipHorizontal>
        <FlipVertical>False</FlipVertical>
        <fitMode>2</fitMode>
        <showText>True</showText>
      </controlProperties>
    </control>
    <control controlID="9C35490E-4633-417D-87F7-4964F621EE0B" controlTypeID="Label" isShow="True" caption="Label" x="114" y="406" w="142" h="39" measuredW="0" measuredH="0" zOrder="5" locked="False" sizeLocked="False">
      <controlProperties>
        <basic color="0" borderVisible="True" borderColor="4284900966" isAutoSize="True" status="MsEnabled" opacity="1" isCommentCom="False" canMove="True" alias="" rotation="0"/>
        <states/>
        <verticalScrollbarShow>False</verticalScrollbarShow>
        <verticalScrollbarProgress>0</verticalScrollbarProgress>
        <horizontalScrollbarShow>False</horizontalScrollbarShow>
        <horizontalScrollbarProgress>0</horizontalScrollbarProgress>
        <links eventType="AtClick" animate="AmSlideRight" animateAutoDelay="0" animateDuration="500">
          <link targetPageID="" linkType="ltPageLink" isApplyIncludePage="False" title="Link">
            <area shape="0" alt="" ID="{FFD79A0F-B8AF-478C-87EE-D24A1427E18F}" coords="(0,0,142,39)"/>
          </link>
        </links>
        <interactiveData>
          <entry title="">
            <area shape="0" alt="" ID="{2A31F1FE-E8DC-47EA-A749-DF74B958BE25}" coords="(0,0,142,39)"/>
            <events title=""/>
          </entry>
        </interactiveData>
        <textSet textColor="4278190080" textSize="32" lineSpacingMultiple="1" textAlign="HaLeft" textVAlign="VaTop" textWordWrap="True" lineSpacing="38" textStyles="[fsBold]" useDefaultTextSize="False">
          <font family="Axure+Handwriting" displayName="AxureHandwriting-Bold" postScript="" weightStyle="AxureHandwriting-Bold" weight="700" isBold="True" isItalic="False"/>
          <text>SIGN+UP</text>
        </textSet>
        <selectedIndex>-1</selectedIndex>
        <selectedColor>4282501083</selectedColor>
        <textPadding>0</textPadding>
      </controlProperties>
    </control>
    <control controlID="9BCFAB99-E48E-47F0-A710-CE9BE2719739" controlTypeID="Label" isShow="True" caption="Label" x="28" y="467" w="309" h="29" measuredW="0" measuredH="0" zOrder="6" locked="False" sizeLocked="False">
      <controlProperties>
        <basic color="0" borderVisible="True" borderColor="4284900966" isAutoSize="True" status="MsEnabled" opacity="1" isCommentCom="False" canMove="True" alias="" rotation="0"/>
        <states/>
        <verticalScrollbarShow>False</verticalScrollbarShow>
        <verticalScrollbarProgress>0</verticalScrollbarProgress>
        <horizontalScrollbarShow>False</horizontalScrollbarShow>
        <horizontalScrollbarProgress>0</horizontalScrollbarProgress>
        <links eventType="AtClick" animate="AmSlideRight" animateAutoDelay="0" animateDuration="500">
          <link targetPageID="" linkType="ltPageLink" isApplyIncludePage="False" title="Link">
            <area shape="0" alt="" ID="{DA072CDD-501F-499D-9241-2CC5FAB1148D}" coords="(0,0,309,29)"/>
          </link>
        </links>
        <interactiveData>
          <entry title="">
            <area shape="0" alt="" ID="{68271748-6E8B-43A9-BBC9-705EC55579F7}" coords="(0,0,309,29)"/>
            <events title=""/>
          </entry>
        </interactiveData>
        <textSet textColor="4278190080" textSize="24" lineSpacingMultiple="1" textAlign="HaLeft" textVAlign="VaTop" textWordWrap="True" lineSpacing="29" textStyles="[]" useDefaultTextSize="False">
          <font family="Axure+Handwriting" displayName="AxureHandwriting" postScript="" weightStyle="AxureHandwriting" weight="400" isBold="False" isItalic="False"/>
          <text>as+a+Dlivrer+and+get+paid%2C+no+</text>
        </textSet>
        <selectedIndex>-1</selectedIndex>
        <selectedColor>4282501083</selectedColor>
        <textPadding>0</textPadding>
      </controlProperties>
    </control>
    <control controlID="45C7F0CF-7571-49CD-BABF-CAE09221634B" controlTypeID="Label" isShow="True" caption="Label" x="66" y="506" w="233" h="29" measuredW="0" measuredH="0" zOrder="7" locked="False" sizeLocked="False">
      <controlProperties>
        <basic color="0" borderVisible="True" borderColor="4284900966" isAutoSize="True" status="MsEnabled" opacity="1" isCommentCom="False" canMove="True" alias="" rotation="0"/>
        <states/>
        <verticalScrollbarShow>False</verticalScrollbarShow>
        <verticalScrollbarProgress>0</verticalScrollbarProgress>
        <horizontalScrollbarShow>False</horizontalScrollbarShow>
        <horizontalScrollbarProgress>0</horizontalScrollbarProgress>
        <links eventType="AtClick" animate="AmSlideRight" animateAutoDelay="0" animateDuration="500">
          <link targetPageID="" linkType="ltPageLink" isApplyIncludePage="False" title="Link">
            <area shape="0" alt="" ID="{42E3934A-B358-49EB-999E-7BA01B2E0FB6}" coords="(0,0,233,29)"/>
          </link>
        </links>
        <interactiveData>
          <entry title="">
            <area shape="0" alt="" ID="{39195223-B3DA-4E35-B533-4C632D9497E3}" coords="(0,0,233,29)"/>
            <events title=""/>
          </entry>
        </interactiveData>
        <textSet textColor="4278190080" textSize="24" lineSpacingMultiple="1" textAlign="HaLeft" textVAlign="VaTop" textWordWrap="True" lineSpacing="29" textStyles="[]" useDefaultTextSize="False">
          <font family="Axure+Handwriting" displayName="AxureHandwriting" postScript="" weightStyle="AxureHandwriting" weight="400" isBold="False" isItalic="False"/>
          <text>qualifications+needed</text>
        </textSet>
        <selectedIndex>-1</selectedIndex>
        <selectedColor>4282501083</selectedColor>
        <textPadding>0</textPadding>
      </controlProperties>
    </control>
  </controls>
  <param>
    <backgroundColor>4294967295</backgroundColor>
    <fontSize>0</fontSize>
    <fontFamily>Axure+Handwriting</fontFamily>
    <guideLines/>
  </param>
</mockup>