﻿<mockup version="4.7" minAllowVersion="4.7" ID="73FB4C54-810C-4141-A333-8ECCBCD2413B" platform="MtMobile" defaultW="360" defaultH="640" screenOrientation="MoPortrait" mobileScreenScale="1.77777779102325" measureW="360" measureH="640" clipArea="(0,0,0,0)">
  <controls controlCount="38">
    <control controlID="953FE43F-DF52-41E3-B340-67DC7874AF3F" controlTypeID="Shape" isShow="True" caption="Shape" x="0" y="19" w="360" h="45" measuredW="120" measuredH="100" zOrder="0" locked="False" sizeLocked="False">
      <controlProperties>
        <basic color="4294967040" borderVisible="True" borderColor="4294967295" isAutoSize="False" status="MsEnabled" opacity="1" isCommentCom="False" canMove="True" alias="" rotation="0"/>
        <states/>
        <verticalScrollbarShow>False</verticalScrollbarShow>
        <verticalScrollbarProgress>0</verticalScrollbarProgress>
        <horizontalScrollbarShow>False</horizontalScrollbarShow>
        <horizontalScrollbarProgress>0</horizontalScrollbarProgress>
        <links eventType="AtClick" animate="AmSlideRight" animateAutoDelay="0" animateDuration="500">
          <link targetPageID="" linkType="ltPageLink" isApplyIncludePage="False" title="Link">
            <area shape="0" alt="" ID="{D326AF34-4663-43FE-8785-877C99FEC789}" coords="(0,0,360,45)"/>
          </link>
        </links>
        <interactiveData>
          <entry title="">
            <area shape="0" alt="" ID="{834E773C-C744-4030-9219-8A34B14D82EF}" coords="(0,0,360,45)"/>
            <events title=""/>
          </entry>
        </interactiveData>
        <textSet textColor="4278190080" textSize="14" lineSpacingMultiple="1" textAlign="HaCenter" textVAlign="VaMiddle" textWordWrap="True" lineSpacing="17" textStyles="[]" useDefaultTextSize="True">
          <font family="Axure+Handwriting" displayName="AxureHandwriting" postScript="" weightStyle="AxureHandwriting" weight="400" isBold="False" isItalic="False"/>
        </textSet>
        <selectedIndex>-1</selectedIndex>
        <selectedColor>4282501083</selectedColor>
        <textPadding>0</textPadding>
        <shapeBorderType>SbRectangle</shapeBorderType>
        <triangleType>TdZero</triangleType>
        <dashMode>SdSolid</dashMode>
        <rectangleBorderLeftVisible>True</rectangleBorderLeftVisible>
        <rectangleBorderRightVisible>True</rectangleBorderRightVisible>
        <rectangleBorderTopVisible>True</rectangleBorderTopVisible>
        <rectangleBorderBottomVisible>True</rectangleBorderBottomVisible>
        <radius>0</radius>
        <radiusIsPercent>False</radiusIsPercent>
        <thickness>1</thickness>
      </controlProperties>
    </control>
    <control controlID="4D991431-B240-4E99-B0A3-4EB01B2D3973" controlTypeID="Label" isShow="True" caption="Label" x="106" y="30" w="147" h="20" measuredW="0" measuredH="0" zOrder="1" locked="False" sizeLocked="False">
      <controlProperties>
        <basic color="0" borderVisible="True" borderColor="4284900966" isAutoSize="True" status="MsEnabled" opacity="1" isCommentCom="False" canMove="True" alias="" rotation="0"/>
        <states/>
        <verticalScrollbarShow>False</verticalScrollbarShow>
        <verticalScrollbarProgress>0</verticalScrollbarProgress>
        <horizontalScrollbarShow>False</horizontalScrollbarShow>
        <horizontalScrollbarProgress>0</horizontalScrollbarProgress>
        <links eventType="AtClick" animate="AmSlideRight" animateAutoDelay="0" animateDuration="500">
          <link targetPageID="" linkType="ltPageLink" isApplyIncludePage="False" title="Link">
            <area shape="0" alt="" ID="{56F3925F-EF1D-489B-B1B8-C7F055A1D4CB}" coords="(0,0,147,20)"/>
          </link>
        </links>
        <interactiveData>
          <entry title="">
            <area shape="0" alt="" ID="{3F29A9C3-3FE2-42A9-A413-53BB1228BBA3}" coords="(0,0,147,20)"/>
            <events title=""/>
          </entry>
        </interactiveData>
        <textSet textColor="4278190080" textSize="16" lineSpacingMultiple="1" textAlign="HaLeft" textVAlign="VaTop" textWordWrap="True" lineSpacing="19" textStyles="[fsBold]" useDefaultTextSize="False">
          <font family="Axure+Handwriting" displayName="AxureHandwriting-Bold" postScript="" weightStyle="AxureHandwriting-Bold" weight="700" isBold="True" isItalic="False"/>
          <text>COURIER+CHOICE</text>
        </textSet>
        <selectedIndex>-1</selectedIndex>
        <selectedColor>4282501083</selectedColor>
        <textPadding>0</textPadding>
      </controlProperties>
    </control>
    <control controlID="9ED6A4AE-166D-4B87-8626-79DBC37E3193" controlTypeID="StatusBar(Android)" isShow="True" caption="Android+Status+Bar" x="0" y="0" w="360" h="20" measuredW="342" measuredH="20" zOrder="2" locked="False" sizeLocked="False">
      <controlProperties>
        <basic color="4278190080" borderVisible="True" borderColor="4284900966" isAutoSize="False" status="MsEnabled" opacity="1" isCommentCom="False" canMove="True" alias="" rotation="0"/>
        <states/>
        <verticalScrollbarShow>False</verticalScrollbarShow>
        <verticalScrollbarProgress>0</verticalScrollbarProgress>
        <horizontalScrollbarShow>False</horizontalScrollbarShow>
        <horizontalScrollbarProgress>0</horizontalScrollbarProgress>
        <links eventType="AtClick" animate="AmPushDown" animateAutoDelay="0" animateDuration="500">
          <link targetPageID="" linkType="ltPageLink" isApplyIncludePage="False" title="Link">
            <area shape="0" alt="" ID="{B8797C47-7EB8-4EA9-B9D2-7515A6EC68D6}" coords="(0,0,360,20)"/>
          </link>
        </links>
        <interactiveData>
          <entry title="">
            <area shape="0" alt="" ID="{033B2C36-D216-4FA7-8AA7-841741AC18E1}" coords="(0,0,360,20)"/>
            <events title=""/>
          </entry>
        </interactiveData>
        <ForegroundColor>4294967295</ForegroundColor>
        <IsAutoTextColor>True</IsAutoTextColor>
      </controlProperties>
    </control>
    <control controlID="6F8D6FB2-2122-4DFB-B7EF-B3408D42E2E2" controlTypeID="Icon" isShow="True" caption="Icon" x="10" y="30" w="24" h="24" measuredW="32" measuredH="32" zOrder="3" locked="False" sizeLocked="False">
      <controlProperties>
        <basic color="4278190080" borderVisible="True" borderColor="4284900966" isAutoSize="False" status="MsEnabled" opacity="1" isCommentCom="False" canMove="True" alias="" rotation="0"/>
        <states/>
        <verticalScrollbarShow>False</verticalScrollbarShow>
        <verticalScrollbarProgress>0</verticalScrollbarProgress>
        <horizontalScrollbarShow>False</horizontalScrollbarShow>
        <horizontalScrollbarProgress>0</horizontalScrollbarProgress>
        <links eventType="AtClick" animate="AmPushDown" animateAutoDelay="0" animateDuration="500">
          <link targetPageID="B98F61ED-C26E-4DC1-B9E0-A1325F38DF38" linkType="ltPageLink" isApplyIncludePage="False" title="RECIEVERS+DATA">
            <area shape="0" alt="" ID="{84D38F8A-CD8E-4A49-B963-2B89C15A0291}" coords="(0,0,24,24)"/>
          </link>
        </links>
        <interactiveData>
          <entry title="">
            <area shape="0" alt="" ID="{E288850B-BA0C-49D2-84E1-FF6B9C91BACE}" coords="(0,0,24,24)"/>
            <events title=""/>
          </entry>
        </interactiveData>
        <rotationAngle>TdZero</rotationAngle>
        <icon>
          <ID/>
          <iconFontName>jdIonicons</iconFontName>
          <iconCode>62154</iconCode>
        </icon>
        <URL>D95E480717200F895E41DB6E5B869596.svg</URL>
        <FlipHorizontal>False</FlipHorizontal>
        <FlipVertical>False</FlipVertical>
      </controlProperties>
    </control>
    <control controlID="41BB8287-DDD0-4FEA-9C19-3262DE3EFA44" controlTypeID="ScrollView" isShow="True" caption="Scroll+Box" x="0" y="424" w="360" h="216" measuredW="0" measuredH="0" zOrder="4" locked="False" sizeLocked="False">
      <controlProperties>
        <basic color="4293914542" borderVisible="False" borderColor="4284900966" isAutoSize="False" status="MsEnabled" opacity="1" isCommentCom="False" canMove="True" alias="" rotation="0"/>
        <states/>
        <verticalScrollbarShow>False</verticalScrollbarShow>
        <verticalScrollbarProgress>0</verticalScrollbarProgress>
        <horizontalScrollbarShow>False</horizontalScrollbarShow>
        <horizontalScrollbarProgress>0</horizontalScrollbarProgress>
        <links eventType="AtClick" animate="AmPushDown" animateAutoDelay="0" animateDuration="500">
          <link targetPageID="" linkType="ltPageLink" isApplyIncludePage="False" title="Link">
            <area shape="0" alt="" ID="{C5C087C2-39DA-43AD-A6F1-2C64CC87970C}" coords="(0,0,360,216)"/>
          </link>
        </links>
        <interactiveData>
          <entry title="">
            <area shape="0" alt="" ID="{204263DF-8F78-4385-A28E-530C6ED36419}" coords="(0,0,360,216)"/>
            <events title=""/>
          </entry>
        </interactiveData>
        <groupChildrenDescriptors>
          <control controlID="F8213DB4-0711-4CB5-9A70-8195EDD63C2D" controlTypeID="ScrollViewContentPanel" isShow="True" caption="Scroll+ViewPort" x="0" y="0" w="460" h="216" measuredW="0" measuredH="0" zOrder="0" locked="True" sizeLocked="False">
            <controlProperties>
              <basic color="0" borderVisible="False" borderColor="4278190080" isAutoSize="False" status="MsEnabled" opacity="1" isCommentCom="False" canMove="True" alias="contentPanel" rotation="0"/>
              <states/>
              <verticalScrollbarShow>False</verticalScrollbarShow>
              <verticalScrollbarProgress>0</verticalScrollbarProgress>
              <horizontalScrollbarShow>False</horizontalScrollbarShow>
              <horizontalScrollbarProgress>0</horizontalScrollbarProgress>
              <links eventType="AtClick" animate="AmPushDown" animateAutoDelay="0" animateDuration="500">
                <link targetPageID="" linkType="ltPageLink" isApplyIncludePage="False" title="Link">
                  <area shape="0" alt="" ID="{7825BF55-5352-43F4-B873-847E84DC9592}" coords="(0,0,460,216)"/>
                </link>
              </links>
              <interactiveData>
                <entry title="">
                  <area shape="0" alt="" ID="{1CF87D19-5F55-4464-9C83-924E88B090F7}" coords="(0,0,460,216)"/>
                  <events title=""/>
                </entry>
              </interactiveData>
              <groupChildrenDescriptors>
                <control controlID="02FAE25C-7DD9-4C9B-BE93-3E3613FC9529" controlTypeID="Circle" isShow="True" caption="Circle" x="6" y="54" w="89" h="85" measuredW="0" measuredH="0" zOrder="0" locked="False" sizeLocked="False">
                  <controlProperties>
                    <basic color="4294967295" borderVisible="True" borderColor="4284900966" isAutoSize="False" status="MsEnabled" opacity="1" isCommentCom="False" canMove="True" alias="" rotation="0"/>
                    <states/>
                    <verticalScrollbarShow>False</verticalScrollbarShow>
                    <verticalScrollbarProgress>0</verticalScrollbarProgress>
                    <horizontalScrollbarShow>False</horizontalScrollbarShow>
                    <horizontalScrollbarProgress>0</horizontalScrollbarProgress>
                    <links eventType="AtClick" animate="AmSlideRight" animateAutoDelay="0" animateDuration="500">
                      <link targetPageID="20B6D234-0E5D-438D-A7BF-666EC296F23C" linkType="ltPageLink" isApplyIncludePage="False" title="ESTIMATION">
                        <area shape="0" alt="" ID="{B1690C78-F88D-4663-93FD-091DA1D32A88}" coords="(0,0,89,85)"/>
                      </link>
                    </links>
                    <interactiveData>
                      <entry title="">
                        <area shape="0" alt="" ID="{1779E0C8-4BB0-4DA9-9B2D-DED293E88E62}" coords="(0,0,89,85)"/>
                        <events title=""/>
                      </entry>
                    </interactiveData>
                    <textSet textColor="4278190080" textSize="14" lineSpacingMultiple="1" textAlign="HaCenter" textVAlign="VaMiddle" textWordWrap="True" lineSpacing="17" textStyles="[]" useDefaultTextSize="True">
                      <font family="Axure+Handwriting" displayName="AxureHandwriting" postScript="" weightStyle="AxureHandwriting" weight="400" isBold="False" isItalic="False"/>
                    </textSet>
                    <selectedIndex>-1</selectedIndex>
                    <selectedColor>4282501083</selectedColor>
                    <textPadding>0</textPadding>
                    <shapeBorderType>SbEllipse</shapeBorderType>
                    <triangleType>TdZero</triangleType>
                    <dashMode>SdSolid</dashMode>
                    <rectangleBorderLeftVisible>True</rectangleBorderLeftVisible>
                    <rectangleBorderRightVisible>True</rectangleBorderRightVisible>
                    <rectangleBorderTopVisible>True</rectangleBorderTopVisible>
                    <rectangleBorderBottomVisible>True</rectangleBorderBottomVisible>
                    <radius>0</radius>
                    <radiusIsPercent>False</radiusIsPercent>
                    <thickness>1</thickness>
                  </controlProperties>
                </control>
                <control controlID="F0EE8379-1D6D-4ABD-B5E8-493015670247" controlTypeID="Circle" isShow="True" caption="Circle" x="126" y="54" w="89" h="85" measuredW="0" measuredH="0" zOrder="1" locked="False" sizeLocked="False">
                  <controlProperties>
                    <basic color="4294967295" borderVisible="True" borderColor="4284900966" isAutoSize="False" status="MsEnabled" opacity="1" isCommentCom="False" canMove="True" alias="" rotation="0"/>
                    <states/>
                    <verticalScrollbarShow>False</verticalScrollbarShow>
                    <verticalScrollbarProgress>0</verticalScrollbarProgress>
                    <horizontalScrollbarShow>False</horizontalScrollbarShow>
                    <horizontalScrollbarProgress>0</horizontalScrollbarProgress>
                    <links eventType="AtClick" animate="AmSlideRight" animateAutoDelay="0" animateDuration="500">
                      <link targetPageID="" linkType="ltPageLink" isApplyIncludePage="False" title="Link">
                        <area shape="0" alt="" ID="{B1690C78-F88D-4663-93FD-091DA1D32A88}" coords="(0,0,89,85)"/>
                      </link>
                    </links>
                    <interactiveData>
                      <entry title="">
                        <area shape="0" alt="" ID="{1779E0C8-4BB0-4DA9-9B2D-DED293E88E62}" coords="(0,0,89,85)"/>
                        <events title=""/>
                      </entry>
                    </interactiveData>
                    <textSet textColor="4278190080" textSize="14" lineSpacingMultiple="1" textAlign="HaCenter" textVAlign="VaMiddle" textWordWrap="True" lineSpacing="17" textStyles="[]" useDefaultTextSize="True">
                      <font family="Axure+Handwriting" displayName="AxureHandwriting" postScript="" weightStyle="AxureHandwriting" weight="400" isBold="False" isItalic="False"/>
                    </textSet>
                    <selectedIndex>-1</selectedIndex>
                    <selectedColor>4282501083</selectedColor>
                    <textPadding>0</textPadding>
                    <shapeBorderType>SbEllipse</shapeBorderType>
                    <triangleType>TdZero</triangleType>
                    <dashMode>SdSolid</dashMode>
                    <rectangleBorderLeftVisible>True</rectangleBorderLeftVisible>
                    <rectangleBorderRightVisible>True</rectangleBorderRightVisible>
                    <rectangleBorderTopVisible>True</rectangleBorderTopVisible>
                    <rectangleBorderBottomVisible>True</rectangleBorderBottomVisible>
                    <radius>0</radius>
                    <radiusIsPercent>False</radiusIsPercent>
                    <thickness>1</thickness>
                  </controlProperties>
                </control>
                <control controlID="E4319155-3830-4B80-B63A-54A9C73B31A9" controlTypeID="Circle" isShow="True" caption="Circle" x="245" y="54" w="89" h="85" measuredW="0" measuredH="0" zOrder="2" locked="False" sizeLocked="False">
                  <controlProperties>
                    <basic color="4294967295" borderVisible="True" borderColor="4284900966" isAutoSize="False" status="MsEnabled" opacity="1" isCommentCom="False" canMove="True" alias="" rotation="0"/>
                    <states/>
                    <verticalScrollbarShow>False</verticalScrollbarShow>
                    <verticalScrollbarProgress>0</verticalScrollbarProgress>
                    <horizontalScrollbarShow>False</horizontalScrollbarShow>
                    <horizontalScrollbarProgress>0</horizontalScrollbarProgress>
                    <links eventType="AtClick" animate="AmSlideRight" animateAutoDelay="0" animateDuration="500">
                      <link targetPageID="" linkType="ltPageLink" isApplyIncludePage="False" title="Link">
                        <area shape="0" alt="" ID="{B1690C78-F88D-4663-93FD-091DA1D32A88}" coords="(0,0,89,85)"/>
                      </link>
                    </links>
                    <interactiveData>
                      <entry title="">
                        <area shape="0" alt="" ID="{1779E0C8-4BB0-4DA9-9B2D-DED293E88E62}" coords="(0,0,89,85)"/>
                        <events title=""/>
                      </entry>
                    </interactiveData>
                    <textSet textColor="4278190080" textSize="14" lineSpacingMultiple="1" textAlign="HaCenter" textVAlign="VaMiddle" textWordWrap="True" lineSpacing="17" textStyles="[]" useDefaultTextSize="True">
                      <font family="Axure+Handwriting" displayName="AxureHandwriting" postScript="" weightStyle="AxureHandwriting" weight="400" isBold="False" isItalic="False"/>
                    </textSet>
                    <selectedIndex>-1</selectedIndex>
                    <selectedColor>4282501083</selectedColor>
                    <textPadding>0</textPadding>
                    <shapeBorderType>SbEllipse</shapeBorderType>
                    <triangleType>TdZero</triangleType>
                    <dashMode>SdSolid</dashMode>
                    <rectangleBorderLeftVisible>True</rectangleBorderLeftVisible>
                    <rectangleBorderRightVisible>True</rectangleBorderRightVisible>
                    <rectangleBorderTopVisible>True</rectangleBorderTopVisible>
                    <rectangleBorderBottomVisible>True</rectangleBorderBottomVisible>
                    <radius>0</radius>
                    <radiusIsPercent>False</radiusIsPercent>
                    <thickness>1</thickness>
                  </controlProperties>
                </control>
                <control controlID="92E2C1BB-6097-403F-A5E4-6AAD41E18714" controlTypeID="Circle" isShow="True" caption="Circle" x="366" y="55" w="89" h="85" measuredW="0" measuredH="0" zOrder="3" locked="False" sizeLocked="False">
                  <controlProperties>
                    <basic color="4294967295" borderVisible="True" borderColor="4284900966" isAutoSize="False" status="MsEnabled" opacity="1" isCommentCom="False" canMove="True" alias="" rotation="0"/>
                    <states/>
                    <verticalScrollbarShow>False</verticalScrollbarShow>
                    <verticalScrollbarProgress>0</verticalScrollbarProgress>
                    <horizontalScrollbarShow>False</horizontalScrollbarShow>
                    <horizontalScrollbarProgress>0</horizontalScrollbarProgress>
                    <links eventType="AtClick" animate="AmSlideRight" animateAutoDelay="0" animateDuration="500">
                      <link targetPageID="20B6D234-0E5D-438D-A7BF-666EC296F23C" linkType="ltPageLink" isApplyIncludePage="False" title="ESTIMATION">
                        <area shape="0" alt="" ID="{B1690C78-F88D-4663-93FD-091DA1D32A88}" coords="(0,0,89,85)"/>
                      </link>
                    </links>
                    <interactiveData>
                      <entry title="">
                        <area shape="0" alt="" ID="{1779E0C8-4BB0-4DA9-9B2D-DED293E88E62}" coords="(0,0,89,85)"/>
                        <events title=""/>
                      </entry>
                    </interactiveData>
                    <textSet textColor="4278190080" textSize="14" lineSpacingMultiple="1" textAlign="HaCenter" textVAlign="VaMiddle" textWordWrap="True" lineSpacing="17" textStyles="[]" useDefaultTextSize="True">
                      <font family="Axure+Handwriting" displayName="AxureHandwriting" postScript="" weightStyle="AxureHandwriting" weight="400" isBold="False" isItalic="False"/>
                    </textSet>
                    <selectedIndex>-1</selectedIndex>
                    <selectedColor>4282501083</selectedColor>
                    <textPadding>0</textPadding>
                    <shapeBorderType>SbEllipse</shapeBorderType>
                    <triangleType>TdZero</triangleType>
                    <dashMode>SdSolid</dashMode>
                    <rectangleBorderLeftVisible>True</rectangleBorderLeftVisible>
                    <rectangleBorderRightVisible>True</rectangleBorderRightVisible>
                    <rectangleBorderTopVisible>True</rectangleBorderTopVisible>
                    <rectangleBorderBottomVisible>True</rectangleBorderBottomVisible>
                    <radius>0</radius>
                    <radiusIsPercent>False</radiusIsPercent>
                    <thickness>1</thickness>
                  </controlProperties>
                </control>
                <control controlID="380305A0-383F-45CB-97E2-DC3260B617DF" controlTypeID="Image" isShow="True" caption="Image" x="19" y="62" w="64" h="67" measuredW="150" measuredH="150" zOrder="4" locked="False" sizeLocked="False">
                  <controlProperties>
                    <basic color="4294967295" borderVisible="False" borderColor="4284900966" isAutoSize="False" status="MsEnabled" opacity="1" isCommentCom="False" canMove="True" alias="" rotation="0"/>
                    <states/>
                    <verticalScrollbarShow>False</verticalScrollbarShow>
                    <verticalScrollbarProgress>0</verticalScrollbarProgress>
                    <horizontalScrollbarShow>False</horizontalScrollbarShow>
                    <horizontalScrollbarProgress>0</horizontalScrollbarProgress>
                    <links eventType="AtClick" animate="AmPushDown" animateAutoDelay="0" animateDuration="500">
                      <link targetPageID="20B6D234-0E5D-438D-A7BF-666EC296F23C" linkType="ltPageLink" isApplyIncludePage="False" title="ESTIMATION">
                        <area shape="0" alt="" ID="{0BB942F7-2EC7-43C3-A6DE-EC03469E1022}" coords="(0,0,64,67)"/>
                      </link>
                    </links>
                    <interactiveData>
                      <entry title="">
                        <area shape="0" alt="" ID="{F5FA6783-785A-4CBC-83C7-FA99B7ADDF49}" coords="(0,0,64,67)"/>
                        <events title=""/>
                      </entry>
                    </interactiveData>
                    <rotationAngle>TdZero</rotationAngle>
                    <clipShapeType>SbRectangle</clipShapeType>
                    <radius>0</radius>
                    <radiusIsPercent>False</radiusIsPercent>
                    <URL>2C2FD66F4BF726139184D34AE970EC47.png</URL>
                    <FlipHorizontal>False</FlipHorizontal>
                    <FlipVertical>False</FlipVertical>
                    <fitMode>2</fitMode>
                    <showText>True</showText>
                  </controlProperties>
                </control>
                <control controlID="CAD16C8F-12AD-40BB-BBDF-6ADA5347BF8A" controlTypeID="Image" isShow="True" caption="Image" x="132" y="62" w="78" h="67" measuredW="150" measuredH="150" zOrder="5" locked="False" sizeLocked="False">
                  <controlProperties>
                    <basic color="4294967295" borderVisible="False" borderColor="4284900966" isAutoSize="False" status="MsEnabled" opacity="1" isCommentCom="False" canMove="True" alias="" rotation="0"/>
                    <states/>
                    <verticalScrollbarShow>False</verticalScrollbarShow>
                    <verticalScrollbarProgress>0</verticalScrollbarProgress>
                    <horizontalScrollbarShow>False</horizontalScrollbarShow>
                    <horizontalScrollbarProgress>0</horizontalScrollbarProgress>
                    <links eventType="AtClick" animate="AmPushDown" animateAutoDelay="0" animateDuration="500">
                      <link targetPageID="20B6D234-0E5D-438D-A7BF-666EC296F23C" linkType="ltPageLink" isApplyIncludePage="False" title="ESTIMATION">
                        <area shape="0" alt="" ID="{823792A3-4155-4D47-9422-10CB4D47A8C2}" coords="(0,0,78,67)"/>
                      </link>
                    </links>
                    <interactiveData>
                      <entry title="">
                        <area shape="0" alt="" ID="{A1E29778-F58B-4E1F-8965-D3F162EFB2A0}" coords="(0,0,78,67)"/>
                        <events title=""/>
                      </entry>
                    </interactiveData>
                    <rotationAngle>TdZero</rotationAngle>
                    <clipShapeType>SbRectangle</clipShapeType>
                    <radius>0</radius>
                    <radiusIsPercent>False</radiusIsPercent>
                    <URL>A5E2717F869E3205B6BA9AAA733FF357.png</URL>
                    <FlipHorizontal>False</FlipHorizontal>
                    <FlipVertical>False</FlipVertical>
                    <fitMode>2</fitMode>
                    <showText>True</showText>
                  </controlProperties>
                </control>
                <control controlID="1D83B883-3010-4A73-B779-090D219BA405" controlTypeID="Image" isShow="True" caption="Image" x="253" y="62" w="72" h="67" measuredW="150" measuredH="150" zOrder="6" locked="False" sizeLocked="False">
                  <controlProperties>
                    <basic color="4294967295" borderVisible="False" borderColor="4284900966" isAutoSize="False" status="MsEnabled" opacity="1" isCommentCom="False" canMove="True" alias="" rotation="0"/>
                    <states/>
                    <verticalScrollbarShow>False</verticalScrollbarShow>
                    <verticalScrollbarProgress>0</verticalScrollbarProgress>
                    <horizontalScrollbarShow>False</horizontalScrollbarShow>
                    <horizontalScrollbarProgress>0</horizontalScrollbarProgress>
                    <links eventType="AtClick" animate="AmPushDown" animateAutoDelay="0" animateDuration="500">
                      <link targetPageID="20B6D234-0E5D-438D-A7BF-666EC296F23C" linkType="ltPageLink" isApplyIncludePage="False" title="ESTIMATION">
                        <area shape="0" alt="" ID="{14ED9DF3-4AF1-4B3F-814E-222F2EEE658F}" coords="(0,0,72,67)"/>
                      </link>
                    </links>
                    <interactiveData>
                      <entry title="">
                        <area shape="0" alt="" ID="{D22EF1EF-67CC-42F7-8DD0-010E854E5A31}" coords="(0,0,72,67)"/>
                        <events title=""/>
                      </entry>
                    </interactiveData>
                    <rotationAngle>TdZero</rotationAngle>
                    <clipShapeType>SbRectangle</clipShapeType>
                    <radius>0</radius>
                    <radiusIsPercent>False</radiusIsPercent>
                    <URL>BC22C68C13EB37470C6145DD5981C861.png</URL>
                    <FlipHorizontal>False</FlipHorizontal>
                    <FlipVertical>False</FlipVertical>
                    <fitMode>2</fitMode>
                    <showText>True</showText>
                  </controlProperties>
                </control>
                <control controlID="3CA568AB-D347-43D4-A959-0C0670CAA08E" controlTypeID="Image" isShow="True" caption="Image" x="372" y="62" w="78" h="67" measuredW="150" measuredH="150" zOrder="7" locked="False" sizeLocked="False">
                  <controlProperties>
                    <basic color="4294967295" borderVisible="False" borderColor="4284900966" isAutoSize="False" status="MsEnabled" opacity="1" isCommentCom="False" canMove="True" alias="" rotation="0"/>
                    <states/>
                    <verticalScrollbarShow>False</verticalScrollbarShow>
                    <verticalScrollbarProgress>0</verticalScrollbarProgress>
                    <horizontalScrollbarShow>False</horizontalScrollbarShow>
                    <horizontalScrollbarProgress>0</horizontalScrollbarProgress>
                    <links eventType="AtClick" animate="AmPushDown" animateAutoDelay="0" animateDuration="500">
                      <link targetPageID="20B6D234-0E5D-438D-A7BF-666EC296F23C" linkType="ltPageLink" isApplyIncludePage="False" title="ESTIMATION">
                        <area shape="0" alt="" ID="{F9D96EE5-2833-48CC-AFF5-5EC271A164BB}" coords="(0,0,78,67)"/>
                      </link>
                    </links>
                    <interactiveData>
                      <entry title="">
                        <area shape="0" alt="" ID="{67308746-BCF1-4FF7-B3C2-BF139CCFF7BD}" coords="(0,0,78,67)"/>
                        <events title=""/>
                      </entry>
                    </interactiveData>
                    <rotationAngle>TdZero</rotationAngle>
                    <clipShapeType>SbRectangle</clipShapeType>
                    <radius>0</radius>
                    <radiusIsPercent>False</radiusIsPercent>
                    <URL>AEF9D76D89E0564A2D7CC85873EA1DDE.png</URL>
                    <FlipHorizontal>False</FlipHorizontal>
                    <FlipVertical>False</FlipVertical>
                    <fitMode>2</fitMode>
                    <showText>True</showText>
                  </controlProperties>
                </control>
                <control controlID="9BF4D5B7-1896-49D8-A6AB-8EB5BACB2092" controlTypeID="Label" isShow="True" caption="Label" x="20" y="171" w="62" h="22" measuredW="0" measuredH="0" zOrder="8" locked="False" sizeLocked="False">
                  <controlProperties>
                    <basic color="0" borderVisible="True" borderColor="4284900966" isAutoSize="True" status="MsEnabled" opacity="1" isCommentCom="False" canMove="True" alias="" rotation="0"/>
                    <states/>
                    <verticalScrollbarShow>False</verticalScrollbarShow>
                    <verticalScrollbarProgress>0</verticalScrollbarProgress>
                    <horizontalScrollbarShow>False</horizontalScrollbarShow>
                    <horizontalScrollbarProgress>0</horizontalScrollbarProgress>
                    <links eventType="AtClick" animate="AmPushDown" animateAutoDelay="0" animateDuration="500">
                      <link targetPageID="20B6D234-0E5D-438D-A7BF-666EC296F23C" linkType="ltPageLink" isApplyIncludePage="False" title="ESTIMATION">
                        <area shape="0" alt="" ID="{FBE6C779-95C1-4D95-A6A3-001B133CB614}" coords="(0,0,62,22)"/>
                      </link>
                    </links>
                    <interactiveData>
                      <entry title="">
                        <area shape="0" alt="" ID="{19590B7C-2624-4722-9DDF-73FD6023AACC}" coords="(0,0,62,22)"/>
                        <events title=""/>
                      </entry>
                    </interactiveData>
                    <textSet textColor="4278190080" textSize="18" lineSpacingMultiple="1" textAlign="HaLeft" textVAlign="VaTop" textWordWrap="True" lineSpacing="22" textStyles="[fsBold]" useDefaultTextSize="False">
                      <font family="Axure+Handwriting" displayName="AxureHandwriting-Bold" postScript="" weightStyle="AxureHandwriting-Bold" weight="700" isBold="True" isItalic="False"/>
                      <text>WAKA</text>
                    </textSet>
                    <selectedIndex>-1</selectedIndex>
                    <selectedColor>4282501083</selectedColor>
                    <textPadding>0</textPadding>
                  </controlProperties>
                </control>
                <control controlID="5C84D49B-466B-4A8F-BD28-A0F4E4D5DFE7" controlTypeID="Label" isShow="True" caption="Label" x="146" y="171" w="50" h="22" measuredW="0" measuredH="0" zOrder="9" locked="False" sizeLocked="False">
                  <controlProperties>
                    <basic color="0" borderVisible="True" borderColor="4284900966" isAutoSize="True" status="MsEnabled" opacity="1" isCommentCom="False" canMove="True" alias="" rotation="0"/>
                    <states/>
                    <verticalScrollbarShow>False</verticalScrollbarShow>
                    <verticalScrollbarProgress>0</verticalScrollbarProgress>
                    <horizontalScrollbarShow>False</horizontalScrollbarShow>
                    <horizontalScrollbarProgress>0</horizontalScrollbarProgress>
                    <links eventType="AtClick" animate="AmPushDown" animateAutoDelay="0" animateDuration="500">
                      <link targetPageID="20B6D234-0E5D-438D-A7BF-666EC296F23C" linkType="ltPageLink" isApplyIncludePage="False" title="ESTIMATION">
                        <area shape="0" alt="" ID="{FBE6C779-95C1-4D95-A6A3-001B133CB614}" coords="(0,0,50,22)"/>
                      </link>
                    </links>
                    <interactiveData>
                      <entry title="">
                        <area shape="0" alt="" ID="{19590B7C-2624-4722-9DDF-73FD6023AACC}" coords="(0,0,50,22)"/>
                        <events title=""/>
                      </entry>
                    </interactiveData>
                    <textSet textColor="4278190080" textSize="18" lineSpacingMultiple="1" textAlign="HaLeft" textVAlign="VaTop" textWordWrap="True" lineSpacing="22" textStyles="[fsBold]" useDefaultTextSize="False">
                      <font family="Axure+Handwriting" displayName="AxureHandwriting-Bold" postScript="" weightStyle="AxureHandwriting-Bold" weight="700" isBold="True" isItalic="False"/>
                      <text>BIKE</text>
                    </textSet>
                    <selectedIndex>-1</selectedIndex>
                    <selectedColor>4282501083</selectedColor>
                    <textPadding>0</textPadding>
                  </controlProperties>
                </control>
                <control controlID="CBD654C8-F94A-44B0-8B38-A06D4A24BCC6" controlTypeID="Label" isShow="True" caption="Label" x="272" y="171" w="46" h="22" measuredW="0" measuredH="0" zOrder="10" locked="False" sizeLocked="False">
                  <controlProperties>
                    <basic color="0" borderVisible="True" borderColor="4284900966" isAutoSize="True" status="MsEnabled" opacity="1" isCommentCom="False" canMove="True" alias="" rotation="0"/>
                    <states/>
                    <verticalScrollbarShow>False</verticalScrollbarShow>
                    <verticalScrollbarProgress>0</verticalScrollbarProgress>
                    <horizontalScrollbarShow>False</horizontalScrollbarShow>
                    <horizontalScrollbarProgress>0</horizontalScrollbarProgress>
                    <links eventType="AtClick" animate="AmPushDown" animateAutoDelay="0" animateDuration="500">
                      <link targetPageID="20B6D234-0E5D-438D-A7BF-666EC296F23C" linkType="ltPageLink" isApplyIncludePage="False" title="ESTIMATION">
                        <area shape="0" alt="" ID="{FBE6C779-95C1-4D95-A6A3-001B133CB614}" coords="(0,0,46,22)"/>
                      </link>
                    </links>
                    <interactiveData>
                      <entry title="">
                        <area shape="0" alt="" ID="{19590B7C-2624-4722-9DDF-73FD6023AACC}" coords="(0,0,46,22)"/>
                        <events title=""/>
                      </entry>
                    </interactiveData>
                    <textSet textColor="4278190080" textSize="18" lineSpacingMultiple="1" textAlign="HaLeft" textVAlign="VaTop" textWordWrap="True" lineSpacing="22" textStyles="[fsBold]" useDefaultTextSize="False">
                      <font family="Axure+Handwriting" displayName="AxureHandwriting-Bold" postScript="" weightStyle="AxureHandwriting-Bold" weight="700" isBold="True" isItalic="False"/>
                      <text>CAR</text>
                    </textSet>
                    <selectedIndex>-1</selectedIndex>
                    <selectedColor>4282501083</selectedColor>
                    <textPadding>0</textPadding>
                  </controlProperties>
                </control>
                <control controlID="35994DD8-CB29-4D64-BBB2-8BB8BDD5D4BB" controlTypeID="Label" isShow="True" caption="Label" x="381" y="171" w="69" h="22" measuredW="0" measuredH="0" zOrder="11" locked="False" sizeLocked="False">
                  <controlProperties>
                    <basic color="0" borderVisible="True" borderColor="4284900966" isAutoSize="True" status="MsEnabled" opacity="1" isCommentCom="False" canMove="True" alias="" rotation="0"/>
                    <states/>
                    <verticalScrollbarShow>False</verticalScrollbarShow>
                    <verticalScrollbarProgress>0</verticalScrollbarProgress>
                    <horizontalScrollbarShow>False</horizontalScrollbarShow>
                    <horizontalScrollbarProgress>0</horizontalScrollbarProgress>
                    <links eventType="AtClick" animate="AmPushDown" animateAutoDelay="0" animateDuration="500">
                      <link targetPageID="20B6D234-0E5D-438D-A7BF-666EC296F23C" linkType="ltPageLink" isApplyIncludePage="False" title="ESTIMATION">
                        <area shape="0" alt="" ID="{FBE6C779-95C1-4D95-A6A3-001B133CB614}" coords="(0,0,69,22)"/>
                      </link>
                    </links>
                    <interactiveData>
                      <entry title="">
                        <area shape="0" alt="" ID="{19590B7C-2624-4722-9DDF-73FD6023AACC}" coords="(0,0,69,22)"/>
                        <events title=""/>
                      </entry>
                    </interactiveData>
                    <textSet textColor="4278190080" textSize="18" lineSpacingMultiple="1" textAlign="HaLeft" textVAlign="VaTop" textWordWrap="True" lineSpacing="22" textStyles="[fsBold]" useDefaultTextSize="False">
                      <font family="Axure+Handwriting" displayName="AxureHandwriting-Bold" postScript="" weightStyle="AxureHandwriting-Bold" weight="700" isBold="True" isItalic="False"/>
                      <text>TRUCK</text>
                    </textSet>
                    <selectedIndex>-1</selectedIndex>
                    <selectedColor>4282501083</selectedColor>
                    <textPadding>0</textPadding>
                  </controlProperties>
                </control>
                <control controlID="019F74E8-CEDB-4D92-A0A2-BE76C4BA2B3E" controlTypeID="Line" isShow="True" caption="Line" x="0" y="153" w="460" h="2" measuredW="120" measuredH="120" zOrder="12" locked="False" sizeLocked="False">
                  <controlProperties>
                    <basic color="4278190080" borderVisible="True" borderColor="4284900966" isAutoSize="False" status="MsEnabled" opacity="1" isCommentCom="False" canMove="True" alias="" rotation="0"/>
                    <states/>
                    <verticalScrollbarShow>False</verticalScrollbarShow>
                    <verticalScrollbarProgress>0</verticalScrollbarProgress>
                    <horizontalScrollbarShow>False</horizontalScrollbarShow>
                    <horizontalScrollbarProgress>0</horizontalScrollbarProgress>
                    <links eventType="AtClick" animate="AmPushDown" animateAutoDelay="0" animateDuration="500">
                      <link targetPageID="" linkType="ltPageLink" isApplyIncludePage="False" title="Link">
                        <area shape="0" alt="" ID="{91620B37-D792-45E6-8258-729D3446A1F4}" coords="(0,0,460,2)"/>
                      </link>
                    </links>
                    <interactiveData>
                      <entry title="">
                        <area shape="0" alt="" ID="{44B514FB-C29E-443C-A251-3CF0F9F1DD0C}" coords="(0,0,460,2)"/>
                        <events title=""/>
                      </entry>
                    </interactiveData>
                    <textSet textColor="4278190080" textSize="14" lineSpacingMultiple="1" textAlign="HaCenter" textVAlign="VaTop" textWordWrap="True" lineSpacing="17" textStyles="[]" useDefaultTextSize="True">
                      <font family="Axure+Handwriting" displayName="AxureHandwriting" postScript="" weightStyle="AxureHandwriting" weight="400" isBold="False" isItalic="False"/>
                    </textSet>
                    <selectedIndex>-1</selectedIndex>
                    <selectedColor>4282501083</selectedColor>
                    <textPadding>0</textPadding>
                    <controlPoint>(230,1)</controlPoint>
                    <startPoint>(1,1)</startPoint>
                    <endPoint>(460,1)</endPoint>
                    <thickness>2</thickness>
                    <dashMode>SdSolid</dashMode>
                    <textBackgroundColor>4294967295</textBackgroundColor>
                    <textBorderColor>4284900966</textBorderColor>
                    <showStartArrow>0</showStartArrow>
                    <showEndArrow>0</showEndArrow>
                    <isCurved>True</isCurved>
                    <isTextPosCenter>True</isTextPosCenter>
                  </controlProperties>
                </control>
                <control controlID="62808C21-FABD-470F-A630-4346BC1BE51D" controlTypeID="Line" isShow="True" caption="Line" x="351" y="164" w="2" h="35" measuredW="120" measuredH="120" zOrder="13" locked="False" sizeLocked="False">
                  <controlProperties>
                    <basic color="4278190080" borderVisible="True" borderColor="4284900966" isAutoSize="False" status="MsEnabled" opacity="1" isCommentCom="False" canMove="True" alias="" rotation="0"/>
                    <states/>
                    <verticalScrollbarShow>False</verticalScrollbarShow>
                    <verticalScrollbarProgress>0</verticalScrollbarProgress>
                    <horizontalScrollbarShow>False</horizontalScrollbarShow>
                    <horizontalScrollbarProgress>0</horizontalScrollbarProgress>
                    <links eventType="AtClick" animate="AmPushDown" animateAutoDelay="0" animateDuration="500">
                      <link targetPageID="" linkType="ltPageLink" isApplyIncludePage="False" title="Link">
                        <area shape="0" alt="" ID="{F84C04DB-5173-4987-837D-C7AFC73C8D98}" coords="(0,0,2,35)"/>
                      </link>
                    </links>
                    <interactiveData>
                      <entry title="">
                        <area shape="0" alt="" ID="{D58FB13D-28DC-4FED-8040-5AB748335CB0}" coords="(0,0,2,35)"/>
                        <events title=""/>
                      </entry>
                    </interactiveData>
                    <textSet textColor="4278190080" textSize="14" lineSpacingMultiple="1" textAlign="HaCenter" textVAlign="VaTop" textWordWrap="True" lineSpacing="17" textStyles="[]" useDefaultTextSize="True">
                      <font family="Axure+Handwriting" displayName="AxureHandwriting" postScript="" weightStyle="AxureHandwriting" weight="400" isBold="False" isItalic="False"/>
                    </textSet>
                    <selectedIndex>-1</selectedIndex>
                    <selectedColor>4282501083</selectedColor>
                    <textPadding>0</textPadding>
                    <controlPoint>(1,18)</controlPoint>
                    <startPoint>(1,1)</startPoint>
                    <endPoint>(1,34)</endPoint>
                    <thickness>2</thickness>
                    <dashMode>SdSolid</dashMode>
                    <textBackgroundColor>4294967295</textBackgroundColor>
                    <textBorderColor>4284900966</textBorderColor>
                    <showStartArrow>0</showStartArrow>
                    <showEndArrow>0</showEndArrow>
                    <isCurved>True</isCurved>
                    <isTextPosCenter>True</isTextPosCenter>
                  </controlProperties>
                </control>
                <control controlID="85E17025-6AEA-41A0-9F82-8634C2B15663" controlTypeID="Line" isShow="True" caption="Line" x="229" y="165" w="2" h="35" measuredW="120" measuredH="120" zOrder="14" locked="False" sizeLocked="False">
                  <controlProperties>
                    <basic color="4278190080" borderVisible="True" borderColor="4284900966" isAutoSize="False" status="MsEnabled" opacity="1" isCommentCom="False" canMove="True" alias="" rotation="0"/>
                    <states/>
                    <verticalScrollbarShow>False</verticalScrollbarShow>
                    <verticalScrollbarProgress>0</verticalScrollbarProgress>
                    <horizontalScrollbarShow>False</horizontalScrollbarShow>
                    <horizontalScrollbarProgress>0</horizontalScrollbarProgress>
                    <links eventType="AtClick" animate="AmPushDown" animateAutoDelay="0" animateDuration="500">
                      <link targetPageID="" linkType="ltPageLink" isApplyIncludePage="False" title="Link">
                        <area shape="0" alt="" ID="{F84C04DB-5173-4987-837D-C7AFC73C8D98}" coords="(0,0,2,35)"/>
                      </link>
                    </links>
                    <interactiveData>
                      <entry title="">
                        <area shape="0" alt="" ID="{D58FB13D-28DC-4FED-8040-5AB748335CB0}" coords="(0,0,2,35)"/>
                        <events title=""/>
                      </entry>
                    </interactiveData>
                    <textSet textColor="4278190080" textSize="14" lineSpacingMultiple="1" textAlign="HaCenter" textVAlign="VaTop" textWordWrap="True" lineSpacing="17" textStyles="[]" useDefaultTextSize="True">
                      <font family="Axure+Handwriting" displayName="AxureHandwriting" postScript="" weightStyle="AxureHandwriting" weight="400" isBold="False" isItalic="False"/>
                    </textSet>
                    <selectedIndex>-1</selectedIndex>
                    <selectedColor>4282501083</selectedColor>
                    <textPadding>0</textPadding>
                    <controlPoint>(1,18)</controlPoint>
                    <startPoint>(1,1)</startPoint>
                    <endPoint>(1,34)</endPoint>
                    <thickness>2</thickness>
                    <dashMode>SdSolid</dashMode>
                    <textBackgroundColor>4294967295</textBackgroundColor>
                    <textBorderColor>4284900966</textBorderColor>
                    <showStartArrow>0</showStartArrow>
                    <showEndArrow>0</showEndArrow>
                    <isCurved>True</isCurved>
                    <isTextPosCenter>True</isTextPosCenter>
                  </controlProperties>
                </control>
                <control controlID="7FCBA614-D793-42EE-A141-A8D9F67A0862" controlTypeID="Line" isShow="True" caption="Line" x="110" y="165" w="2" h="35" measuredW="120" measuredH="120" zOrder="15" locked="False" sizeLocked="False">
                  <controlProperties>
                    <basic color="4278190080" borderVisible="True" borderColor="4284900966" isAutoSize="False" status="MsEnabled" opacity="1" isCommentCom="False" canMove="True" alias="" rotation="0"/>
                    <states/>
                    <verticalScrollbarShow>False</verticalScrollbarShow>
                    <verticalScrollbarProgress>0</verticalScrollbarProgress>
                    <horizontalScrollbarShow>False</horizontalScrollbarShow>
                    <horizontalScrollbarProgress>0</horizontalScrollbarProgress>
                    <links eventType="AtClick" animate="AmPushDown" animateAutoDelay="0" animateDuration="500">
                      <link targetPageID="" linkType="ltPageLink" isApplyIncludePage="False" title="Link">
                        <area shape="0" alt="" ID="{F84C04DB-5173-4987-837D-C7AFC73C8D98}" coords="(0,0,2,35)"/>
                      </link>
                    </links>
                    <interactiveData>
                      <entry title="">
                        <area shape="0" alt="" ID="{D58FB13D-28DC-4FED-8040-5AB748335CB0}" coords="(0,0,2,35)"/>
                        <events title=""/>
                      </entry>
                    </interactiveData>
                    <textSet textColor="4278190080" textSize="14" lineSpacingMultiple="1" textAlign="HaCenter" textVAlign="VaTop" textWordWrap="True" lineSpacing="17" textStyles="[]" useDefaultTextSize="True">
                      <font family="Axure+Handwriting" displayName="AxureHandwriting" postScript="" weightStyle="AxureHandwriting" weight="400" isBold="False" isItalic="False"/>
                    </textSet>
                    <selectedIndex>-1</selectedIndex>
                    <selectedColor>4282501083</selectedColor>
                    <textPadding>0</textPadding>
                    <controlPoint>(1,18)</controlPoint>
                    <startPoint>(1,1)</startPoint>
                    <endPoint>(1,34)</endPoint>
                    <thickness>2</thickness>
                    <dashMode>SdSolid</dashMode>
                    <textBackgroundColor>4294967295</textBackgroundColor>
                    <textBorderColor>4284900966</textBorderColor>
                    <showStartArrow>0</showStartArrow>
                    <showEndArrow>0</showEndArrow>
                    <isCurved>True</isCurved>
                    <isTextPosCenter>True</isTextPosCenter>
                  </controlProperties>
                </control>
              </groupChildrenDescriptors>
            </controlProperties>
          </control>
          <control controlID="CEC5C91F-FCEA-4C0C-BD50-50BAC5F785FA" controlTypeID="Border" isShow="True" caption="Border" x="0" y="0" w="360" h="216" measuredW="0" measuredH="0" zOrder="1" locked="True" sizeLocked="False">
            <controlProperties>
              <basic color="4284900966" borderVisible="False" borderColor="4278190080" isAutoSize="False" status="MsEnabled" opacity="1" isCommentCom="False" canMove="True" alias="borderLayer" rotation="0"/>
              <states/>
              <verticalScrollbarShow>False</verticalScrollbarShow>
              <verticalScrollbarProgress>0</verticalScrollbarProgress>
              <horizontalScrollbarShow>False</horizontalScrollbarShow>
              <horizontalScrollbarProgress>0</horizontalScrollbarProgress>
              <links eventType="AtClick" animate="AmPushDown" animateAutoDelay="0" animateDuration="500">
                <link targetPageID="" linkType="ltPageLink" isApplyIncludePage="False" title="Link">
                  <area shape="0" alt="" ID="{30E5D0A3-58AF-435F-9B6E-705B202D93A7}" coords="(0,0,360,216)"/>
                </link>
              </links>
              <interactiveData>
                <entry title="">
                  <area shape="0" alt="" ID="{654261DA-76EC-4691-A1F7-FE6D06F32363}" coords="(0,0,360,216)"/>
                  <events title=""/>
                </entry>
              </interactiveData>
              <thickness>1</thickness>
              <dashMode>SdSolid</dashMode>
            </controlProperties>
          </control>
        </groupChildrenDescriptors>
        <canHoriScroll>True</canHoriScroll>
        <canVertScroll>True</canVertScroll>
        <showScrollBars>True</showScrollBars>
      </controlProperties>
    </control>
    <control controlID="41FE0233-7563-49DB-A327-6A4C61EF814A" controlTypeID="Line" isShow="True" caption="Line" x="0" y="120" w="360" h="1" measuredW="120" measuredH="120" zOrder="5" locked="False" sizeLocked="False">
      <controlProperties>
        <basic color="4278190080" borderVisible="True" borderColor="4284900966" isAutoSize="False" status="MsEnabled" opacity="1" isCommentCom="False" canMove="True" alias="" rotation="0"/>
        <states/>
        <verticalScrollbarShow>False</verticalScrollbarShow>
        <verticalScrollbarProgress>0</verticalScrollbarProgress>
        <horizontalScrollbarShow>False</horizontalScrollbarShow>
        <horizontalScrollbarProgress>0</horizontalScrollbarProgress>
        <links eventType="AtClick" animate="AmPushDown" animateAutoDelay="0" animateDuration="500">
          <link targetPageID="" linkType="ltPageLink" isApplyIncludePage="False" title="Link">
            <area shape="0" alt="" ID="{F1D4CE84-619F-462B-8239-0305806D3149}" coords="(0,0,360,1)"/>
          </link>
        </links>
        <interactiveData>
          <entry title="">
            <area shape="0" alt="" ID="{DA58BB7F-C2C9-4A8B-82B5-6E4A1505C60A}" coords="(0,0,360,1)"/>
            <events title=""/>
          </entry>
        </interactiveData>
        <textSet textColor="4278190080" textSize="14" lineSpacingMultiple="1" textAlign="HaCenter" textVAlign="VaTop" textWordWrap="True" lineSpacing="17" textStyles="[]" useDefaultTextSize="True">
          <font family="Axure+Handwriting" displayName="AxureHandwriting" postScript="" weightStyle="AxureHandwriting" weight="400" isBold="False" isItalic="False"/>
        </textSet>
        <selectedIndex>-1</selectedIndex>
        <selectedColor>4282501083</selectedColor>
        <textPadding>0</textPadding>
        <controlPoint>(180,0)</controlPoint>
        <startPoint>(1,0)</startPoint>
        <endPoint>(360,0)</endPoint>
        <thickness>1</thickness>
        <dashMode>SdSolid</dashMode>
        <textBackgroundColor>4294967295</textBackgroundColor>
        <textBorderColor>4284900966</textBorderColor>
        <showStartArrow>0</showStartArrow>
        <showEndArrow>0</showEndArrow>
        <isCurved>True</isCurved>
        <isTextPosCenter>True</isTextPosCenter>
      </controlProperties>
    </control>
    <control controlID="176AC939-A62D-4896-90D5-DB02C3452468" controlTypeID="Shape" isShow="True" caption="Shape" x="0" y="64" w="360" h="114" measuredW="120" measuredH="100" zOrder="6" locked="False" sizeLocked="False">
      <controlProperties>
        <basic color="4293980337" borderVisible="True" borderColor="4284900966" isAutoSize="False" status="MsEnabled" opacity="0.800000011920929" isCommentCom="False" canMove="True" alias="" rotation="0"/>
        <states/>
        <verticalScrollbarShow>False</verticalScrollbarShow>
        <verticalScrollbarProgress>0</verticalScrollbarProgress>
        <horizontalScrollbarShow>False</horizontalScrollbarShow>
        <horizontalScrollbarProgress>0</horizontalScrollbarProgress>
        <links eventType="AtClick" animate="AmPushDown" animateAutoDelay="0" animateDuration="500">
          <link targetPageID="" linkType="ltPageLink" isApplyIncludePage="False" title="Link">
            <area shape="0" alt="" ID="{85B8E4CE-C697-4E26-9AE5-85785789D45E}" coords="(0,0,360,114)"/>
          </link>
        </links>
        <interactiveData>
          <entry title="">
            <area shape="0" alt="" ID="{0168B448-F565-4569-BEE8-25DD979D067E}" coords="(0,0,360,114)"/>
            <events title=""/>
          </entry>
        </interactiveData>
        <textSet textColor="4278190080" textSize="14" lineSpacingMultiple="1" textAlign="HaCenter" textVAlign="VaMiddle" textWordWrap="True" lineSpacing="17" textStyles="[]" useDefaultTextSize="True">
          <font family="Axure+Handwriting" displayName="AxureHandwriting" postScript="" weightStyle="AxureHandwriting" weight="400" isBold="False" isItalic="False"/>
        </textSet>
        <selectedIndex>-1</selectedIndex>
        <selectedColor>4282501083</selectedColor>
        <textPadding>0</textPadding>
        <shapeBorderType>SbRectangle</shapeBorderType>
        <triangleType>TdZero</triangleType>
        <dashMode>SdSolid</dashMode>
        <rectangleBorderLeftVisible>True</rectangleBorderLeftVisible>
        <rectangleBorderRightVisible>True</rectangleBorderRightVisible>
        <rectangleBorderTopVisible>True</rectangleBorderTopVisible>
        <rectangleBorderBottomVisible>True</rectangleBorderBottomVisible>
        <radius>0</radius>
        <radiusIsPercent>False</radiusIsPercent>
        <thickness>1</thickness>
      </controlProperties>
    </control>
    <control controlID="92067EBC-E143-4B18-9C4F-1A472B29DAE2" controlTypeID="Icon" isShow="True" caption="Icon" x="10" y="81" w="24" h="24" measuredW="32" measuredH="32" zOrder="7" locked="False" sizeLocked="False">
      <controlProperties>
        <basic color="4278255360" borderVisible="True" borderColor="4284900966" isAutoSize="False" status="MsEnabled" opacity="1" isCommentCom="False" canMove="True" alias="" rotation="0"/>
        <states/>
        <verticalScrollbarShow>False</verticalScrollbarShow>
        <verticalScrollbarProgress>0</verticalScrollbarProgress>
        <horizontalScrollbarShow>False</horizontalScrollbarShow>
        <horizontalScrollbarProgress>0</horizontalScrollbarProgress>
        <links eventType="AtClick" animate="AmPushDown" animateAutoDelay="0" animateDuration="500">
          <link targetPageID="" linkType="ltPageLink" isApplyIncludePage="False" title="Link">
            <area shape="0" alt="" ID="{2E8E3F49-3E8B-4E67-B4F7-2247BAFFC217}" coords="(0,0,24,24)"/>
          </link>
        </links>
        <interactiveData>
          <entry title="">
            <area shape="0" alt="" ID="{602A5640-8154-4D19-87DA-B4C8207A6B9E}" coords="(0,0,24,24)"/>
            <events title=""/>
          </entry>
        </interactiveData>
        <rotationAngle>TdZero</rotationAngle>
        <icon>
          <ID/>
          <iconFontName>jdIonicons</iconFontName>
          <iconCode>62371</iconCode>
        </icon>
        <URL>474A61FDC203C97B2EEFAF494C017CCB.svg</URL>
        <FlipHorizontal>False</FlipHorizontal>
        <FlipVertical>False</FlipVertical>
      </controlProperties>
    </control>
    <control controlID="EC43D312-AA63-4ACC-823E-789A28567CC4" controlTypeID="Icon" isShow="True" caption="Icon" x="10" y="139" w="24" h="24" measuredW="32" measuredH="32" zOrder="8" locked="False" sizeLocked="False">
      <controlProperties>
        <basic color="4294901760" borderVisible="True" borderColor="4284900966" isAutoSize="False" status="MsEnabled" opacity="1" isCommentCom="False" canMove="True" alias="" rotation="0"/>
        <states/>
        <verticalScrollbarShow>False</verticalScrollbarShow>
        <verticalScrollbarProgress>0</verticalScrollbarProgress>
        <horizontalScrollbarShow>False</horizontalScrollbarShow>
        <horizontalScrollbarProgress>0</horizontalScrollbarProgress>
        <links eventType="AtClick" animate="AmPushDown" animateAutoDelay="0" animateDuration="500">
          <link targetPageID="" linkType="ltPageLink" isApplyIncludePage="False" title="Link">
            <area shape="0" alt="" ID="{2E8E3F49-3E8B-4E67-B4F7-2247BAFFC217}" coords="(0,0,24,24)"/>
          </link>
        </links>
        <interactiveData>
          <entry title="">
            <area shape="0" alt="" ID="{602A5640-8154-4D19-87DA-B4C8207A6B9E}" coords="(0,0,24,24)"/>
            <events title=""/>
          </entry>
        </interactiveData>
        <rotationAngle>TdZero</rotationAngle>
        <icon>
          <ID/>
          <iconFontName>jdIonicons</iconFontName>
          <iconCode>62371</iconCode>
        </icon>
        <URL>474A61FDC203C97B2EEFAF494C017CCB.svg</URL>
        <FlipHorizontal>False</FlipHorizontal>
        <FlipVertical>False</FlipVertical>
      </controlProperties>
    </control>
    <control controlID="A29818FB-C12F-44C4-8FA8-A0204E375D09" controlTypeID="Label" isShow="True" caption="Label" x="40" y="70" w="128" h="16" measuredW="0" measuredH="0" zOrder="9" locked="False" sizeLocked="False">
      <controlProperties>
        <basic color="0" borderVisible="True" borderColor="4284900966" isAutoSize="True" status="MsEnabled" opacity="1" isCommentCom="False" canMove="True" alias="" rotation="0"/>
        <states/>
        <verticalScrollbarShow>False</verticalScrollbarShow>
        <verticalScrollbarProgress>0</verticalScrollbarProgress>
        <horizontalScrollbarShow>False</horizontalScrollbarShow>
        <horizontalScrollbarProgress>0</horizontalScrollbarProgress>
        <links eventType="AtClick" animate="AmPushDown" animateAutoDelay="0" animateDuration="500">
          <link targetPageID="" linkType="ltPageLink" isApplyIncludePage="False" title="Link">
            <area shape="0" alt="" ID="{B2640E40-2734-46EC-81C9-67C9582A1BB8}" coords="(0,0,128,16)"/>
          </link>
        </links>
        <interactiveData>
          <entry title="">
            <area shape="0" alt="" ID="{38C871FF-557D-4B59-9B3F-40B7D18027CA}" coords="(0,0,128,16)"/>
            <events title=""/>
          </entry>
        </interactiveData>
        <textSet textColor="4278190080" textSize="13" lineSpacingMultiple="1" textAlign="HaLeft" textVAlign="VaTop" textWordWrap="True" lineSpacing="16" textStyles="[fsBold]" useDefaultTextSize="False">
          <font family="Axure+Handwriting" displayName="AxureHandwriting-Bold" postScript="" weightStyle="AxureHandwriting-Bold" weight="700" isBold="True" isItalic="False"/>
          <text>PICK+UP+LOCATION</text>
        </textSet>
        <selectedIndex>-1</selectedIndex>
        <selectedColor>4282501083</selectedColor>
        <textPadding>0</textPadding>
      </controlProperties>
    </control>
    <control controlID="E7896E65-EC2F-4352-8D25-CB24D7923C23" controlTypeID="Label" isShow="True" caption="Label" x="40" y="127" w="142" h="16" measuredW="0" measuredH="0" zOrder="10" locked="False" sizeLocked="False">
      <controlProperties>
        <basic color="0" borderVisible="True" borderColor="4284900966" isAutoSize="True" status="MsEnabled" opacity="1" isCommentCom="False" canMove="True" alias="" rotation="0"/>
        <states/>
        <verticalScrollbarShow>False</verticalScrollbarShow>
        <verticalScrollbarProgress>0</verticalScrollbarProgress>
        <horizontalScrollbarShow>False</horizontalScrollbarShow>
        <horizontalScrollbarProgress>0</horizontalScrollbarProgress>
        <links eventType="AtClick" animate="AmPushDown" animateAutoDelay="0" animateDuration="500">
          <link targetPageID="" linkType="ltPageLink" isApplyIncludePage="False" title="Link">
            <area shape="0" alt="" ID="{52DA5FC4-59A4-43B3-B63A-0676A53E44BD}" coords="(0,0,142,16)"/>
          </link>
        </links>
        <interactiveData>
          <entry title="">
            <area shape="0" alt="" ID="{B70FF139-5AC3-4220-BE38-FA0379482D87}" coords="(0,0,142,16)"/>
            <events title=""/>
          </entry>
        </interactiveData>
        <textSet textColor="4278190080" textSize="13" lineSpacingMultiple="1" textAlign="HaLeft" textVAlign="VaTop" textWordWrap="True" lineSpacing="16" textStyles="[fsBold]" useDefaultTextSize="False">
          <font family="Axure+Handwriting" displayName="AxureHandwriting-Bold" postScript="" weightStyle="AxureHandwriting-Bold" weight="700" isBold="True" isItalic="False"/>
          <text>DROP+OFF+LOCATION</text>
        </textSet>
        <selectedIndex>-1</selectedIndex>
        <selectedColor>4282501083</selectedColor>
        <textPadding>0</textPadding>
      </controlProperties>
    </control>
    <control controlID="7FB66901-E23B-4BFF-871C-80F1ECBBB934" controlTypeID="Label" isShow="True" caption="Label" x="40" y="93" w="288" h="17" measuredW="0" measuredH="0" zOrder="11" locked="False" sizeLocked="False">
      <controlProperties>
        <basic color="0" borderVisible="True" borderColor="4284900966" isAutoSize="True" status="MsEnabled" opacity="1" isCommentCom="False" canMove="True" alias="" rotation="0"/>
        <states/>
        <verticalScrollbarShow>False</verticalScrollbarShow>
        <verticalScrollbarProgress>0</verticalScrollbarProgress>
        <horizontalScrollbarShow>False</horizontalScrollbarShow>
        <horizontalScrollbarProgress>0</horizontalScrollbarProgress>
        <links eventType="AtClick" animate="AmPushDown" animateAutoDelay="0" animateDuration="500">
          <link targetPageID="" linkType="ltPageLink" isApplyIncludePage="False" title="Link">
            <area shape="0" alt="" ID="{8E4B6DEE-6E67-4573-8D78-5DEB63C8F8D9}" coords="(0,0,288,17)"/>
          </link>
        </links>
        <interactiveData>
          <entry title="">
            <area shape="0" alt="" ID="{67A069DA-3B22-42D9-BDFD-09DF2F7FE881}" coords="(0,0,288,17)"/>
            <events title=""/>
          </entry>
        </interactiveData>
        <textSet textColor="4278190080" textSize="14" lineSpacingMultiple="1" textAlign="HaLeft" textVAlign="VaTop" textWordWrap="True" lineSpacing="17" textStyles="[]" useDefaultTextSize="True">
          <font family="Axure+Handwriting" displayName="AxureHandwriting" postScript="" weightStyle="AxureHandwriting" weight="400" isBold="False" isItalic="False"/>
          <text>New+Market%2C+Obafemi+Awolowo+University%2C+Ife</text>
        </textSet>
        <selectedIndex>-1</selectedIndex>
        <selectedColor>4282501083</selectedColor>
        <textPadding>0</textPadding>
      </controlProperties>
    </control>
    <control controlID="DA406336-9553-4741-9EC6-7D5C041EF7B8" controlTypeID="Label" isShow="True" caption="Label" x="40" y="153" w="194" h="17" measuredW="0" measuredH="0" zOrder="12" locked="False" sizeLocked="False">
      <controlProperties>
        <basic color="0" borderVisible="True" borderColor="4284900966" isAutoSize="True" status="MsEnabled" opacity="1" isCommentCom="False" canMove="True" alias="" rotation="0"/>
        <states/>
        <verticalScrollbarShow>False</verticalScrollbarShow>
        <verticalScrollbarProgress>0</verticalScrollbarProgress>
        <horizontalScrollbarShow>False</horizontalScrollbarShow>
        <horizontalScrollbarProgress>0</horizontalScrollbarProgress>
        <links eventType="AtClick" animate="AmPushDown" animateAutoDelay="0" animateDuration="500">
          <link targetPageID="" linkType="ltPageLink" isApplyIncludePage="False" title="Link">
            <area shape="0" alt="" ID="{8E4B6DEE-6E67-4573-8D78-5DEB63C8F8D9}" coords="(0,0,194,17)"/>
          </link>
        </links>
        <interactiveData>
          <entry title="">
            <area shape="0" alt="" ID="{67A069DA-3B22-42D9-BDFD-09DF2F7FE881}" coords="(0,0,194,17)"/>
            <events title=""/>
          </entry>
        </interactiveData>
        <textSet textColor="4278190080" textSize="14" lineSpacingMultiple="1" textAlign="HaLeft" textVAlign="VaTop" textWordWrap="True" lineSpacing="17" textStyles="[]" useDefaultTextSize="True">
          <font family="Axure+Handwriting" displayName="AxureHandwriting" postScript="" weightStyle="AxureHandwriting" weight="400" isBold="False" isItalic="False"/>
          <text>House+34%2C+Ede+road%2C+Ife%2C+Osun</text>
        </textSet>
        <selectedIndex>-1</selectedIndex>
        <selectedColor>4282501083</selectedColor>
        <textPadding>0</textPadding>
      </controlProperties>
    </control>
    <control controlID="ADA14ED6-CA9B-493F-A2E2-100868ED176B" controlTypeID="Line" isShow="True" caption="Line" x="-1" y="183" w="360" h="1" measuredW="120" measuredH="120" zOrder="13" locked="False" sizeLocked="False">
      <controlProperties>
        <basic color="4284900966" borderVisible="True" borderColor="4284900966" isAutoSize="False" status="MsEnabled" opacity="1" isCommentCom="False" canMove="True" alias="" rotation="0"/>
        <states/>
        <verticalScrollbarShow>False</verticalScrollbarShow>
        <verticalScrollbarProgress>0</verticalScrollbarProgress>
        <horizontalScrollbarShow>False</horizontalScrollbarShow>
        <horizontalScrollbarProgress>0</horizontalScrollbarProgress>
        <links eventType="AtClick" animate="AmPushDown" animateAutoDelay="0" animateDuration="500">
          <link targetPageID="" linkType="ltPageLink" isApplyIncludePage="False" title="Link">
            <area shape="0" alt="" ID="{F1D4CE84-619F-462B-8239-0305806D3149}" coords="(0,0,360,1)"/>
          </link>
        </links>
        <interactiveData>
          <entry title="">
            <area shape="0" alt="" ID="{DA58BB7F-C2C9-4A8B-82B5-6E4A1505C60A}" coords="(0,0,360,1)"/>
            <events title=""/>
          </entry>
        </interactiveData>
        <textSet textColor="4278190080" textSize="14" lineSpacingMultiple="1" textAlign="HaCenter" textVAlign="VaTop" textWordWrap="True" lineSpacing="17" textStyles="[]" useDefaultTextSize="True">
          <font family="Axure+Handwriting" displayName="AxureHandwriting" postScript="" weightStyle="AxureHandwriting" weight="400" isBold="False" isItalic="False"/>
        </textSet>
        <selectedIndex>-1</selectedIndex>
        <selectedColor>4282501083</selectedColor>
        <textPadding>0</textPadding>
        <controlPoint>(180,0)</controlPoint>
        <startPoint>(1,0)</startPoint>
        <endPoint>(360,0)</endPoint>
        <thickness>1</thickness>
        <dashMode>SdSolid</dashMode>
        <textBackgroundColor>4294967295</textBackgroundColor>
        <textBorderColor>4284900966</textBorderColor>
        <showStartArrow>0</showStartArrow>
        <showEndArrow>0</showEndArrow>
        <isCurved>True</isCurved>
        <isTextPosCenter>True</isTextPosCenter>
      </controlProperties>
    </control>
    <control controlID="BA0A97F1-F000-4858-8649-7F50AB77DC1A" controlTypeID="Image" isShow="True" caption="Image" x="0" y="180" w="360" h="244" measuredW="150" measuredH="150" zOrder="14" locked="False" sizeLocked="False">
      <controlProperties>
        <basic color="4294967295" borderVisible="False" borderColor="4284900966" isAutoSize="False" status="MsEnabled" opacity="1" isCommentCom="False" canMove="True" alias="" rotation="0"/>
        <states/>
        <verticalScrollbarShow>False</verticalScrollbarShow>
        <verticalScrollbarProgress>0</verticalScrollbarProgress>
        <horizontalScrollbarShow>False</horizontalScrollbarShow>
        <horizontalScrollbarProgress>0</horizontalScrollbarProgress>
        <links eventType="AtClick" animate="AmPushDown" animateAutoDelay="0" animateDuration="500">
          <link targetPageID="" linkType="ltPageLink" isApplyIncludePage="False" title="Link">
            <area shape="0" alt="" ID="{B2F6F023-04CB-4415-AAED-BA8920833E37}" coords="(0,0,360,244)"/>
          </link>
        </links>
        <interactiveData>
          <entry title="">
            <area shape="0" alt="" ID="{78DD33BD-BD75-411C-8486-0B9CA6CC2423}" coords="(0,0,360,244)"/>
            <events title=""/>
          </entry>
        </interactiveData>
        <rotationAngle>TdZero</rotationAngle>
        <clipShapeType>SbRectangle</clipShapeType>
        <radius>0</radius>
        <radiusIsPercent>False</radiusIsPercent>
        <URL>E15475CF87E6151CCE8F7899AC83336E.png</URL>
        <FlipHorizontal>False</FlipHorizontal>
        <FlipVertical>False</FlipVertical>
        <fitMode>2</fitMode>
        <showText>True</showText>
      </controlProperties>
    </control>
    <control controlID="96242098-15D1-46A7-A609-FDB2A7D9B49C" controlTypeID="Icon" isShow="True" caption="Icon" x="111" y="199" w="24" h="24" measuredW="32" measuredH="32" zOrder="15" locked="False" sizeLocked="False">
      <controlProperties>
        <basic color="4278255360" borderVisible="True" borderColor="4284900966" isAutoSize="False" status="MsEnabled" opacity="1" isCommentCom="False" canMove="True" alias="" rotation="0"/>
        <states/>
        <verticalScrollbarShow>False</verticalScrollbarShow>
        <verticalScrollbarProgress>0</verticalScrollbarProgress>
        <horizontalScrollbarShow>False</horizontalScrollbarShow>
        <horizontalScrollbarProgress>0</horizontalScrollbarProgress>
        <links eventType="AtClick" animate="AmPushDown" animateAutoDelay="0" animateDuration="500">
          <link targetPageID="" linkType="ltPageLink" isApplyIncludePage="False" title="Link">
            <area shape="0" alt="" ID="{2E8E3F49-3E8B-4E67-B4F7-2247BAFFC217}" coords="(0,0,24,24)"/>
          </link>
        </links>
        <interactiveData>
          <entry title="">
            <area shape="0" alt="" ID="{602A5640-8154-4D19-87DA-B4C8207A6B9E}" coords="(0,0,24,24)"/>
            <events title=""/>
          </entry>
        </interactiveData>
        <rotationAngle>TdZero</rotationAngle>
        <icon>
          <ID/>
          <iconFontName>jdIonicons</iconFontName>
          <iconCode>62371</iconCode>
        </icon>
        <URL>474A61FDC203C97B2EEFAF494C017CCB.svg</URL>
        <FlipHorizontal>False</FlipHorizontal>
        <FlipVertical>False</FlipVertical>
      </controlProperties>
    </control>
    <control controlID="0D1E2C96-1915-4F8E-BD40-43DD3934A232" controlTypeID="Icon" isShow="True" caption="Icon" x="294" y="267" w="24" h="24" measuredW="32" measuredH="32" zOrder="16" locked="False" sizeLocked="False">
      <controlProperties>
        <basic color="4294901760" borderVisible="True" borderColor="4284900966" isAutoSize="False" status="MsEnabled" opacity="1" isCommentCom="False" canMove="True" alias="" rotation="0"/>
        <states/>
        <verticalScrollbarShow>False</verticalScrollbarShow>
        <verticalScrollbarProgress>0</verticalScrollbarProgress>
        <horizontalScrollbarShow>False</horizontalScrollbarShow>
        <horizontalScrollbarProgress>0</horizontalScrollbarProgress>
        <links eventType="AtClick" animate="AmPushDown" animateAutoDelay="0" animateDuration="500">
          <link targetPageID="" linkType="ltPageLink" isApplyIncludePage="False" title="Link">
            <area shape="0" alt="" ID="{2E8E3F49-3E8B-4E67-B4F7-2247BAFFC217}" coords="(0,0,24,24)"/>
          </link>
        </links>
        <interactiveData>
          <entry title="">
            <area shape="0" alt="" ID="{602A5640-8154-4D19-87DA-B4C8207A6B9E}" coords="(0,0,24,24)"/>
            <events title=""/>
          </entry>
        </interactiveData>
        <rotationAngle>TdZero</rotationAngle>
        <icon>
          <ID/>
          <iconFontName>jdIonicons</iconFontName>
          <iconCode>62371</iconCode>
        </icon>
        <URL>474A61FDC203C97B2EEFAF494C017CCB.svg</URL>
        <FlipHorizontal>False</FlipHorizontal>
        <FlipVertical>False</FlipVertical>
      </controlProperties>
    </control>
    <control controlID="FC4E9D53-00D4-43F7-87FA-B8444904D51B" controlTypeID="Line" isShow="True" caption="Line" x="124" y="236" w="182" h="51" measuredW="120" measuredH="120" zOrder="17" locked="False" sizeLocked="False">
      <controlProperties>
        <basic color="4278190080" borderVisible="True" borderColor="4284900966" isAutoSize="False" status="MsEnabled" opacity="1" isCommentCom="False" canMove="True" alias="" rotation="0"/>
        <states/>
        <verticalScrollbarShow>False</verticalScrollbarShow>
        <verticalScrollbarProgress>0</verticalScrollbarProgress>
        <horizontalScrollbarShow>False</horizontalScrollbarShow>
        <horizontalScrollbarProgress>0</horizontalScrollbarProgress>
        <links eventType="AtClick" animate="AmPushDown" animateAutoDelay="0" animateDuration="500">
          <link targetPageID="" linkType="ltPageLink" isApplyIncludePage="False" title="Link">
            <area shape="0" alt="" ID="{508B50A1-4F8E-4437-8AF3-EA943D5A3AA0}" coords="(0,0,182,51)"/>
          </link>
        </links>
        <interactiveData>
          <entry title="">
            <area shape="0" alt="" ID="{7965DED0-0A0C-4C05-B27F-534717C84DD9}" coords="(0,0,182,51)"/>
            <events title=""/>
          </entry>
        </interactiveData>
        <textSet textColor="4278190080" textSize="14" lineSpacingMultiple="1" textAlign="HaCenter" textVAlign="VaTop" textWordWrap="True" lineSpacing="17" textStyles="[]" useDefaultTextSize="True">
          <font family="Axure+Handwriting" displayName="AxureHandwriting" postScript="" weightStyle="AxureHandwriting" weight="400" isBold="False" isItalic="False"/>
        </textSet>
        <selectedIndex>-1</selectedIndex>
        <selectedColor>4282501083</selectedColor>
        <textPadding>0</textPadding>
        <controlPoint>(91,26)</controlPoint>
        <startPoint>(2,2)</startPoint>
        <endPoint>(180,49)</endPoint>
        <thickness>5</thickness>
        <dashMode>SdDot</dashMode>
        <textBackgroundColor>4294967295</textBackgroundColor>
        <textBorderColor>4284900966</textBorderColor>
        <showStartArrow>0</showStartArrow>
        <showEndArrow>0</showEndArrow>
        <isCurved>True</isCurved>
        <isTextPosCenter>True</isTextPosCenter>
      </controlProperties>
    </control>
    <control controlID="397EB0D5-F7BB-429A-822D-371A42A49768" controlTypeID="Icon" isShow="True" caption="Icon" x="21" y="329" w="31" h="31" measuredW="32" measuredH="32" zOrder="18" locked="False" sizeLocked="False">
      <controlProperties>
        <basic color="4278190080" borderVisible="True" borderColor="4284900966" isAutoSize="False" status="MsEnabled" opacity="1" isCommentCom="False" canMove="True" alias="" rotation="0"/>
        <states/>
        <verticalScrollbarShow>False</verticalScrollbarShow>
        <verticalScrollbarProgress>0</verticalScrollbarProgress>
        <horizontalScrollbarShow>False</horizontalScrollbarShow>
        <horizontalScrollbarProgress>0</horizontalScrollbarProgress>
        <links eventType="AtClick" animate="AmPushDown" animateAutoDelay="0" animateDuration="500">
          <link targetPageID="" linkType="ltPageLink" isApplyIncludePage="False" title="Link">
            <area shape="0" alt="" ID="{C3B94889-0954-419F-BB70-7337021E664F}" coords="(0,0,31,31)"/>
          </link>
        </links>
        <interactiveData>
          <entry title="">
            <area shape="0" alt="" ID="{4B59FDE1-5557-4365-90D9-09DB9F7A5EDE}" coords="(0,0,31,31)"/>
            <events title=""/>
          </entry>
        </interactiveData>
        <rotationAngle>TdZero</rotationAngle>
        <icon>
          <ID/>
          <iconFontName>jdIonicons</iconFontName>
          <iconCode>62332</iconCode>
        </icon>
        <URL>6F02C335AB5E335179869A0CEC5FBC90.svg</URL>
        <FlipHorizontal>False</FlipHorizontal>
        <FlipVertical>False</FlipVertical>
      </controlProperties>
    </control>
    <control controlID="95372558-0186-423D-A757-0D885BF76436" controlTypeID="Label" isShow="True" caption="Label" x="14" y="381" w="47" h="17" measuredW="0" measuredH="0" zOrder="19" locked="False" sizeLocked="False">
      <controlProperties>
        <basic color="0" borderVisible="True" borderColor="4284900966" isAutoSize="True" status="MsEnabled" opacity="1" isCommentCom="False" canMove="True" alias="" rotation="0"/>
        <states/>
        <verticalScrollbarShow>False</verticalScrollbarShow>
        <verticalScrollbarProgress>0</verticalScrollbarProgress>
        <horizontalScrollbarShow>False</horizontalScrollbarShow>
        <horizontalScrollbarProgress>0</horizontalScrollbarProgress>
        <links eventType="AtClick" animate="AmPushDown" animateAutoDelay="0" animateDuration="500">
          <link targetPageID="" linkType="ltPageLink" isApplyIncludePage="False" title="Link">
            <area shape="0" alt="" ID="{099D7A5B-8F44-48CA-8EF0-958117E707D6}" coords="(0,0,47,17)"/>
          </link>
        </links>
        <interactiveData>
          <entry title="">
            <area shape="0" alt="" ID="{53EA357A-940F-415E-9919-2454408CD714}" coords="(0,0,47,17)"/>
            <events title=""/>
          </entry>
        </interactiveData>
        <textSet textColor="4278190080" textSize="14" lineSpacingMultiple="1" textAlign="HaLeft" textVAlign="VaTop" textWordWrap="True" lineSpacing="17" textStyles="[fsBold]" useDefaultTextSize="True">
          <font family="Axure+Handwriting" displayName="AxureHandwriting-Bold" postScript="" weightStyle="AxureHandwriting-Bold" weight="700" isBold="True" isItalic="False"/>
          <text>ZOOM</text>
        </textSet>
        <selectedIndex>-1</selectedIndex>
        <selectedColor>4282501083</selectedColor>
        <textPadding>0</textPadding>
      </controlProperties>
    </control>
  </controls>
  <param>
    <backgroundColor>4294967295</backgroundColor>
    <fontSize>0</fontSize>
    <fontFamily>Axure+Handwriting</fontFamily>
    <guideLines/>
  </param>
</mockup>