﻿<mockup version="4.7" minAllowVersion="4.7" ID="779B0901-DAD5-4EF1-B484-35A75DF888C0" platform="MtMobile" defaultW="360" defaultH="640" screenOrientation="MoPortrait" mobileScreenScale="1.77777779102325" measureW="360" measureH="640" clipArea="(0,0,0,0)">
  <controls controlCount="9">
    <control controlID="F8ED22C5-9206-46EC-B396-DE4E5F3773D6" controlTypeID="StatusBar(Android)" isShow="True" caption="Android+Status+Bar" x="0" y="0" w="360" h="20" measuredW="342" measuredH="20" zOrder="0" locked="False" sizeLocked="False">
      <controlProperties>
        <basic color="4278190080" borderVisible="True" borderColor="4284900966" isAutoSize="False" status="MsEnabled" opacity="1" isCommentCom="False" canMove="True" alias="" rotation="0"/>
        <states/>
        <verticalScrollbarShow>False</verticalScrollbarShow>
        <verticalScrollbarProgress>0</verticalScrollbarProgress>
        <horizontalScrollbarShow>False</horizontalScrollbarShow>
        <horizontalScrollbarProgress>0</horizontalScrollbarProgress>
        <links eventType="AtClick" animate="AmSlideRight" animateAutoDelay="0" animateDuration="500">
          <link targetPageID="" linkType="ltPageLink" isApplyIncludePage="False" title="Link">
            <area shape="0" alt="" ID="{0204C733-3BCA-4BD7-B0EC-2CF00AAAC02C}" coords="(0,0,360,20)"/>
          </link>
        </links>
        <interactiveData>
          <entry title="">
            <area shape="0" alt="" ID="{68A7F01C-D62D-4FA2-B801-0E328D58C2B3}" coords="(0,0,360,20)"/>
            <events title=""/>
          </entry>
        </interactiveData>
        <ForegroundColor>4294967295</ForegroundColor>
        <IsAutoTextColor>True</IsAutoTextColor>
      </controlProperties>
    </control>
    <control controlID="4D344C7C-A7F1-4713-844A-7D9C12D0C977" controlTypeID="TextInput" isShow="True" caption="Text+Input" x="20" y="161" w="320" h="39" measuredW="138" measuredH="36" zOrder="1" locked="False" sizeLocked="False">
      <controlProperties>
        <basic color="4294967295" borderVisible="True" borderColor="4294967040" isAutoSize="False" status="MsEnabled" opacity="1" isCommentCom="False" canMove="True" alias="" rotation="0"/>
        <states>
          <state propName="BorderColor" stateType="state_mouseOver" isChecked="True" value="4278190080" varType="20"/>
        </states>
        <verticalScrollbarShow>False</verticalScrollbarShow>
        <verticalScrollbarProgress>0</verticalScrollbarProgress>
        <horizontalScrollbarShow>False</horizontalScrollbarShow>
        <horizontalScrollbarProgress>0</horizontalScrollbarProgress>
        <links eventType="AtClick" animate="AmSlideRight" animateAutoDelay="0" animateDuration="500">
          <link targetPageID="" linkType="ltPageLink" isApplyIncludePage="False" title="Link">
            <area shape="0" alt="" ID="{48B9C4AE-9E7A-407E-B98D-20775AF03F66}" coords="(0,0,320,39)"/>
          </link>
        </links>
        <interactiveData>
          <entry title="">
            <area shape="0" alt="" ID="{B0C21744-2EF8-4E67-B6A7-49A467D87411}" coords="(0,0,320,39)"/>
            <events title=""/>
          </entry>
        </interactiveData>
        <textSet textColor="4278190080" textSize="14" lineSpacingMultiple="1" textAlign="HaLeft" textVAlign="VaMiddle" textWordWrap="True" lineSpacing="17" textStyles="[]" useDefaultTextSize="True">
          <font family="Axure+Handwriting" displayName="AxureHandwriting" postScript="" weightStyle="AxureHandwriting" weight="400" isBold="False" isItalic="False"/>
          <text>Email</text>
        </textSet>
        <selectedIndex>-1</selectedIndex>
        <selectedColor>4282501083</selectedColor>
        <textPadding>0</textPadding>
        <canInput>True</canInput>
        <placeHolder/>
        <inputModel>emText</inputModel>
      </controlProperties>
    </control>
    <control controlID="64A82D66-FC0D-4F72-8ADE-8C26D3060EE4" controlTypeID="Icon" isShow="True" caption="Icon" x="310" y="171" w="24" h="24" measuredW="32" measuredH="32" zOrder="2" locked="False" sizeLocked="False">
      <controlProperties>
        <basic color="4278190080" borderVisible="True" borderColor="4284900966" isAutoSize="False" status="MsEnabled" opacity="1" isCommentCom="False" canMove="True" alias="" rotation="0"/>
        <states/>
        <verticalScrollbarShow>False</verticalScrollbarShow>
        <verticalScrollbarProgress>0</verticalScrollbarProgress>
        <horizontalScrollbarShow>False</horizontalScrollbarShow>
        <horizontalScrollbarProgress>0</horizontalScrollbarProgress>
        <links eventType="AtClick" animate="AmSlideRight" animateAutoDelay="0" animateDuration="500">
          <link targetPageID="" linkType="ltPageLink" isApplyIncludePage="False" title="Link">
            <area shape="0" alt="" ID="{7758CEF4-BF49-46DD-9B67-0A06DB77D2D7}" coords="(0,0,24,24)"/>
          </link>
        </links>
        <interactiveData>
          <entry title="">
            <area shape="0" alt="" ID="{29FF75E2-1F7A-4267-B692-3E7E79D6B256}" coords="(0,0,24,24)"/>
            <events title=""/>
          </entry>
        </interactiveData>
        <rotationAngle>TdZero</rotationAngle>
        <icon>
          <ID/>
          <iconFontName>jdIonicons</iconFontName>
          <iconCode>62187</iconCode>
        </icon>
        <URL>B006535552ADCF3C660B10FA6D267D70.svg</URL>
        <FlipHorizontal>False</FlipHorizontal>
        <FlipVertical>False</FlipVertical>
      </controlProperties>
    </control>
    <control controlID="2DBA63B3-EA06-41EB-B406-CB50CF56B3B9" controlTypeID="Label" isShow="True" caption="Label" x="20" y="223" w="277" h="16" measuredW="0" measuredH="0" zOrder="3" locked="False" sizeLocked="False">
      <controlProperties>
        <basic color="0" borderVisible="True" borderColor="4284900966" isAutoSize="True" status="MsEnabled" opacity="1" isCommentCom="False" canMove="True" alias="" rotation="0"/>
        <states/>
        <verticalScrollbarShow>False</verticalScrollbarShow>
        <verticalScrollbarProgress>0</verticalScrollbarProgress>
        <horizontalScrollbarShow>False</horizontalScrollbarShow>
        <horizontalScrollbarProgress>0</horizontalScrollbarProgress>
        <links eventType="AtClick" animate="AmSlideRight" animateAutoDelay="0" animateDuration="500">
          <link targetPageID="" linkType="ltPageLink" isApplyIncludePage="False" title="Link">
            <area shape="0" alt="" ID="{EFA0CE62-A52E-4063-AF71-57E923CC383C}" coords="(0,0,277,16)"/>
          </link>
        </links>
        <interactiveData>
          <entry title="">
            <area shape="0" alt="" ID="{EB7D8414-3501-4771-8551-A6392A5468D0}" coords="(0,0,277,16)"/>
            <events title=""/>
          </entry>
        </interactiveData>
        <textSet textColor="4278190080" textSize="13" lineSpacingMultiple="1" textAlign="HaLeft" textVAlign="VaTop" textWordWrap="True" lineSpacing="16" textStyles="[]" useDefaultTextSize="False">
          <font family="Axure+Handwriting" displayName="AxureHandwriting" postScript="" weightStyle="AxureHandwriting" weight="400" isBold="False" isItalic="False"/>
          <text>*+Drop+your+mail+here+and+check+for+a+reset+link</text>
        </textSet>
        <selectedIndex>-1</selectedIndex>
        <selectedColor>4282501083</selectedColor>
        <textPadding>0</textPadding>
      </controlProperties>
    </control>
    <control controlID="E2C4BDCC-2130-4CC3-B8D0-3AF35E1EAD8B" controlTypeID="Shape" isShow="True" caption="Shape" x="0" y="19" w="360" h="45" measuredW="120" measuredH="100" zOrder="4" locked="False" sizeLocked="False">
      <controlProperties>
        <basic color="4294967040" borderVisible="True" borderColor="4294967295" isAutoSize="False" status="MsEnabled" opacity="1" isCommentCom="False" canMove="True" alias="" rotation="0"/>
        <states/>
        <verticalScrollbarShow>False</verticalScrollbarShow>
        <verticalScrollbarProgress>0</verticalScrollbarProgress>
        <horizontalScrollbarShow>False</horizontalScrollbarShow>
        <horizontalScrollbarProgress>0</horizontalScrollbarProgress>
        <links eventType="AtClick" animate="AmSlideRight" animateAutoDelay="0" animateDuration="500">
          <link targetPageID="" linkType="ltPageLink" isApplyIncludePage="False" title="Link">
            <area shape="0" alt="" ID="{A8AB6CF1-9BCE-4A17-A4DD-5AF60823111B}" coords="(0,0,360,45)"/>
          </link>
        </links>
        <interactiveData>
          <entry title="">
            <area shape="0" alt="" ID="{7909D35B-CC1A-416C-875D-C96AC4745987}" coords="(0,0,360,45)"/>
            <events title=""/>
          </entry>
        </interactiveData>
        <textSet textColor="4278190080" textSize="14" lineSpacingMultiple="1" textAlign="HaCenter" textVAlign="VaMiddle" textWordWrap="True" lineSpacing="17" textStyles="[]" useDefaultTextSize="True">
          <font family="Axure+Handwriting" displayName="AxureHandwriting" postScript="" weightStyle="AxureHandwriting" weight="400" isBold="False" isItalic="False"/>
        </textSet>
        <selectedIndex>-1</selectedIndex>
        <selectedColor>4282501083</selectedColor>
        <textPadding>0</textPadding>
        <shapeBorderType>SbRectangle</shapeBorderType>
        <triangleType>TdZero</triangleType>
        <dashMode>SdSolid</dashMode>
        <rectangleBorderLeftVisible>True</rectangleBorderLeftVisible>
        <rectangleBorderRightVisible>True</rectangleBorderRightVisible>
        <rectangleBorderTopVisible>True</rectangleBorderTopVisible>
        <rectangleBorderBottomVisible>True</rectangleBorderBottomVisible>
        <radius>0</radius>
        <radiusIsPercent>False</radiusIsPercent>
        <thickness>1</thickness>
      </controlProperties>
    </control>
    <control controlID="8EE64846-F9A6-49D0-B4C0-F89908579A3C" controlTypeID="Icon" isShow="True" caption="Icon" x="8" y="29" w="24" h="24" measuredW="32" measuredH="32" zOrder="5" locked="False" sizeLocked="False">
      <controlProperties>
        <basic color="4278190080" borderVisible="True" borderColor="4284900966" isAutoSize="False" status="MsEnabled" opacity="1" isCommentCom="False" canMove="True" alias="" rotation="0"/>
        <states/>
        <verticalScrollbarShow>False</verticalScrollbarShow>
        <verticalScrollbarProgress>0</verticalScrollbarProgress>
        <horizontalScrollbarShow>False</horizontalScrollbarShow>
        <horizontalScrollbarProgress>0</horizontalScrollbarProgress>
        <links eventType="AtClick" animate="AmSlideRight" animateAutoDelay="0" animateDuration="500">
          <link targetPageID="2F04E090-CF63-456E-AFEC-7ABA182DF6AB" linkType="ltPageLink" isApplyIncludePage="False" title="Sign+in">
            <area shape="0" alt="" ID="{9EF887A0-0924-4906-A70F-33A669F908D3}" coords="(0,0,24,24)"/>
          </link>
        </links>
        <interactiveData>
          <entry title="">
            <area shape="0" alt="" ID="{05B34D52-717C-426A-B1DF-EC9BD6B038FA}" coords="(0,0,24,24)"/>
            <events title=""/>
          </entry>
        </interactiveData>
        <rotationAngle>TdZero</rotationAngle>
        <icon>
          <ID/>
          <iconFontName>jdIonicons</iconFontName>
          <iconCode>62154</iconCode>
        </icon>
        <URL>D95E480717200F895E41DB6E5B869596.svg</URL>
        <FlipHorizontal>False</FlipHorizontal>
        <FlipVertical>False</FlipVertical>
      </controlProperties>
    </control>
    <control controlID="2DE4FE01-AF08-4581-A305-FF793EF871AA" controlTypeID="Label" isShow="True" caption="Label" x="94" y="31" w="172" h="20" measuredW="0" measuredH="0" zOrder="6" locked="False" sizeLocked="False">
      <controlProperties>
        <basic color="0" borderVisible="True" borderColor="4284900966" isAutoSize="True" status="MsEnabled" opacity="1" isCommentCom="False" canMove="True" alias="" rotation="0"/>
        <states/>
        <verticalScrollbarShow>False</verticalScrollbarShow>
        <verticalScrollbarProgress>0</verticalScrollbarProgress>
        <horizontalScrollbarShow>False</horizontalScrollbarShow>
        <horizontalScrollbarProgress>0</horizontalScrollbarProgress>
        <links eventType="AtClick" animate="AmSlideRight" animateAutoDelay="0" animateDuration="500">
          <link targetPageID="" linkType="ltPageLink" isApplyIncludePage="False" title="Link">
            <area shape="0" alt="" ID="{373BD296-41F4-4302-8170-118B288D5EC6}" coords="(0,0,172,20)"/>
          </link>
        </links>
        <interactiveData>
          <entry title="">
            <area shape="0" alt="" ID="{55F0AFAA-5997-454B-8F02-7AEDFDCFC2CF}" coords="(0,0,172,20)"/>
            <events title=""/>
          </entry>
        </interactiveData>
        <textSet textColor="4278190080" textSize="16" lineSpacingMultiple="1" textAlign="HaLeft" textVAlign="VaTop" textWordWrap="True" lineSpacing="19" textStyles="[fsBold]" useDefaultTextSize="False">
          <font family="Axure+Handwriting" displayName="AxureHandwriting-Bold" postScript="" weightStyle="AxureHandwriting-Bold" weight="700" isBold="True" isItalic="False"/>
          <text>FORGOT+PASSWORD</text>
        </textSet>
        <selectedIndex>-1</selectedIndex>
        <selectedColor>4282501083</selectedColor>
        <textPadding>0</textPadding>
      </controlProperties>
    </control>
    <control controlID="0B3D8160-9F87-4AF9-86CD-9AFB9F1A1453" controlTypeID="Shape" isShow="True" caption="Shape" x="20" y="300" w="320" h="41" measuredW="120" measuredH="100" zOrder="7" locked="False" sizeLocked="False">
      <controlProperties>
        <basic color="4278190080" borderVisible="True" borderColor="4294967295" isAutoSize="False" status="MsEnabled" opacity="1" isCommentCom="False" canMove="True" alias="" rotation="0"/>
        <states/>
        <verticalScrollbarShow>False</verticalScrollbarShow>
        <verticalScrollbarProgress>0</verticalScrollbarProgress>
        <horizontalScrollbarShow>False</horizontalScrollbarShow>
        <horizontalScrollbarProgress>0</horizontalScrollbarProgress>
        <links eventType="AtClick" animate="AmSlideRight" animateAutoDelay="0" animateDuration="500">
          <link targetPageID="ABA96DB2-8F93-4ADC-A8D6-6D21573B683E" linkType="ltPageLink" isApplyIncludePage="False" title="Register+Dlvrer">
            <area shape="0" alt="" ID="{D0E8A168-7DC8-4E9E-9EAF-70B8B341DF56}" coords="(0,0,320,41)"/>
          </link>
        </links>
        <interactiveData>
          <entry title="">
            <area shape="0" alt="" ID="{427662BC-F6FE-4CBE-A59A-3D5361B82BDB}" coords="(0,0,320,41)"/>
            <events title=""/>
          </entry>
        </interactiveData>
        <textSet textColor="4278190080" textSize="16" lineSpacingMultiple="1" textAlign="HaCenter" textVAlign="VaMiddle" textWordWrap="True" lineSpacing="19" textStyles="[]" useDefaultTextSize="True">
          <font family="Axure+Handwriting" displayName="AxureHandwriting" postScript="" weightStyle="AxureHandwriting" weight="400" isBold="False" isItalic="False"/>
        </textSet>
        <selectedIndex>-1</selectedIndex>
        <selectedColor>4282501083</selectedColor>
        <textPadding>0</textPadding>
        <shapeBorderType>SbRectangle</shapeBorderType>
        <triangleType>TdZero</triangleType>
        <dashMode>SdSolid</dashMode>
        <rectangleBorderLeftVisible>True</rectangleBorderLeftVisible>
        <rectangleBorderRightVisible>True</rectangleBorderRightVisible>
        <rectangleBorderTopVisible>True</rectangleBorderTopVisible>
        <rectangleBorderBottomVisible>True</rectangleBorderBottomVisible>
        <radius>0</radius>
        <radiusIsPercent>False</radiusIsPercent>
        <thickness>1</thickness>
      </controlProperties>
    </control>
    <control controlID="2509C93E-84F4-4E5C-963A-4CA88BA98B79" controlTypeID="Label" isShow="True" caption="Label" x="150" y="314" w="59" h="17" measuredW="0" measuredH="0" zOrder="8" locked="False" sizeLocked="False">
      <controlProperties>
        <basic color="0" borderVisible="True" borderColor="4284900966" isAutoSize="True" status="MsEnabled" opacity="1" isCommentCom="False" canMove="True" alias="" rotation="0"/>
        <states/>
        <verticalScrollbarShow>False</verticalScrollbarShow>
        <verticalScrollbarProgress>0</verticalScrollbarProgress>
        <horizontalScrollbarShow>False</horizontalScrollbarShow>
        <horizontalScrollbarProgress>0</horizontalScrollbarProgress>
        <links eventType="AtClick" animate="AmPushDown" animateAutoDelay="0" animateDuration="500">
          <link targetPageID="2F04E090-CF63-456E-AFEC-7ABA182DF6AB" linkType="ltPageLink" isApplyIncludePage="False" title="Sign+in">
            <area shape="0" alt="" ID="{315B2ABB-5531-4ACF-AE8B-AE51BAEA76ED}" coords="(0,0,59,17)"/>
          </link>
        </links>
        <interactiveData>
          <entry title="">
            <area shape="0" alt="" ID="{233A2C43-E80F-41F3-97B4-A191452FB706}" coords="(0,0,59,17)"/>
            <events title=""/>
          </entry>
        </interactiveData>
        <textSet textColor="4294967295" textSize="14" lineSpacingMultiple="1" textAlign="HaLeft" textVAlign="VaTop" textWordWrap="True" lineSpacing="17" textStyles="[fsBold]" useDefaultTextSize="True">
          <font family="Axure+Handwriting" displayName="AxureHandwriting-Bold" postScript="" weightStyle="AxureHandwriting-Bold" weight="700" isBold="True" isItalic="False"/>
          <text>SUBMIT</text>
        </textSet>
        <selectedIndex>-1</selectedIndex>
        <selectedColor>4282501083</selectedColor>
        <textPadding>0</textPadding>
      </controlProperties>
    </control>
  </controls>
  <param>
    <backgroundColor>4294967295</backgroundColor>
    <fontSize>0</fontSize>
    <fontFamily>Axure+Handwriting</fontFamily>
    <guideLines/>
  </param>
</mockup>