﻿<mockup version="4.7" minAllowVersion="4.7" ID="ABB5E43D-0BBF-474B-843B-FA51E9ED2D0E" platform="MtMobile" defaultW="360" defaultH="640" screenOrientation="MoPortrait" mobileScreenScale="1.77777779102325" measureW="360" measureH="640" clipArea="(0,0,0,0)">
  <controls controlCount="31">
    <control controlID="A972C62A-B4BA-4864-95AB-9AFD16144401" controlTypeID="StatusBar(Android)" isShow="True" caption="Android+Status+Bar" x="0" y="0" w="360" h="20" measuredW="342" measuredH="20" zOrder="0" locked="False" sizeLocked="False">
      <controlProperties>
        <basic color="4278190080" borderVisible="True" borderColor="4284900966" isAutoSize="False" status="MsEnabled" opacity="1" isCommentCom="False" canMove="True" alias="" rotation="0"/>
        <states/>
        <verticalScrollbarShow>False</verticalScrollbarShow>
        <verticalScrollbarProgress>0</verticalScrollbarProgress>
        <horizontalScrollbarShow>False</horizontalScrollbarShow>
        <horizontalScrollbarProgress>0</horizontalScrollbarProgress>
        <links eventType="AtClick" animate="AmSlideRight" animateAutoDelay="0" animateDuration="500">
          <link targetPageID="" linkType="ltPageLink" isApplyIncludePage="False" title="Link">
            <area shape="0" alt="" ID="{B8A30694-BF35-40F1-A6AC-7227C50A6B95}" coords="(0,0,360,20)"/>
          </link>
        </links>
        <interactiveData>
          <entry title="">
            <area shape="0" alt="" ID="{D594498A-133D-454A-8575-7A73C86163AA}" coords="(0,0,360,20)"/>
            <events title=""/>
          </entry>
        </interactiveData>
        <ForegroundColor>4294967295</ForegroundColor>
        <IsAutoTextColor>True</IsAutoTextColor>
      </controlProperties>
    </control>
    <control controlID="6EC6DAF5-E491-4F1D-B52F-96013D1BAC94" controlTypeID="Shape" isShow="True" caption="Shape" x="0" y="19" w="360" h="45" measuredW="120" measuredH="100" zOrder="1" locked="False" sizeLocked="False">
      <controlProperties>
        <basic color="4294967040" borderVisible="True" borderColor="4294967295" isAutoSize="False" status="MsEnabled" opacity="1" isCommentCom="False" canMove="True" alias="" rotation="0"/>
        <states/>
        <verticalScrollbarShow>False</verticalScrollbarShow>
        <verticalScrollbarProgress>0</verticalScrollbarProgress>
        <horizontalScrollbarShow>False</horizontalScrollbarShow>
        <horizontalScrollbarProgress>0</horizontalScrollbarProgress>
        <links eventType="AtClick" animate="AmSlideRight" animateAutoDelay="0" animateDuration="500">
          <link targetPageID="" linkType="ltPageLink" isApplyIncludePage="False" title="Link">
            <area shape="0" alt="" ID="{D326AF34-4663-43FE-8785-877C99FEC789}" coords="(0,0,360,45)"/>
          </link>
        </links>
        <interactiveData>
          <entry title="">
            <area shape="0" alt="" ID="{834E773C-C744-4030-9219-8A34B14D82EF}" coords="(0,0,360,45)"/>
            <events title=""/>
          </entry>
        </interactiveData>
        <textSet textColor="4278190080" textSize="14" lineSpacingMultiple="1" textAlign="HaCenter" textVAlign="VaMiddle" textWordWrap="True" lineSpacing="17" textStyles="[]" useDefaultTextSize="True">
          <font family="Axure+Handwriting" displayName="AxureHandwriting" postScript="" weightStyle="AxureHandwriting" weight="400" isBold="False" isItalic="False"/>
        </textSet>
        <selectedIndex>-1</selectedIndex>
        <selectedColor>4282501083</selectedColor>
        <textPadding>0</textPadding>
        <shapeBorderType>SbRectangle</shapeBorderType>
        <triangleType>TdZero</triangleType>
        <dashMode>SdSolid</dashMode>
        <rectangleBorderLeftVisible>True</rectangleBorderLeftVisible>
        <rectangleBorderRightVisible>True</rectangleBorderRightVisible>
        <rectangleBorderTopVisible>True</rectangleBorderTopVisible>
        <rectangleBorderBottomVisible>True</rectangleBorderBottomVisible>
        <radius>0</radius>
        <radiusIsPercent>False</radiusIsPercent>
        <thickness>1</thickness>
      </controlProperties>
    </control>
    <control controlID="C320AC38-28AE-4602-BAE4-1CAB6693D8AD" controlTypeID="Icon" isShow="True" caption="Icon" x="9" y="30" w="24" h="24" measuredW="32" measuredH="32" zOrder="2" locked="False" sizeLocked="False">
      <controlProperties>
        <basic color="4284900966" borderVisible="True" borderColor="4284900966" isAutoSize="False" status="MsEnabled" opacity="1" isCommentCom="False" canMove="True" alias="" rotation="0"/>
        <states/>
        <verticalScrollbarShow>False</verticalScrollbarShow>
        <verticalScrollbarProgress>0</verticalScrollbarProgress>
        <horizontalScrollbarShow>False</horizontalScrollbarShow>
        <horizontalScrollbarProgress>0</horizontalScrollbarProgress>
        <links eventType="AtClick" animate="AmSlideRight" animateAutoDelay="0" animateDuration="500">
          <link targetPageID="2F04E090-CF63-456E-AFEC-7ABA182DF6AB" linkType="ltPageLink" isApplyIncludePage="False" title="Sign+in">
            <area shape="0" alt="" ID="{9FF9D7D0-7E22-4E8B-85B7-FA67AA49F1AA}" coords="(0,0,24,24)"/>
          </link>
        </links>
        <interactiveData>
          <entry title="">
            <area shape="0" alt="" ID="{E0706E3D-B33E-4FA3-8A97-B47BC8E410CC}" coords="(0,0,24,24)"/>
            <events title=""/>
          </entry>
        </interactiveData>
        <rotationAngle>TdZero</rotationAngle>
        <icon>
          <ID/>
          <iconFontName>jdIonicons</iconFontName>
          <iconCode>62154</iconCode>
        </icon>
        <URL>D95E480717200F895E41DB6E5B869596.svg</URL>
        <FlipHorizontal>False</FlipHorizontal>
        <FlipVertical>False</FlipVertical>
      </controlProperties>
    </control>
    <control controlID="E0DE3329-FBFC-4ACF-9A8D-8331653C67EA" controlTypeID="Label" isShow="True" caption="Label" x="140" y="32" w="89" h="20" measuredW="0" measuredH="0" zOrder="3" locked="False" sizeLocked="False">
      <controlProperties>
        <basic color="0" borderVisible="True" borderColor="4284900966" isAutoSize="True" status="MsEnabled" opacity="1" isCommentCom="False" canMove="True" alias="" rotation="0"/>
        <states/>
        <verticalScrollbarShow>False</verticalScrollbarShow>
        <verticalScrollbarProgress>0</verticalScrollbarProgress>
        <horizontalScrollbarShow>False</horizontalScrollbarShow>
        <horizontalScrollbarProgress>0</horizontalScrollbarProgress>
        <links eventType="AtClick" animate="AmSlideRight" animateAutoDelay="0" animateDuration="500">
          <link targetPageID="" linkType="ltPageLink" isApplyIncludePage="False" title="Link">
            <area shape="0" alt="" ID="{56F3925F-EF1D-489B-B1B8-C7F055A1D4CB}" coords="(0,0,89,20)"/>
          </link>
        </links>
        <interactiveData>
          <entry title="">
            <area shape="0" alt="" ID="{3F29A9C3-3FE2-42A9-A413-53BB1228BBA3}" coords="(0,0,89,20)"/>
            <events title=""/>
          </entry>
        </interactiveData>
        <textSet textColor="4278190080" textSize="16" lineSpacingMultiple="1" textAlign="HaLeft" textVAlign="VaTop" textWordWrap="True" lineSpacing="19" textStyles="[fsBold]" useDefaultTextSize="False">
          <font family="Axure+Handwriting" displayName="AxureHandwriting-Bold" postScript="" weightStyle="AxureHandwriting-Bold" weight="700" isBold="True" isItalic="False"/>
          <text>REGISTER</text>
        </textSet>
        <selectedIndex>-1</selectedIndex>
        <selectedColor>4282501083</selectedColor>
        <textPadding>0</textPadding>
      </controlProperties>
    </control>
    <control controlID="98D5A576-FC04-4425-A218-23B124C199F8" controlTypeID="Image" isShow="True" caption="Image" x="53" y="108" w="63" h="54" measuredW="150" measuredH="150" zOrder="4" locked="False" sizeLocked="False">
      <controlProperties>
        <basic color="4294967295" borderVisible="False" borderColor="4284900966" isAutoSize="False" status="MsEnabled" opacity="1" isCommentCom="False" canMove="True" alias="" rotation="0"/>
        <states>
          <state propName="Alpha100" stateType="state_mouseOver" isChecked="True" value="60" varType="4"/>
        </states>
        <verticalScrollbarShow>False</verticalScrollbarShow>
        <verticalScrollbarProgress>0</verticalScrollbarProgress>
        <horizontalScrollbarShow>False</horizontalScrollbarShow>
        <horizontalScrollbarProgress>0</horizontalScrollbarProgress>
        <links eventType="AtClick" animate="AmSlideRight" animateAutoDelay="0" animateDuration="500">
          <link targetPageID="" linkType="ltPageLink" isApplyIncludePage="False" title="Link">
            <area shape="0" alt="" ID="{CBF8FA67-2A53-488F-BF09-5980E9945B73}" coords="(0,0,63,54)"/>
          </link>
        </links>
        <interactiveData>
          <entry title="">
            <area shape="0" alt="" ID="{0167B417-9742-4B6B-B40E-B863D876FC00}" coords="(0,0,63,54)"/>
            <events title="">
              <event eventType="atClick" isChecked="True">
                <behaviour title="" isChecked="True" isWait="False" isLoop="False" execMode="emParallel">
                  <target targetID="6BB15F4D-8B7C-4674-A861-210B79D27A47" isChecked="True" isAutoRecovery="False" isLoop="False" execMode="emSequence">
                    <command name="Popup State Change" isChecked="True" descrition="">
                      <param name="AniInterpolation" value="0" varType="3" description=""/>
                      <param name="AniDuration" value="200" varType="3" description=""/>
                      <param name="AniAutoReverse" value="False" varType="11" description=""/>
                      <param name="AniLoop" value="False" varType="11" description=""/>
                      <param name="AniInterpolationTypeOut" value="False" varType="11" description=""/>
                      <param name="Delay" value="0" varType="3" description=""/>
                      <param name="Value" value="2" varType="3" description=""/>
                      <param name="AniType" value="0" varType="3" description=""/>
                    </command>
                  </target>
                </behaviour>
              </event>
            </events>
          </entry>
        </interactiveData>
        <rotationAngle>TdZero</rotationAngle>
        <clipShapeType>SbRectangle</clipShapeType>
        <radius>0</radius>
        <radiusIsPercent>False</radiusIsPercent>
        <URL>84DB68A2C2D4636183A4019324B504D0.png</URL>
        <FlipHorizontal>False</FlipHorizontal>
        <FlipVertical>False</FlipVertical>
        <fitMode>2</fitMode>
        <showText>True</showText>
      </controlProperties>
    </control>
    <control controlID="A226BD55-B309-40BE-9740-E8AED04B5E90" controlTypeID="Image" isShow="True" caption="Image" x="246" y="106" w="58" h="58" measuredW="150" measuredH="150" zOrder="5" locked="False" sizeLocked="False">
      <controlProperties>
        <basic color="4294967295" borderVisible="False" borderColor="4284900966" isAutoSize="False" status="MsEnabled" opacity="1" isCommentCom="False" canMove="True" alias="" rotation="0"/>
        <states>
          <state propName="Alpha100" stateType="state_mouseOver" isChecked="True" value="60" varType="4"/>
        </states>
        <verticalScrollbarShow>False</verticalScrollbarShow>
        <verticalScrollbarProgress>0</verticalScrollbarProgress>
        <horizontalScrollbarShow>False</horizontalScrollbarShow>
        <horizontalScrollbarProgress>0</horizontalScrollbarProgress>
        <links eventType="AtClick" animate="AmSlideRight" animateAutoDelay="0" animateDuration="500">
          <link targetPageID="" linkType="ltPageLink" isApplyIncludePage="False" title="Link">
            <area shape="0" alt="" ID="{CBF8FA67-2A53-488F-BF09-5980E9945B73}" coords="(0,0,58,58)"/>
          </link>
        </links>
        <interactiveData>
          <entry title="">
            <area shape="0" alt="" ID="{0167B417-9742-4B6B-B40E-B863D876FC00}" coords="(0,0,58,58)"/>
            <events title="">
              <event eventType="atClick" isChecked="True">
                <behaviour title="" isChecked="True" isWait="False" isLoop="False" execMode="emParallel">
                  <target targetID="A5E6C4AF-3F54-4079-8B52-5763E98DAA28" isChecked="True" isAutoRecovery="False" isLoop="False" execMode="emSequence">
                    <command name="Popup State Change" isChecked="True" descrition="">
                      <param name="AniInterpolation" value="0" varType="3" description=""/>
                      <param name="AniDuration" value="200" varType="3" description=""/>
                      <param name="AniAutoReverse" value="False" varType="11" description=""/>
                      <param name="AniLoop" value="False" varType="11" description=""/>
                      <param name="AniInterpolationTypeOut" value="False" varType="11" description=""/>
                      <param name="Delay" value="0" varType="3" description=""/>
                      <param name="Value" value="2" varType="3" description=""/>
                      <param name="AniType" value="0" varType="3" description=""/>
                    </command>
                  </target>
                </behaviour>
              </event>
            </events>
          </entry>
        </interactiveData>
        <rotationAngle>TdZero</rotationAngle>
        <clipShapeType>SbRectangle</clipShapeType>
        <radius>0</radius>
        <radiusIsPercent>False</radiusIsPercent>
        <URL>7218F1EED09D85355DD91BBF729DEE37.png</URL>
        <FlipHorizontal>False</FlipHorizontal>
        <FlipVertical>False</FlipVertical>
        <fitMode>2</fitMode>
        <showText>True</showText>
      </controlProperties>
    </control>
    <control controlID="4DC73163-2863-45F6-A529-DB09BC797C8F" controlTypeID="Label" isShow="True" caption="Label" x="166" y="187" w="34" h="22" measuredW="0" measuredH="0" zOrder="6" locked="False" sizeLocked="False">
      <controlProperties>
        <basic color="0" borderVisible="True" borderColor="4284900966" isAutoSize="True" status="MsEnabled" opacity="1" isCommentCom="False" canMove="True" alias="" rotation="0"/>
        <states/>
        <verticalScrollbarShow>False</verticalScrollbarShow>
        <verticalScrollbarProgress>0</verticalScrollbarProgress>
        <horizontalScrollbarShow>False</horizontalScrollbarShow>
        <horizontalScrollbarProgress>0</horizontalScrollbarProgress>
        <links eventType="AtClick" animate="AmSlideRight" animateAutoDelay="0" animateDuration="500">
          <link targetPageID="" linkType="ltPageLink" isApplyIncludePage="False" title="Link">
            <area shape="0" alt="" ID="{90DE8DD7-100F-4E56-A69F-00C0BD09DFB1}" coords="(0,0,34,22)"/>
          </link>
        </links>
        <interactiveData>
          <entry title="">
            <area shape="0" alt="" ID="{FE81466E-7025-498C-B9AC-02BFAA495F6B}" coords="(0,0,34,22)"/>
            <events title=""/>
          </entry>
        </interactiveData>
        <textSet textColor="4278190080" textSize="18" lineSpacingMultiple="1" textAlign="HaLeft" textVAlign="VaTop" textWordWrap="True" lineSpacing="22" textStyles="[fsBold]" useDefaultTextSize="False">
          <font family="Axure+Handwriting" displayName="AxureHandwriting-Bold" postScript="" weightStyle="AxureHandwriting-Bold" weight="700" isBold="True" isItalic="False"/>
          <text>OR</text>
        </textSet>
        <selectedIndex>-1</selectedIndex>
        <selectedColor>4282501083</selectedColor>
        <textPadding>0</textPadding>
      </controlProperties>
    </control>
    <control controlID="2EE8B369-1344-4F93-A082-48B65CE616F9" controlTypeID="TextInput" isShow="True" caption="Text+Input" x="15" y="254" w="325" h="39" measuredW="138" measuredH="36" zOrder="7" locked="False" sizeLocked="False">
      <controlProperties>
        <basic color="4294967295" borderVisible="True" borderColor="4294967040" isAutoSize="False" status="MsEnabled" opacity="1" isCommentCom="False" canMove="True" alias="" rotation="0"/>
        <states/>
        <verticalScrollbarShow>False</verticalScrollbarShow>
        <verticalScrollbarProgress>0</verticalScrollbarProgress>
        <horizontalScrollbarShow>False</horizontalScrollbarShow>
        <horizontalScrollbarProgress>0</horizontalScrollbarProgress>
        <links eventType="AtClick" animate="AmSlideRight" animateAutoDelay="0" animateDuration="500">
          <link targetPageID="" linkType="ltPageLink" isApplyIncludePage="False" title="Link">
            <area shape="0" alt="" ID="{5338BF0E-B78D-4758-900C-0711D80A656D}" coords="(0,0,325,39)"/>
          </link>
        </links>
        <interactiveData>
          <entry title="">
            <area shape="0" alt="" ID="{FB8D7A72-0B84-416D-BFB6-7A86500DB2A1}" coords="(0,0,325,39)"/>
            <events title=""/>
          </entry>
        </interactiveData>
        <textSet textColor="4278190080" textSize="14" lineSpacingMultiple="1" textAlign="HaLeft" textVAlign="VaMiddle" textWordWrap="True" lineSpacing="17" textStyles="[]" useDefaultTextSize="True">
          <font family="Axure+Handwriting" displayName="AxureHandwriting" postScript="" weightStyle="AxureHandwriting" weight="400" isBold="False" isItalic="False"/>
          <text>Name</text>
        </textSet>
        <selectedIndex>-1</selectedIndex>
        <selectedColor>4282501083</selectedColor>
        <textPadding>0</textPadding>
        <canInput>True</canInput>
        <placeHolder/>
        <inputModel>emText</inputModel>
      </controlProperties>
    </control>
    <control controlID="3DB6AF52-A9C6-4809-8D6A-B0B6F56DAABB" controlTypeID="TextInput" isShow="True" caption="Text+Input" x="15" y="314" w="325" h="39" measuredW="138" measuredH="36" zOrder="8" locked="False" sizeLocked="False">
      <controlProperties>
        <basic color="4294967295" borderVisible="True" borderColor="4294967040" isAutoSize="False" status="MsEnabled" opacity="1" isCommentCom="False" canMove="True" alias="" rotation="0"/>
        <states/>
        <verticalScrollbarShow>False</verticalScrollbarShow>
        <verticalScrollbarProgress>0</verticalScrollbarProgress>
        <horizontalScrollbarShow>False</horizontalScrollbarShow>
        <horizontalScrollbarProgress>0</horizontalScrollbarProgress>
        <links eventType="AtClick" animate="AmSlideRight" animateAutoDelay="0" animateDuration="500">
          <link targetPageID="" linkType="ltPageLink" isApplyIncludePage="False" title="Link">
            <area shape="0" alt="" ID="{5338BF0E-B78D-4758-900C-0711D80A656D}" coords="(0,0,325,39)"/>
          </link>
        </links>
        <interactiveData>
          <entry title="">
            <area shape="0" alt="" ID="{FB8D7A72-0B84-416D-BFB6-7A86500DB2A1}" coords="(0,0,325,39)"/>
            <events title=""/>
          </entry>
        </interactiveData>
        <textSet textColor="4278190080" textSize="14" lineSpacingMultiple="1" textAlign="HaLeft" textVAlign="VaMiddle" textWordWrap="True" lineSpacing="17" textStyles="[]" useDefaultTextSize="True">
          <font family="Axure+Handwriting" displayName="AxureHandwriting" postScript="" weightStyle="AxureHandwriting" weight="400" isBold="False" isItalic="False"/>
          <text>E-mail</text>
        </textSet>
        <selectedIndex>-1</selectedIndex>
        <selectedColor>4282501083</selectedColor>
        <textPadding>0</textPadding>
        <canInput>True</canInput>
        <placeHolder/>
        <inputModel>emText</inputModel>
      </controlProperties>
    </control>
    <control controlID="DAFC3A8C-2866-43C2-815D-02E1DAD372E2" controlTypeID="TextInput" isShow="True" caption="Text+Input" x="16" y="378" w="325" h="39" measuredW="138" measuredH="36" zOrder="9" locked="False" sizeLocked="False">
      <controlProperties>
        <basic color="4294967295" borderVisible="True" borderColor="4294967040" isAutoSize="False" status="MsEnabled" opacity="1" isCommentCom="False" canMove="True" alias="" rotation="0"/>
        <states/>
        <verticalScrollbarShow>False</verticalScrollbarShow>
        <verticalScrollbarProgress>0</verticalScrollbarProgress>
        <horizontalScrollbarShow>False</horizontalScrollbarShow>
        <horizontalScrollbarProgress>0</horizontalScrollbarProgress>
        <links eventType="AtClick" animate="AmSlideRight" animateAutoDelay="0" animateDuration="500">
          <link targetPageID="" linkType="ltPageLink" isApplyIncludePage="False" title="Link">
            <area shape="0" alt="" ID="{5338BF0E-B78D-4758-900C-0711D80A656D}" coords="(0,0,325,39)"/>
          </link>
        </links>
        <interactiveData>
          <entry title="">
            <area shape="0" alt="" ID="{FB8D7A72-0B84-416D-BFB6-7A86500DB2A1}" coords="(0,0,325,39)"/>
            <events title=""/>
          </entry>
        </interactiveData>
        <textSet textColor="4278190080" textSize="14" lineSpacingMultiple="1" textAlign="HaLeft" textVAlign="VaMiddle" textWordWrap="True" lineSpacing="17" textStyles="[]" useDefaultTextSize="True">
          <font family="Axure+Handwriting" displayName="AxureHandwriting" postScript="" weightStyle="AxureHandwriting" weight="400" isBold="False" isItalic="False"/>
          <text>Phone</text>
        </textSet>
        <selectedIndex>-1</selectedIndex>
        <selectedColor>4282501083</selectedColor>
        <textPadding>0</textPadding>
        <canInput>True</canInput>
        <placeHolder/>
        <inputModel>emText</inputModel>
      </controlProperties>
    </control>
    <control controlID="904A7C72-6B25-465A-8067-4DF1A4B6655F" controlTypeID="TextInput" isShow="True" caption="Text+Input" x="16" y="441" w="325" h="39" measuredW="138" measuredH="36" zOrder="10" locked="False" sizeLocked="False">
      <controlProperties>
        <basic color="4294967295" borderVisible="True" borderColor="4294967040" isAutoSize="False" status="MsEnabled" opacity="1" isCommentCom="False" canMove="True" alias="" rotation="0"/>
        <states/>
        <verticalScrollbarShow>False</verticalScrollbarShow>
        <verticalScrollbarProgress>0</verticalScrollbarProgress>
        <horizontalScrollbarShow>False</horizontalScrollbarShow>
        <horizontalScrollbarProgress>0</horizontalScrollbarProgress>
        <links eventType="AtClick" animate="AmSlideRight" animateAutoDelay="0" animateDuration="500">
          <link targetPageID="" linkType="ltPageLink" isApplyIncludePage="False" title="Link">
            <area shape="0" alt="" ID="{5338BF0E-B78D-4758-900C-0711D80A656D}" coords="(0,0,325,39)"/>
          </link>
        </links>
        <interactiveData>
          <entry title="">
            <area shape="0" alt="" ID="{FB8D7A72-0B84-416D-BFB6-7A86500DB2A1}" coords="(0,0,325,39)"/>
            <events title=""/>
          </entry>
        </interactiveData>
        <textSet textColor="4278190080" textSize="14" lineSpacingMultiple="1" textAlign="HaLeft" textVAlign="VaMiddle" textWordWrap="True" lineSpacing="17" textStyles="[]" useDefaultTextSize="True">
          <font family="Axure+Handwriting" displayName="AxureHandwriting" postScript="" weightStyle="AxureHandwriting" weight="400" isBold="False" isItalic="False"/>
          <text>Password</text>
        </textSet>
        <selectedIndex>-1</selectedIndex>
        <selectedColor>4282501083</selectedColor>
        <textPadding>0</textPadding>
        <canInput>True</canInput>
        <placeHolder/>
        <inputModel>emText</inputModel>
      </controlProperties>
    </control>
    <control controlID="8FBEDE5C-1FBD-4618-806C-0F4041C0892E" controlTypeID="Shape" isShow="True" caption="Shape" x="20" y="578" w="320" h="41" measuredW="120" measuredH="100" zOrder="11" locked="False" sizeLocked="False">
      <controlProperties>
        <basic color="4278190080" borderVisible="True" borderColor="4294967295" isAutoSize="False" status="MsEnabled" opacity="1" isCommentCom="False" canMove="True" alias="" rotation="0"/>
        <states/>
        <verticalScrollbarShow>False</verticalScrollbarShow>
        <verticalScrollbarProgress>0</verticalScrollbarProgress>
        <horizontalScrollbarShow>False</horizontalScrollbarShow>
        <horizontalScrollbarProgress>0</horizontalScrollbarProgress>
        <links eventType="AtClick" animate="AmPushDown" animateAutoDelay="0" animateDuration="500">
          <link targetPageID="D10A97E8-8C39-4B93-B09E-56F4F087A314" linkType="ltPageLink" isApplyIncludePage="False" title="Phone+reg">
            <area shape="0" alt="" ID="{D0E8A168-7DC8-4E9E-9EAF-70B8B341DF56}" coords="(0,0,320,41)"/>
          </link>
        </links>
        <interactiveData>
          <entry title="">
            <area shape="0" alt="" ID="{427662BC-F6FE-4CBE-A59A-3D5361B82BDB}" coords="(0,0,320,41)"/>
            <events title=""/>
          </entry>
        </interactiveData>
        <textSet textColor="4278190080" textSize="16" lineSpacingMultiple="1" textAlign="HaCenter" textVAlign="VaMiddle" textWordWrap="True" lineSpacing="19" textStyles="[]" useDefaultTextSize="True">
          <font family="Axure+Handwriting" displayName="AxureHandwriting" postScript="" weightStyle="AxureHandwriting" weight="400" isBold="False" isItalic="False"/>
        </textSet>
        <selectedIndex>-1</selectedIndex>
        <selectedColor>4282501083</selectedColor>
        <textPadding>0</textPadding>
        <shapeBorderType>SbRectangle</shapeBorderType>
        <triangleType>TdZero</triangleType>
        <dashMode>SdSolid</dashMode>
        <rectangleBorderLeftVisible>True</rectangleBorderLeftVisible>
        <rectangleBorderRightVisible>True</rectangleBorderRightVisible>
        <rectangleBorderTopVisible>True</rectangleBorderTopVisible>
        <rectangleBorderBottomVisible>True</rectangleBorderBottomVisible>
        <radius>0</radius>
        <radiusIsPercent>False</radiusIsPercent>
        <thickness>1</thickness>
      </controlProperties>
    </control>
    <control controlID="8FDE9140-0ADA-4BF9-A145-8C333F056615" controlTypeID="Label" isShow="True" caption="Label" x="153" y="586" w="61" h="24" measuredW="0" measuredH="0" zOrder="12" locked="False" sizeLocked="False">
      <controlProperties>
        <basic color="0" borderVisible="True" borderColor="4284900966" isAutoSize="True" status="MsEnabled" opacity="1" isCommentCom="False" canMove="True" alias="" rotation="0"/>
        <states/>
        <verticalScrollbarShow>False</verticalScrollbarShow>
        <verticalScrollbarProgress>0</verticalScrollbarProgress>
        <horizontalScrollbarShow>False</horizontalScrollbarShow>
        <horizontalScrollbarProgress>0</horizontalScrollbarProgress>
        <links eventType="AtClick" animate="AmPushDown" animateAutoDelay="0" animateDuration="500">
          <link targetPageID="D10A97E8-8C39-4B93-B09E-56F4F087A314" linkType="ltPageLink" isApplyIncludePage="False" title="Phone+reg">
            <area shape="0" alt="" ID="{E7948988-611B-4DA4-98C3-BBB54E13B279}" coords="(0,0,61,24)"/>
          </link>
        </links>
        <interactiveData>
          <entry title="">
            <area shape="0" alt="" ID="{5AB1F7F3-DD9F-481E-8D8B-C194951BE565}" coords="(0,0,61,24)"/>
            <events title=""/>
          </entry>
        </interactiveData>
        <textSet textColor="4294967295" textSize="20" lineSpacingMultiple="1" textAlign="HaLeft" textVAlign="VaTop" textWordWrap="True" lineSpacing="24" textStyles="[fsBold]" useDefaultTextSize="False">
          <font family="Axure+Handwriting" displayName="AxureHandwriting-Bold" postScript="" weightStyle="AxureHandwriting-Bold" weight="700" isBold="True" isItalic="False"/>
          <text>NEXT</text>
        </textSet>
        <selectedIndex>-1</selectedIndex>
        <selectedColor>4282501083</selectedColor>
        <textPadding>0</textPadding>
      </controlProperties>
    </control>
    <control controlID="6BB15F4D-8B7C-4674-A861-210B79D27A47" controlTypeID="PopupPanel" isShow="True" caption="Popup+Panel" x="-109" y="311" w="46" h="46" measuredW="0" measuredH="0" zOrder="13" locked="False" sizeLocked="False">
      <controlProperties isBackgroundFade="False" aniType_Mobile="aniFade" aniType="dnNone" closeByClickMode="cmClickOutSizeArea" closeByKeyModes="[kmEsc,kmEnter]" isShowBackground="False" delayBeforePopup="0" aniDuration="200" positionPolicy="ppFree" positionMargin="0" positionScreenMode="psCenter" positionComMode="pcBottom">
        <basic color="1879048192" borderVisible="False" borderColor="4284900966" isAutoSize="False" status="MsEnabled" opacity="1" isCommentCom="False" canMove="True" alias="" rotation="0"/>
        <states/>
        <verticalScrollbarShow>False</verticalScrollbarShow>
        <verticalScrollbarProgress>0</verticalScrollbarProgress>
        <horizontalScrollbarShow>False</horizontalScrollbarShow>
        <horizontalScrollbarProgress>0</horizontalScrollbarProgress>
        <links eventType="AtClick" animate="AmPushDown" animateAutoDelay="0" animateDuration="500">
          <link targetPageID="" linkType="ltPageLink" isApplyIncludePage="False" title="Link">
            <area shape="0" alt="" ID="{84B6AA05-BF3A-4E31-8961-A7DD8C90478F}" coords="(0,0,46,46)"/>
          </link>
        </links>
        <interactiveData>
          <entry title="">
            <area shape="0" alt="" ID="{6FE58243-7F14-4C00-BC10-276C7B2E2CE6}" coords="(0,0,46,46)"/>
            <events title=""/>
          </entry>
        </interactiveData>
        <groupChildrenDescriptors>
          <control controlID="AC3AE8D6-EA4B-4EBF-9704-0666EDC88D2B" controlTypeID="Panel" isShow="True" caption="Panel" x="0" y="0" w="360" h="640" measuredW="0" measuredH="0" zOrder="0" locked="True" sizeLocked="False">
            <controlProperties>
              <basic color="1879048192" borderVisible="False" borderColor="4284900966" isAutoSize="False" status="MsEnabled" opacity="1" isCommentCom="False" canMove="False" alias="background" rotation="0"/>
              <states/>
              <verticalScrollbarShow>False</verticalScrollbarShow>
              <verticalScrollbarProgress>0</verticalScrollbarProgress>
              <horizontalScrollbarShow>False</horizontalScrollbarShow>
              <horizontalScrollbarProgress>0</horizontalScrollbarProgress>
              <links eventType="AtClick" animate="AmPushDown" animateAutoDelay="0" animateDuration="500">
                <link targetPageID="" linkType="ltPageLink" isApplyIncludePage="False" title="Link">
                  <area shape="0" alt="" ID="{46DBE563-7983-4F48-BBA5-E87BF472296C}" coords="(0,0,360,640)"/>
                </link>
              </links>
              <interactiveData>
                <entry title="">
                  <area shape="0" alt="" ID="{498F59E7-1555-4016-B024-B9F9BD46CD07}" coords="(0,0,360,640)"/>
                  <events title=""/>
                </entry>
              </interactiveData>
              <groupChildrenDescriptors>
                <control controlID="7DAF7DCB-E5AD-4E88-90AF-C27ABC55FAC1" controlTypeID="Border" isShow="True" caption="Border" x="0" y="0" w="360" h="640" measuredW="0" measuredH="0" zOrder="0" locked="True" sizeLocked="False">
                  <controlProperties>
                    <basic color="4294967295" borderVisible="False" borderColor="4284900966" isAutoSize="False" status="MsEnabled" opacity="1" isCommentCom="False" canMove="True" alias="borderLayer" rotation="0"/>
                    <states/>
                    <verticalScrollbarShow>False</verticalScrollbarShow>
                    <verticalScrollbarProgress>0</verticalScrollbarProgress>
                    <horizontalScrollbarShow>False</horizontalScrollbarShow>
                    <horizontalScrollbarProgress>0</horizontalScrollbarProgress>
                    <links eventType="AtClick" animate="AmPushDown" animateAutoDelay="0" animateDuration="500">
                      <link targetPageID="" linkType="ltPageLink" isApplyIncludePage="False" title="Link">
                        <area shape="0" alt="" ID="{D18F1A7C-F189-4319-B5DC-F5BC7722EDAB}" coords="(0,0,360,640)"/>
                      </link>
                    </links>
                    <interactiveData>
                      <entry title="">
                        <area shape="0" alt="" ID="{4BB2F169-4AC2-4333-B69C-249BABA08955}" coords="(0,0,360,640)"/>
                        <events title=""/>
                      </entry>
                    </interactiveData>
                    <thickness>1</thickness>
                    <dashMode>SdSolid</dashMode>
                  </controlProperties>
                </control>
              </groupChildrenDescriptors>
              <thinkness>1</thinkness>
              <dashMode>SdSolid</dashMode>
            </controlProperties>
          </control>
          <control controlID="3E62FB6A-678E-47DF-B958-3A676C86F1AB" controlTypeID="PopupPanelContent" isShow="True" caption="Unknown..." x="64" y="252" w="244" h="185" measuredW="0" measuredH="0" zOrder="1" locked="True" sizeLocked="False">
            <controlProperties>
              <basic color="16777215" borderVisible="False" borderColor="4284900966" isAutoSize="False" status="MsEnabled" opacity="1" isCommentCom="False" canMove="True" alias="content" rotation="0"/>
              <states/>
              <verticalScrollbarShow>False</verticalScrollbarShow>
              <verticalScrollbarProgress>0</verticalScrollbarProgress>
              <horizontalScrollbarShow>False</horizontalScrollbarShow>
              <horizontalScrollbarProgress>0</horizontalScrollbarProgress>
              <links eventType="AtClick" animate="AmPushDown" animateAutoDelay="0" animateDuration="500">
                <link targetPageID="" linkType="ltPageLink" isApplyIncludePage="False" title="Link">
                  <area shape="0" alt="" ID="{370B65C7-DAA8-4290-894E-C8D8FC10F4BD}" coords="(0,0,360,640)"/>
                </link>
              </links>
              <interactiveData>
                <entry title="">
                  <area shape="0" alt="" ID="{732DA435-AD58-4B11-8663-347CE5B1B44E}" coords="(0,0,360,640)"/>
                  <events title=""/>
                </entry>
              </interactiveData>
              <groupChildrenDescriptors>
                <control controlID="96B29E5A-B2CC-4DF6-B286-D2ED15621090" controlTypeID="Shape" isShow="True" caption="Shape" x="0" y="0" w="244" h="185" measuredW="120" measuredH="100" zOrder="0" locked="False" sizeLocked="False">
                  <controlProperties>
                    <basic color="4294967295" borderVisible="True" borderColor="4284900966" isAutoSize="False" status="MsEnabled" opacity="1" isCommentCom="False" canMove="True" alias="" rotation="0"/>
                    <states/>
                    <verticalScrollbarShow>False</verticalScrollbarShow>
                    <verticalScrollbarProgress>0</verticalScrollbarProgress>
                    <horizontalScrollbarShow>False</horizontalScrollbarShow>
                    <horizontalScrollbarProgress>0</horizontalScrollbarProgress>
                    <links eventType="AtClick" animate="AmPushDown" animateAutoDelay="0" animateDuration="500">
                      <link targetPageID="" linkType="ltPageLink" isApplyIncludePage="False" title="Link">
                        <area shape="0" alt="" ID="{1FAFE750-157B-47E8-9660-07D2EDB2B3EA}" coords="(0,0,244,185)"/>
                      </link>
                    </links>
                    <interactiveData>
                      <entry title="">
                        <area shape="0" alt="" ID="{A401A9F5-E5EB-4958-B7C1-FEFF509C31D2}" coords="(0,0,244,185)"/>
                        <events title=""/>
                      </entry>
                    </interactiveData>
                    <textSet textColor="4278190080" textSize="14" lineSpacingMultiple="1" textAlign="HaCenter" textVAlign="VaMiddle" textWordWrap="True" lineSpacing="17" textStyles="[]" useDefaultTextSize="True">
                      <font family="Axure+Handwriting" displayName="AxureHandwriting" postScript="" weightStyle="AxureHandwriting" weight="400" isBold="False" isItalic="False"/>
                    </textSet>
                    <selectedIndex>-1</selectedIndex>
                    <selectedColor>4282501083</selectedColor>
                    <textPadding>0</textPadding>
                    <shapeBorderType>SbRectangle</shapeBorderType>
                    <triangleType>TdZero</triangleType>
                    <dashMode>SdSolid</dashMode>
                    <rectangleBorderLeftVisible>True</rectangleBorderLeftVisible>
                    <rectangleBorderRightVisible>True</rectangleBorderRightVisible>
                    <rectangleBorderTopVisible>True</rectangleBorderTopVisible>
                    <rectangleBorderBottomVisible>True</rectangleBorderBottomVisible>
                    <radius>0</radius>
                    <radiusIsPercent>False</radiusIsPercent>
                    <thickness>1</thickness>
                  </controlProperties>
                </control>
                <control controlID="04CFBD55-AD2D-4425-85BA-2A7111DD8A90" controlTypeID="Label" isShow="True" caption="Label" x="27" y="10" w="197" h="17" measuredW="0" measuredH="0" zOrder="1" locked="False" sizeLocked="False">
                  <controlProperties>
                    <basic color="0" borderVisible="True" borderColor="4284900966" isAutoSize="True" status="MsEnabled" opacity="1" isCommentCom="False" canMove="True" alias="" rotation="0"/>
                    <states/>
                    <verticalScrollbarShow>False</verticalScrollbarShow>
                    <verticalScrollbarProgress>0</verticalScrollbarProgress>
                    <horizontalScrollbarShow>False</horizontalScrollbarShow>
                    <horizontalScrollbarProgress>0</horizontalScrollbarProgress>
                    <links eventType="AtClick" animate="AmPushDown" animateAutoDelay="0" animateDuration="500">
                      <link targetPageID="" linkType="ltPageLink" isApplyIncludePage="False" title="Link">
                        <area shape="0" alt="" ID="{4BD35AFC-85A6-46B5-A748-19ACD6C30E62}" coords="(0,0,192,17)"/>
                      </link>
                    </links>
                    <interactiveData>
                      <entry title="">
                        <area shape="0" alt="" ID="{1C135AFC-AACC-4A94-90DE-531DF70A55E6}" coords="(0,0,192,17)"/>
                        <events title=""/>
                      </entry>
                    </interactiveData>
                    <textSet textColor="4278190080" textSize="14" lineSpacingMultiple="1" textAlign="HaLeft" textVAlign="VaTop" textWordWrap="True" lineSpacing="17" textStyles="[fsBold]" useDefaultTextSize="True">
                      <font family="Axure+Handwriting" displayName="AxureHandwriting-Bold" postScript="" weightStyle="AxureHandwriting-Bold" weight="700" isBold="True" isItalic="False"/>
                      <text>CONNECT+WITH+FACEBOOK</text>
                    </textSet>
                    <selectedIndex>-1</selectedIndex>
                    <selectedColor>4282501083</selectedColor>
                    <textPadding>0</textPadding>
                  </controlProperties>
                </control>
                <control controlID="65D3B24A-0B9C-4A3B-9E35-66B6C277BCCF" controlTypeID="Icon" isShow="True" caption="Icon" x="73" y="37" w="100" h="100" measuredW="32" measuredH="32" zOrder="2" locked="False" sizeLocked="False">
                  <controlProperties>
                    <basic color="4284900966" borderVisible="True" borderColor="4284900966" isAutoSize="False" status="MsEnabled" opacity="1" isCommentCom="False" canMove="True" alias="" rotation="0"/>
                    <states/>
                    <verticalScrollbarShow>False</verticalScrollbarShow>
                    <verticalScrollbarProgress>0</verticalScrollbarProgress>
                    <horizontalScrollbarShow>False</horizontalScrollbarShow>
                    <horizontalScrollbarProgress>0</horizontalScrollbarProgress>
                    <links eventType="AtClick" animate="AmPushDown" animateAutoDelay="0" animateDuration="500">
                      <link targetPageID="" linkType="ltPageLink" isApplyIncludePage="False" title="Link">
                        <area shape="0" alt="" ID="{702FB5DB-B731-4785-8162-96A925F473F4}" coords="(0,0,100,100)"/>
                      </link>
                    </links>
                    <interactiveData>
                      <entry title="">
                        <area shape="0" alt="" ID="{C5C30612-3DCA-4C85-8207-4815A46A7607}" coords="(0,0,100,100)"/>
                        <events title=""/>
                      </entry>
                    </interactiveData>
                    <rotationAngle>TdZero</rotationAngle>
                    <icon>
                      <ID/>
                      <iconFontName>jdIonicons</iconFontName>
                      <iconCode>62168</iconCode>
                    </icon>
                    <URL>DDCF3FD76903519FD712CE9D1716E411.svg</URL>
                    <FlipHorizontal>False</FlipHorizontal>
                    <FlipVertical>False</FlipVertical>
                  </controlProperties>
                </control>
                <control controlID="17A9E8E1-CE4C-4947-8661-FF97EC7C16A0" controlTypeID="Shape" isShow="True" caption="Shape" x="0" y="150" w="244" h="35" measuredW="120" measuredH="100" zOrder="3" locked="False" sizeLocked="False">
                  <controlProperties>
                    <basic color="4284927231" borderVisible="True" borderColor="4278190335" isAutoSize="False" status="MsEnabled" opacity="1" isCommentCom="False" canMove="True" alias="" rotation="0"/>
                    <states/>
                    <verticalScrollbarShow>False</verticalScrollbarShow>
                    <verticalScrollbarProgress>0</verticalScrollbarProgress>
                    <horizontalScrollbarShow>False</horizontalScrollbarShow>
                    <horizontalScrollbarProgress>0</horizontalScrollbarProgress>
                    <links eventType="AtClick" animate="AmPushDown" animateAutoDelay="0" animateDuration="500">
                      <link targetPageID="" linkType="ltPageLink" isApplyIncludePage="False" title="Link">
                        <area shape="0" alt="" ID="{3F064451-B9DB-41D5-89BF-9EC06587C677}" coords="(0,0,244,35)"/>
                      </link>
                    </links>
                    <interactiveData>
                      <entry title="">
                        <area shape="0" alt="" ID="{492B0136-57E2-4AF5-A3AE-620A80812B6D}" coords="(0,0,244,35)"/>
                        <events title=""/>
                      </entry>
                    </interactiveData>
                    <textSet textColor="4278190080" textSize="14" lineSpacingMultiple="1" textAlign="HaCenter" textVAlign="VaMiddle" textWordWrap="True" lineSpacing="17" textStyles="[]" useDefaultTextSize="True">
                      <font family="Axure+Handwriting" displayName="AxureHandwriting" postScript="" weightStyle="AxureHandwriting" weight="400" isBold="False" isItalic="False"/>
                    </textSet>
                    <selectedIndex>-1</selectedIndex>
                    <selectedColor>4282501083</selectedColor>
                    <textPadding>0</textPadding>
                    <shapeBorderType>SbRectangle</shapeBorderType>
                    <triangleType>TdZero</triangleType>
                    <dashMode>SdSolid</dashMode>
                    <rectangleBorderLeftVisible>True</rectangleBorderLeftVisible>
                    <rectangleBorderRightVisible>True</rectangleBorderRightVisible>
                    <rectangleBorderTopVisible>True</rectangleBorderTopVisible>
                    <rectangleBorderBottomVisible>True</rectangleBorderBottomVisible>
                    <radius>0</radius>
                    <radiusIsPercent>False</radiusIsPercent>
                    <thickness>1</thickness>
                  </controlProperties>
                </control>
                <control controlID="7899C2C6-72F0-4DB9-9338-5CD594514135" controlTypeID="Label" isShow="True" caption="Label" x="79" y="157" w="101" h="22" measuredW="0" measuredH="0" zOrder="4" locked="False" sizeLocked="False">
                  <controlProperties>
                    <basic color="0" borderVisible="True" borderColor="4284900966" isAutoSize="True" status="MsEnabled" opacity="1" isCommentCom="False" canMove="True" alias="" rotation="0"/>
                    <states/>
                    <verticalScrollbarShow>False</verticalScrollbarShow>
                    <verticalScrollbarProgress>0</verticalScrollbarProgress>
                    <horizontalScrollbarShow>False</horizontalScrollbarShow>
                    <horizontalScrollbarProgress>0</horizontalScrollbarProgress>
                    <links eventType="AtClick" animate="AmPushDown" animateAutoDelay="0" animateDuration="500">
                      <link targetPageID="" linkType="ltPageLink" isApplyIncludePage="False" title="Link">
                        <area shape="0" alt="" ID="{9099DD4B-2315-47E8-AAAC-50FE177A4716}" coords="(0,0,94,22)"/>
                      </link>
                    </links>
                    <interactiveData>
                      <entry title="">
                        <area shape="0" alt="" ID="{6A807221-2EA9-46AD-B9CA-67E5C4EC950B}" coords="(0,0,94,22)"/>
                        <events title=""/>
                      </entry>
                    </interactiveData>
                    <textSet textColor="4294967295" textSize="18" lineSpacingMultiple="1" textAlign="HaLeft" textVAlign="VaTop" textWordWrap="True" lineSpacing="22" textStyles="[fsBold]" useDefaultTextSize="False">
                      <font family="Axure+Handwriting" displayName="AxureHandwriting-Bold" postScript="" weightStyle="AxureHandwriting-Bold" weight="700" isBold="True" isItalic="False"/>
                      <text>CONTINUE</text>
                    </textSet>
                    <selectedIndex>-1</selectedIndex>
                    <selectedColor>4282501083</selectedColor>
                    <textPadding>0</textPadding>
                  </controlProperties>
                </control>
              </groupChildrenDescriptors>
            </controlProperties>
          </control>
        </groupChildrenDescriptors>
      </controlProperties>
    </control>
    <control controlID="A5E6C4AF-3F54-4079-8B52-5763E98DAA28" controlTypeID="PopupPanel" isShow="True" caption="Popup+Panel" x="-109" y="158" w="46" h="46" measuredW="0" measuredH="0" zOrder="14" locked="False" sizeLocked="False">
      <controlProperties isBackgroundFade="False" aniType_Mobile="aniFade" aniType="dnNone" closeByClickMode="cmClickOutSizeArea" closeByKeyModes="[kmEsc,kmEnter]" isShowBackground="False" delayBeforePopup="0" aniDuration="200" positionPolicy="ppFree" positionMargin="0" positionScreenMode="psCenter" positionComMode="pcBottom">
        <basic color="1879048192" borderVisible="False" borderColor="4284900966" isAutoSize="False" status="MsEnabled" opacity="1" isCommentCom="False" canMove="True" alias="" rotation="0"/>
        <states/>
        <verticalScrollbarShow>False</verticalScrollbarShow>
        <verticalScrollbarProgress>0</verticalScrollbarProgress>
        <horizontalScrollbarShow>False</horizontalScrollbarShow>
        <horizontalScrollbarProgress>0</horizontalScrollbarProgress>
        <links eventType="AtClick" animate="AmPushDown" animateAutoDelay="0" animateDuration="500">
          <link targetPageID="" linkType="ltPageLink" isApplyIncludePage="False" title="Link">
            <area shape="0" alt="" ID="{8E70F08E-7175-4C25-8B9A-38028BC4671B}" coords="(0,0,46,46)"/>
          </link>
        </links>
        <interactiveData>
          <entry title="">
            <area shape="0" alt="" ID="{2C0CD8C1-CE67-4776-B6A9-7138E746DC13}" coords="(0,0,46,46)"/>
            <events title=""/>
          </entry>
        </interactiveData>
        <groupChildrenDescriptors>
          <control controlID="E4FA8727-9C31-4104-997D-E36BE35D4F38" controlTypeID="Panel" isShow="True" caption="Panel" x="0" y="0" w="360" h="640" measuredW="0" measuredH="0" zOrder="0" locked="True" sizeLocked="False">
            <controlProperties>
              <basic color="1879048192" borderVisible="False" borderColor="4284900966" isAutoSize="False" status="MsEnabled" opacity="1" isCommentCom="False" canMove="False" alias="background" rotation="0"/>
              <states/>
              <verticalScrollbarShow>False</verticalScrollbarShow>
              <verticalScrollbarProgress>0</verticalScrollbarProgress>
              <horizontalScrollbarShow>False</horizontalScrollbarShow>
              <horizontalScrollbarProgress>0</horizontalScrollbarProgress>
              <links eventType="AtClick" animate="AmPushDown" animateAutoDelay="0" animateDuration="500">
                <link targetPageID="" linkType="ltPageLink" isApplyIncludePage="False" title="Link">
                  <area shape="0" alt="" ID="{C39CBC3A-EC3D-4521-AC53-9BACB831E399}" coords="(0,0,360,640)"/>
                </link>
              </links>
              <interactiveData>
                <entry title="">
                  <area shape="0" alt="" ID="{A08A94C4-4206-4C22-9DB9-C4819F21BD32}" coords="(0,0,360,640)"/>
                  <events title=""/>
                </entry>
              </interactiveData>
              <groupChildrenDescriptors>
                <control controlID="263C975A-61A4-4D3D-A76D-788E14AFB0D7" controlTypeID="Border" isShow="True" caption="Border" x="0" y="0" w="360" h="640" measuredW="0" measuredH="0" zOrder="0" locked="True" sizeLocked="False">
                  <controlProperties>
                    <basic color="4294967295" borderVisible="False" borderColor="4284900966" isAutoSize="False" status="MsEnabled" opacity="1" isCommentCom="False" canMove="True" alias="borderLayer" rotation="0"/>
                    <states/>
                    <verticalScrollbarShow>False</verticalScrollbarShow>
                    <verticalScrollbarProgress>0</verticalScrollbarProgress>
                    <horizontalScrollbarShow>False</horizontalScrollbarShow>
                    <horizontalScrollbarProgress>0</horizontalScrollbarProgress>
                    <links eventType="AtClick" animate="AmPushDown" animateAutoDelay="0" animateDuration="500">
                      <link targetPageID="" linkType="ltPageLink" isApplyIncludePage="False" title="Link">
                        <area shape="0" alt="" ID="{25CAE3AF-C6CF-4E5D-AB9F-D2643DB4558E}" coords="(0,0,360,640)"/>
                      </link>
                    </links>
                    <interactiveData>
                      <entry title="">
                        <area shape="0" alt="" ID="{B5AF80DF-F654-416E-8EFC-91273351FB18}" coords="(0,0,360,640)"/>
                        <events title=""/>
                      </entry>
                    </interactiveData>
                    <thickness>1</thickness>
                    <dashMode>SdSolid</dashMode>
                  </controlProperties>
                </control>
              </groupChildrenDescriptors>
              <thinkness>1</thinkness>
              <dashMode>SdSolid</dashMode>
            </controlProperties>
          </control>
          <control controlID="E7555572-9563-4D86-B762-69A9E5EF9D69" controlTypeID="PopupPanelContent" isShow="True" caption="Unknown..." x="76" y="225" w="222" h="179" measuredW="0" measuredH="0" zOrder="1" locked="True" sizeLocked="False">
            <controlProperties>
              <basic color="16777215" borderVisible="False" borderColor="4284900966" isAutoSize="False" status="MsEnabled" opacity="1" isCommentCom="False" canMove="True" alias="content" rotation="0"/>
              <states/>
              <verticalScrollbarShow>False</verticalScrollbarShow>
              <verticalScrollbarProgress>0</verticalScrollbarProgress>
              <horizontalScrollbarShow>False</horizontalScrollbarShow>
              <horizontalScrollbarProgress>0</horizontalScrollbarProgress>
              <links eventType="AtClick" animate="AmPushDown" animateAutoDelay="0" animateDuration="500">
                <link targetPageID="" linkType="ltPageLink" isApplyIncludePage="False" title="Link">
                  <area shape="0" alt="" ID="{98A00CFE-4FA9-40BA-8242-11C0C88B582A}" coords="(0,0,360,640)"/>
                </link>
              </links>
              <interactiveData>
                <entry title="">
                  <area shape="0" alt="" ID="{DACC9152-87A6-4B65-A746-FC0E8A2404DE}" coords="(0,0,360,640)"/>
                  <events title=""/>
                </entry>
              </interactiveData>
              <groupChildrenDescriptors>
                <control controlID="444C9D31-27AE-4FB6-A904-6B58A0D724A6" controlTypeID="Shape" isShow="True" caption="Shape" x="0" y="0" w="222" h="178" measuredW="120" measuredH="100" zOrder="0" locked="False" sizeLocked="False">
                  <controlProperties>
                    <basic color="4294967295" borderVisible="True" borderColor="4284900966" isAutoSize="False" status="MsEnabled" opacity="1" isCommentCom="False" canMove="True" alias="" rotation="0"/>
                    <states/>
                    <verticalScrollbarShow>False</verticalScrollbarShow>
                    <verticalScrollbarProgress>0</verticalScrollbarProgress>
                    <horizontalScrollbarShow>False</horizontalScrollbarShow>
                    <horizontalScrollbarProgress>0</horizontalScrollbarProgress>
                    <links eventType="AtClick" animate="AmPushDown" animateAutoDelay="0" animateDuration="500">
                      <link targetPageID="" linkType="ltPageLink" isApplyIncludePage="False" title="Link">
                        <area shape="0" alt="" ID="{C7C8E5BD-01F1-4C51-A521-2D4F2BFDC532}" coords="(0,0,222,178)"/>
                      </link>
                    </links>
                    <interactiveData>
                      <entry title="">
                        <area shape="0" alt="" ID="{0C481108-1D80-4558-BE23-0D05980C76AD}" coords="(0,0,222,178)"/>
                        <events title=""/>
                      </entry>
                    </interactiveData>
                    <textSet textColor="4278190080" textSize="14" lineSpacingMultiple="1" textAlign="HaCenter" textVAlign="VaMiddle" textWordWrap="True" lineSpacing="17" textStyles="[]" useDefaultTextSize="True">
                      <font family="Axure+Handwriting" displayName="AxureHandwriting" postScript="" weightStyle="AxureHandwriting" weight="400" isBold="False" isItalic="False"/>
                    </textSet>
                    <selectedIndex>-1</selectedIndex>
                    <selectedColor>4282501083</selectedColor>
                    <textPadding>0</textPadding>
                    <shapeBorderType>SbRectangle</shapeBorderType>
                    <triangleType>TdZero</triangleType>
                    <dashMode>SdSolid</dashMode>
                    <rectangleBorderLeftVisible>True</rectangleBorderLeftVisible>
                    <rectangleBorderRightVisible>True</rectangleBorderRightVisible>
                    <rectangleBorderTopVisible>True</rectangleBorderTopVisible>
                    <rectangleBorderBottomVisible>True</rectangleBorderBottomVisible>
                    <radius>0</radius>
                    <radiusIsPercent>False</radiusIsPercent>
                    <thickness>1</thickness>
                  </controlProperties>
                </control>
                <control controlID="85536BD7-03A4-4F58-A30A-457BA8D1E172" controlTypeID="Label" isShow="True" caption="Label" x="15" y="10" w="184" h="17" measuredW="0" measuredH="0" zOrder="1" locked="False" sizeLocked="False">
                  <controlProperties>
                    <basic color="0" borderVisible="True" borderColor="4284900966" isAutoSize="True" status="MsEnabled" opacity="1" isCommentCom="False" canMove="True" alias="" rotation="0"/>
                    <states/>
                    <verticalScrollbarShow>False</verticalScrollbarShow>
                    <verticalScrollbarProgress>0</verticalScrollbarProgress>
                    <horizontalScrollbarShow>False</horizontalScrollbarShow>
                    <horizontalScrollbarProgress>0</horizontalScrollbarProgress>
                    <links eventType="AtClick" animate="AmPushDown" animateAutoDelay="0" animateDuration="500">
                      <link targetPageID="" linkType="ltPageLink" isApplyIncludePage="False" title="Link">
                        <area shape="0" alt="" ID="{F9E3A731-3E14-4250-BB91-895FA85456F3}" coords="(0,0,178,17)"/>
                      </link>
                    </links>
                    <interactiveData>
                      <entry title="">
                        <area shape="0" alt="" ID="{5728D5A5-7631-4AE1-BCDF-17965518C01F}" coords="(0,0,178,17)"/>
                        <events title=""/>
                      </entry>
                    </interactiveData>
                    <textSet textColor="4278190080" textSize="14" lineSpacingMultiple="1" textAlign="HaLeft" textVAlign="VaTop" textWordWrap="True" lineSpacing="17" textStyles="[fsBold]" useDefaultTextSize="True">
                      <font family="Axure+Handwriting" displayName="AxureHandwriting-Bold" postScript="" weightStyle="AxureHandwriting-Bold" weight="700" isBold="True" isItalic="False"/>
                      <text>CONNECT+WITH+LINKEDIN</text>
                    </textSet>
                    <selectedIndex>-1</selectedIndex>
                    <selectedColor>4282501083</selectedColor>
                    <textPadding>0</textPadding>
                  </controlProperties>
                </control>
                <control controlID="68D17666-CB20-4DD9-9C73-C1B210A170CD" controlTypeID="Icon" isShow="True" caption="Icon" x="61" y="37" w="99" h="99" measuredW="32" measuredH="32" zOrder="2" locked="False" sizeLocked="False">
                  <controlProperties>
                    <basic color="4278190080" borderVisible="True" borderColor="4284900966" isAutoSize="False" status="MsEnabled" opacity="1" isCommentCom="False" canMove="True" alias="" rotation="0"/>
                    <states/>
                    <verticalScrollbarShow>False</verticalScrollbarShow>
                    <verticalScrollbarProgress>0</verticalScrollbarProgress>
                    <horizontalScrollbarShow>False</horizontalScrollbarShow>
                    <horizontalScrollbarProgress>0</horizontalScrollbarProgress>
                    <links eventType="AtClick" animate="AmPushDown" animateAutoDelay="0" animateDuration="500">
                      <link targetPageID="" linkType="ltPageLink" isApplyIncludePage="False" title="Link">
                        <area shape="0" alt="" ID="{7A0CC28F-2E26-496C-B289-A2503B42C206}" coords="(0,0,99,99)"/>
                      </link>
                    </links>
                    <interactiveData>
                      <entry title="">
                        <area shape="0" alt="" ID="{C0F8C04F-10AD-4B64-B0AD-02209B9C376D}" coords="(0,0,99,99)"/>
                        <events title=""/>
                      </entry>
                    </interactiveData>
                    <rotationAngle>TdZero</rotationAngle>
                    <icon>
                      <ID/>
                      <iconFontName>jdIonicons</iconFontName>
                      <iconCode>62169</iconCode>
                    </icon>
                    <URL>8FACD1A6DD0E0A1D0F90FF61845F4023.svg</URL>
                    <FlipHorizontal>False</FlipHorizontal>
                    <FlipVertical>False</FlipVertical>
                  </controlProperties>
                </control>
                <control controlID="4BBD33D8-0F57-466F-82FD-38AB0E64ED39" controlTypeID="Shape" isShow="True" caption="Shape" x="0" y="146" w="222" h="33" measuredW="120" measuredH="100" zOrder="3" locked="False" sizeLocked="False">
                  <controlProperties>
                    <basic color="4278216447" borderVisible="True" borderColor="4284900966" isAutoSize="False" status="MsEnabled" opacity="1" isCommentCom="False" canMove="True" alias="" rotation="0"/>
                    <states/>
                    <verticalScrollbarShow>False</verticalScrollbarShow>
                    <verticalScrollbarProgress>0</verticalScrollbarProgress>
                    <horizontalScrollbarShow>False</horizontalScrollbarShow>
                    <horizontalScrollbarProgress>0</horizontalScrollbarProgress>
                    <links eventType="AtClick" animate="AmPushDown" animateAutoDelay="0" animateDuration="500">
                      <link targetPageID="" linkType="ltPageLink" isApplyIncludePage="False" title="Link">
                        <area shape="0" alt="" ID="{6A67B6B5-3980-484F-AE05-012CE1981D5B}" coords="(0,0,222,33)"/>
                      </link>
                    </links>
                    <interactiveData>
                      <entry title="">
                        <area shape="0" alt="" ID="{548E64EE-E508-43B5-9634-4CADBD83D9CF}" coords="(0,0,222,33)"/>
                        <events title=""/>
                      </entry>
                    </interactiveData>
                    <textSet textColor="4278190080" textSize="14" lineSpacingMultiple="1" textAlign="HaCenter" textVAlign="VaMiddle" textWordWrap="True" lineSpacing="17" textStyles="[]" useDefaultTextSize="True">
                      <font family="Axure+Handwriting" displayName="AxureHandwriting" postScript="" weightStyle="AxureHandwriting" weight="400" isBold="False" isItalic="False"/>
                    </textSet>
                    <selectedIndex>-1</selectedIndex>
                    <selectedColor>4282501083</selectedColor>
                    <textPadding>0</textPadding>
                    <shapeBorderType>SbRectangle</shapeBorderType>
                    <triangleType>TdZero</triangleType>
                    <dashMode>SdSolid</dashMode>
                    <rectangleBorderLeftVisible>True</rectangleBorderLeftVisible>
                    <rectangleBorderRightVisible>True</rectangleBorderRightVisible>
                    <rectangleBorderTopVisible>True</rectangleBorderTopVisible>
                    <rectangleBorderBottomVisible>True</rectangleBorderBottomVisible>
                    <radius>0</radius>
                    <radiusIsPercent>False</radiusIsPercent>
                    <thickness>1</thickness>
                  </controlProperties>
                </control>
                <control controlID="8950A53D-8B35-4641-A7FC-C296575C91ED" controlTypeID="Label" isShow="True" caption="Label" x="61" y="152" w="101" h="22" measuredW="0" measuredH="0" zOrder="4" locked="False" sizeLocked="False">
                  <controlProperties>
                    <basic color="0" borderVisible="True" borderColor="4284900966" isAutoSize="True" status="MsEnabled" opacity="1" isCommentCom="False" canMove="True" alias="" rotation="0"/>
                    <states/>
                    <verticalScrollbarShow>False</verticalScrollbarShow>
                    <verticalScrollbarProgress>0</verticalScrollbarProgress>
                    <horizontalScrollbarShow>False</horizontalScrollbarShow>
                    <horizontalScrollbarProgress>0</horizontalScrollbarProgress>
                    <links eventType="AtClick" animate="AmPushDown" animateAutoDelay="0" animateDuration="500">
                      <link targetPageID="" linkType="ltPageLink" isApplyIncludePage="False" title="Link">
                        <area shape="0" alt="" ID="{6FCA07AC-33A1-43D9-A668-32CE3C49ABB8}" coords="(0,0,94,22)"/>
                      </link>
                    </links>
                    <interactiveData>
                      <entry title="">
                        <area shape="0" alt="" ID="{9C4E3BB1-5073-4E26-89A5-5E9492872CBB}" coords="(0,0,94,22)"/>
                        <events title=""/>
                      </entry>
                    </interactiveData>
                    <textSet textColor="4294967295" textSize="18" lineSpacingMultiple="1" textAlign="HaLeft" textVAlign="VaTop" textWordWrap="True" lineSpacing="22" textStyles="[fsBold]" useDefaultTextSize="False">
                      <font family="Axure+Handwriting" displayName="AxureHandwriting-Bold" postScript="" weightStyle="AxureHandwriting-Bold" weight="700" isBold="True" isItalic="False"/>
                      <text>CONTINUE</text>
                    </textSet>
                    <selectedIndex>-1</selectedIndex>
                    <selectedColor>4282501083</selectedColor>
                    <textPadding>0</textPadding>
                  </controlProperties>
                </control>
              </groupChildrenDescriptors>
            </controlProperties>
          </control>
        </groupChildrenDescriptors>
      </controlProperties>
    </control>
  </controls>
  <param>
    <backgroundColor>4294967295</backgroundColor>
    <fontSize>0</fontSize>
    <fontFamily>Axure+Handwriting</fontFamily>
    <guideLines/>
  </param>
</mockup>