﻿<mockup version="4.7" minAllowVersion="4.7" ID="ACCE93BF-139F-4042-9794-48D8BF1233E7" platform="MtMobile" defaultW="360" defaultH="640" screenOrientation="MoPortrait" mobileScreenScale="1.77777779102325" measureW="360" measureH="640">
  <controls controlCount="15">
    <control controlID="78202FC7-4796-443A-A41A-3F09000A3F21" controlTypeID="Shape" isShow="True" caption="Shape" x="0" y="0" w="360" h="105" measuredW="120" measuredH="100" zOrder="0" locked="False" sizeLocked="False">
      <controlProperties>
        <basic color="4294967142" borderVisible="False" borderColor="4284900966" isAutoSize="False" status="MsEnabled" opacity="1" isCommentCom="False" canMove="True" alias="" rotation="0"/>
        <states/>
        <verticalScrollbarShow>False</verticalScrollbarShow>
        <verticalScrollbarProgress>0</verticalScrollbarProgress>
        <horizontalScrollbarShow>False</horizontalScrollbarShow>
        <horizontalScrollbarProgress>0</horizontalScrollbarProgress>
        <links eventType="AtClick" animate="AmSlideLeft" animateAutoDelay="0" animateDuration="500">
          <link targetPageID="" linkType="ltPageLink" isApplyIncludePage="False" title="Link">
            <area shape="0" alt="" ID="{46D1AA2D-518A-47A1-9344-07D59C8B1073}" coords="(0,0,360,105)"/>
          </link>
        </links>
        <interactiveData>
          <entry title="">
            <area shape="0" alt="" ID="{4E32A6EB-33DA-4764-B408-EA36F1D22540}" coords="(0,0,360,105)"/>
            <events title=""/>
          </entry>
        </interactiveData>
        <textSet textColor="4278190080" textSize="14" lineSpacingMultiple="1" textAlign="HaCenter" textVAlign="VaMiddle" textWordWrap="True" lineSpacing="17" textStyles="[]" useDefaultTextSize="True">
          <font family="Axure+Handwriting" displayName="AxureHandwriting" postScript="" weightStyle="AxureHandwriting" weight="400" isBold="False" isItalic="False"/>
        </textSet>
        <selectedIndex>-1</selectedIndex>
        <selectedColor>4282501083</selectedColor>
        <textPadding>0</textPadding>
        <shapeBorderType>SbRectangle</shapeBorderType>
        <triangleType>TdZero</triangleType>
        <dashMode>SdSolid</dashMode>
        <rectangleBorderLeftVisible>True</rectangleBorderLeftVisible>
        <rectangleBorderRightVisible>True</rectangleBorderRightVisible>
        <rectangleBorderTopVisible>True</rectangleBorderTopVisible>
        <rectangleBorderBottomVisible>True</rectangleBorderBottomVisible>
        <radius>0</radius>
        <radiusIsPercent>False</radiusIsPercent>
        <thickness>1</thickness>
      </controlProperties>
    </control>
    <control controlID="87A16F19-6CCC-40AD-B18E-549E22A84049" controlTypeID="Shape" isShow="True" caption="Shape" x="0" y="105" w="360" h="429" measuredW="120" measuredH="100" zOrder="1" locked="False" sizeLocked="False">
      <controlProperties>
        <basic color="4281545523" borderVisible="False" borderColor="4284900966" isAutoSize="False" status="MsEnabled" opacity="1" isCommentCom="False" canMove="True" alias="" rotation="0"/>
        <states/>
        <verticalScrollbarShow>False</verticalScrollbarShow>
        <verticalScrollbarProgress>0</verticalScrollbarProgress>
        <horizontalScrollbarShow>False</horizontalScrollbarShow>
        <horizontalScrollbarProgress>0</horizontalScrollbarProgress>
        <links eventType="AtClick" animate="AmSlideLeft" animateAutoDelay="0" animateDuration="500">
          <link targetPageID="" linkType="ltPageLink" isApplyIncludePage="False" title="Link">
            <area shape="0" alt="" ID="{46D1AA2D-518A-47A1-9344-07D59C8B1073}" coords="(0,0,360,429)"/>
          </link>
        </links>
        <interactiveData>
          <entry title="">
            <area shape="0" alt="" ID="{4E32A6EB-33DA-4764-B408-EA36F1D22540}" coords="(0,0,360,429)"/>
            <events title=""/>
          </entry>
        </interactiveData>
        <textSet textColor="4278190080" textSize="14" lineSpacingMultiple="1" textAlign="HaCenter" textVAlign="VaMiddle" textWordWrap="True" lineSpacing="17" textStyles="[]" useDefaultTextSize="True">
          <font family="Axure+Handwriting" displayName="AxureHandwriting" postScript="" weightStyle="AxureHandwriting" weight="400" isBold="False" isItalic="False"/>
        </textSet>
        <selectedIndex>-1</selectedIndex>
        <selectedColor>4282501083</selectedColor>
        <textPadding>0</textPadding>
        <shapeBorderType>SbRectangle</shapeBorderType>
        <triangleType>TdZero</triangleType>
        <dashMode>SdSolid</dashMode>
        <rectangleBorderLeftVisible>True</rectangleBorderLeftVisible>
        <rectangleBorderRightVisible>True</rectangleBorderRightVisible>
        <rectangleBorderTopVisible>True</rectangleBorderTopVisible>
        <rectangleBorderBottomVisible>True</rectangleBorderBottomVisible>
        <radius>0</radius>
        <radiusIsPercent>False</radiusIsPercent>
        <thickness>1</thickness>
      </controlProperties>
    </control>
    <control controlID="531FF845-019D-4B32-B7D6-621122BD2790" controlTypeID="Shape" isShow="True" caption="Shape" x="0" y="534" w="360" h="45" measuredW="120" measuredH="100" zOrder="2" locked="False" sizeLocked="False">
      <controlProperties>
        <basic color="4294914816" borderVisible="True" borderColor="4284900966" isAutoSize="False" status="MsEnabled" opacity="1" isCommentCom="False" canMove="True" alias="" rotation="0"/>
        <states/>
        <verticalScrollbarShow>False</verticalScrollbarShow>
        <verticalScrollbarProgress>0</verticalScrollbarProgress>
        <horizontalScrollbarShow>False</horizontalScrollbarShow>
        <horizontalScrollbarProgress>0</horizontalScrollbarProgress>
        <links eventType="AtClick" animate="AmSlideLeft" animateAutoDelay="0" animateDuration="500">
          <link targetPageID="4F1E5D3E-BCDF-4873-92CE-F08C2C7B368C" linkType="ltPageLink" isApplyIncludePage="False" title="COUNTDOWN+ETA">
            <area shape="0" alt="" ID="{BE39C298-849B-4EDA-9ACD-8FFE69832064}" coords="(0,0,360,45)"/>
          </link>
        </links>
        <interactiveData>
          <entry title="">
            <area shape="0" alt="" ID="{E2373C45-B4C2-4219-B141-998D02E4DFFD}" coords="(0,0,360,45)"/>
            <events title=""/>
          </entry>
        </interactiveData>
        <textSet textColor="4278190080" textSize="14" lineSpacingMultiple="1" textAlign="HaCenter" textVAlign="VaMiddle" textWordWrap="True" lineSpacing="17" textStyles="[]" useDefaultTextSize="True">
          <font family="Axure+Handwriting" displayName="AxureHandwriting" postScript="" weightStyle="AxureHandwriting" weight="400" isBold="False" isItalic="False"/>
        </textSet>
        <selectedIndex>-1</selectedIndex>
        <selectedColor>4282501083</selectedColor>
        <textPadding>0</textPadding>
        <shapeBorderType>SbRectangle</shapeBorderType>
        <triangleType>TdZero</triangleType>
        <dashMode>SdSolid</dashMode>
        <rectangleBorderLeftVisible>True</rectangleBorderLeftVisible>
        <rectangleBorderRightVisible>True</rectangleBorderRightVisible>
        <rectangleBorderTopVisible>True</rectangleBorderTopVisible>
        <rectangleBorderBottomVisible>True</rectangleBorderBottomVisible>
        <radius>0</radius>
        <radiusIsPercent>False</radiusIsPercent>
        <thickness>1</thickness>
      </controlProperties>
    </control>
    <control controlID="73292DD3-7060-4C8F-9718-4AC8B7BD782E" controlTypeID="Shape" isShow="True" caption="Shape" x="0" y="579" w="360" h="61" measuredW="120" measuredH="100" zOrder="3" locked="False" sizeLocked="False">
      <controlProperties>
        <basic color="4281545523" borderVisible="False" borderColor="4284900966" isAutoSize="False" status="MsEnabled" opacity="1" isCommentCom="False" canMove="True" alias="" rotation="0"/>
        <states/>
        <verticalScrollbarShow>False</verticalScrollbarShow>
        <verticalScrollbarProgress>0</verticalScrollbarProgress>
        <horizontalScrollbarShow>False</horizontalScrollbarShow>
        <horizontalScrollbarProgress>0</horizontalScrollbarProgress>
        <links eventType="AtClick" animate="AmSlideLeft" animateAutoDelay="0" animateDuration="500">
          <link targetPageID="" linkType="ltPageLink" isApplyIncludePage="False" title="Link">
            <area shape="0" alt="" ID="{42606580-4362-47F2-9D71-01896986F572}" coords="(0,0,360,61)"/>
          </link>
        </links>
        <interactiveData>
          <entry title="">
            <area shape="0" alt="" ID="{3FBE3CD9-B379-41A1-A17D-B104E7E5FFD7}" coords="(0,0,360,61)"/>
            <events title=""/>
          </entry>
        </interactiveData>
        <textSet textColor="4278190080" textSize="14" lineSpacingMultiple="1" textAlign="HaCenter" textVAlign="VaMiddle" textWordWrap="True" lineSpacing="17" textStyles="[]" useDefaultTextSize="True">
          <font family="Axure+Handwriting" displayName="AxureHandwriting" postScript="" weightStyle="AxureHandwriting" weight="400" isBold="False" isItalic="False"/>
        </textSet>
        <selectedIndex>-1</selectedIndex>
        <selectedColor>4282501083</selectedColor>
        <textPadding>0</textPadding>
        <shapeBorderType>SbRectangle</shapeBorderType>
        <triangleType>TdZero</triangleType>
        <dashMode>SdSolid</dashMode>
        <rectangleBorderLeftVisible>True</rectangleBorderLeftVisible>
        <rectangleBorderRightVisible>True</rectangleBorderRightVisible>
        <rectangleBorderTopVisible>True</rectangleBorderTopVisible>
        <rectangleBorderBottomVisible>True</rectangleBorderBottomVisible>
        <radius>0</radius>
        <radiusIsPercent>False</radiusIsPercent>
        <thickness>1</thickness>
      </controlProperties>
    </control>
    <control controlID="4265A189-585A-4CFB-A007-0BBF92263BF7" controlTypeID="Label" isShow="True" caption="Label" x="20" y="47" w="111" h="22" measuredW="0" measuredH="0" zOrder="4" locked="False" sizeLocked="False">
      <controlProperties>
        <basic color="0" borderVisible="True" borderColor="4284900966" isAutoSize="True" status="MsEnabled" opacity="1" isCommentCom="False" canMove="True" alias="" rotation="0"/>
        <states/>
        <verticalScrollbarShow>False</verticalScrollbarShow>
        <verticalScrollbarProgress>0</verticalScrollbarProgress>
        <horizontalScrollbarShow>False</horizontalScrollbarShow>
        <horizontalScrollbarProgress>0</horizontalScrollbarProgress>
        <links eventType="AtClick" animate="AmSlideLeft" animateAutoDelay="0" animateDuration="500">
          <link targetPageID="" linkType="ltPageLink" isApplyIncludePage="False" title="Link">
            <area shape="0" alt="" ID="{D38A2CEE-0BA6-4B82-87CD-B43D633260EF}" coords="(0,0,111,22)"/>
          </link>
        </links>
        <interactiveData>
          <entry title="">
            <area shape="0" alt="" ID="{5EB425A8-6313-48E2-993D-632C445109D7}" coords="(0,0,111,22)"/>
            <events title=""/>
          </entry>
        </interactiveData>
        <textSet textColor="4278190080" textSize="18" lineSpacingMultiple="1" textAlign="HaLeft" textVAlign="VaTop" textWordWrap="True" lineSpacing="22" textStyles="[fsBold]" useDefaultTextSize="False">
          <font family="Axure+Handwriting" displayName="AxureHandwriting-Bold" postScript="" weightStyle="AxureHandwriting-Bold" weight="700" isBold="True" isItalic="False"/>
          <text>CALLING.....</text>
        </textSet>
        <selectedIndex>-1</selectedIndex>
        <selectedColor>4282501083</selectedColor>
        <textPadding>0</textPadding>
      </controlProperties>
    </control>
    <control controlID="C7A3D445-78A0-4AD2-86C4-40EC9E7D8283" controlTypeID="Label" isShow="True" caption="Label" x="176" y="50" w="141" h="17" measuredW="0" measuredH="0" zOrder="5" locked="False" sizeLocked="False">
      <controlProperties>
        <basic color="0" borderVisible="True" borderColor="4284900966" isAutoSize="True" status="MsEnabled" opacity="1" isCommentCom="False" canMove="True" alias="" rotation="0"/>
        <states/>
        <verticalScrollbarShow>False</verticalScrollbarShow>
        <verticalScrollbarProgress>0</verticalScrollbarProgress>
        <horizontalScrollbarShow>False</horizontalScrollbarShow>
        <horizontalScrollbarProgress>0</horizontalScrollbarProgress>
        <links eventType="AtClick" animate="AmSlideLeft" animateAutoDelay="0" animateDuration="500">
          <link targetPageID="" linkType="ltPageLink" isApplyIncludePage="False" title="Link">
            <area shape="0" alt="" ID="{0A20936F-E386-41A8-87D4-C45008B0C8E3}" coords="(0,0,141,17)"/>
          </link>
        </links>
        <interactiveData>
          <entry title="">
            <area shape="0" alt="" ID="{73D0348D-B869-43C0-B84E-8CDF0A5212C0}" coords="(0,0,141,17)"/>
            <events title=""/>
          </entry>
        </interactiveData>
        <textSet textColor="4278190080" textSize="14" lineSpacingMultiple="1" textAlign="HaLeft" textVAlign="VaTop" textWordWrap="True" lineSpacing="17" textStyles="[]" useDefaultTextSize="True">
          <font family="Axure+Handwriting" displayName="AxureHandwriting" postScript="" weightStyle="AxureHandwriting" weight="400" isBold="False" isItalic="False"/>
          <text>MAHMOUD+TUKURA</text>
        </textSet>
        <selectedIndex>-1</selectedIndex>
        <selectedColor>4282501083</selectedColor>
        <textPadding>0</textPadding>
      </controlProperties>
    </control>
    <control controlID="99ADDBF0-A0DA-4363-ACC8-69252733C94B" controlTypeID="Image" isShow="True" caption="Image" x="123" y="191" w="114" h="118" measuredW="150" measuredH="150" zOrder="6" locked="False" sizeLocked="False">
      <controlProperties>
        <basic color="4294967295" borderVisible="False" borderColor="4284900966" isAutoSize="False" status="MsEnabled" opacity="1" isCommentCom="False" canMove="True" alias="" rotation="0"/>
        <states/>
        <verticalScrollbarShow>False</verticalScrollbarShow>
        <verticalScrollbarProgress>0</verticalScrollbarProgress>
        <horizontalScrollbarShow>False</horizontalScrollbarShow>
        <horizontalScrollbarProgress>0</horizontalScrollbarProgress>
        <links eventType="AtClick" animate="AmSlideLeft" animateAutoDelay="0" animateDuration="500">
          <link targetPageID="" linkType="ltPageLink" isApplyIncludePage="False" title="Link">
            <area shape="0" alt="" ID="{740B8447-4E61-4A37-B048-EBF7438822D0}" coords="(0,0,114,118)"/>
          </link>
        </links>
        <interactiveData>
          <entry title="">
            <area shape="0" alt="" ID="{5E516F88-570E-44E7-96E5-7CD5FEF90AD8}" coords="(0,0,114,118)"/>
            <events title=""/>
          </entry>
        </interactiveData>
        <rotationAngle>TdZero</rotationAngle>
        <clipShapeType>SbRectangle</clipShapeType>
        <radius>0</radius>
        <radiusIsPercent>False</radiusIsPercent>
        <URL>B49C5165046B8C6EBEDBDA61C9DB0970.png</URL>
        <FlipHorizontal>False</FlipHorizontal>
        <FlipVertical>False</FlipVertical>
        <fitMode>2</fitMode>
        <showText>True</showText>
      </controlProperties>
    </control>
    <control controlID="18FC56E8-CFDA-4DDB-838A-3DD8AD6F8DC0" controlTypeID="Icon" isShow="True" caption="Icon" x="36" y="301" w="121" h="121" measuredW="32" measuredH="32" zOrder="7" locked="False" sizeLocked="False">
      <controlProperties>
        <basic color="4278190080" borderVisible="True" borderColor="4284900966" isAutoSize="False" status="MsEnabled" opacity="1" isCommentCom="False" canMove="True" alias="" rotation="0"/>
        <states/>
        <verticalScrollbarShow>False</verticalScrollbarShow>
        <verticalScrollbarProgress>0</verticalScrollbarProgress>
        <horizontalScrollbarShow>False</horizontalScrollbarShow>
        <horizontalScrollbarProgress>0</horizontalScrollbarProgress>
        <links eventType="AtClick" animate="AmSlideLeft" animateAutoDelay="0" animateDuration="500">
          <link targetPageID="" linkType="ltPageLink" isApplyIncludePage="False" title="Link">
            <area shape="0" alt="" ID="{2BE4C4A2-C2A5-4358-BFF6-D5F64A3FD632}" coords="(0,0,121,121)"/>
          </link>
        </links>
        <interactiveData>
          <entry title="">
            <area shape="0" alt="" ID="{A4B8FE82-1600-4814-B4D7-196303AB0A1E}" coords="(0,0,121,121)"/>
            <events title=""/>
          </entry>
        </interactiveData>
        <rotationAngle>TdZero</rotationAngle>
        <icon>
          <ID/>
          <iconFontName>jdIonicons</iconFontName>
          <iconCode>62162</iconCode>
        </icon>
        <URL>94E9452D20864CF3FBC79CD2C4E76723.svg</URL>
        <FlipHorizontal>False</FlipHorizontal>
        <FlipVertical>False</FlipVertical>
      </controlProperties>
    </control>
    <control controlID="16FFC64B-D4DF-461A-B103-7FAA267B5224" controlTypeID="Icon" isShow="True" caption="Icon" x="176" y="358" w="93" h="93" measuredW="32" measuredH="32" zOrder="8" locked="False" sizeLocked="False">
      <controlProperties>
        <basic color="4278190080" borderVisible="True" borderColor="4284900966" isAutoSize="False" status="MsEnabled" opacity="1" isCommentCom="False" canMove="True" alias="" rotation="0"/>
        <states/>
        <verticalScrollbarShow>False</verticalScrollbarShow>
        <verticalScrollbarProgress>0</verticalScrollbarProgress>
        <horizontalScrollbarShow>False</horizontalScrollbarShow>
        <horizontalScrollbarProgress>0</horizontalScrollbarProgress>
        <links eventType="AtClick" animate="AmSlideLeft" animateAutoDelay="0" animateDuration="500">
          <link targetPageID="" linkType="ltPageLink" isApplyIncludePage="False" title="Link">
            <area shape="0" alt="" ID="{D31D0FE1-0810-46C0-92C1-2AAE552CF57B}" coords="(0,0,93,93)"/>
          </link>
        </links>
        <interactiveData>
          <entry title="">
            <area shape="0" alt="" ID="{C951F536-9191-4CFF-816C-43DB52EE9E67}" coords="(0,0,93,93)"/>
            <events title=""/>
          </entry>
        </interactiveData>
        <rotationAngle>TdZero</rotationAngle>
        <icon>
          <ID/>
          <iconFontName>jdIonicons</iconFontName>
          <iconCode>62358</iconCode>
        </icon>
        <URL>24AC6E9D0DB95CFF2CF4AFB878AB46D7.svg</URL>
        <FlipHorizontal>False</FlipHorizontal>
        <FlipVertical>False</FlipVertical>
      </controlProperties>
    </control>
    <control controlID="517FC1F2-3FF1-4FFE-9065-4B9B93AF8CF4" controlTypeID="Line" isShow="True" caption="Line" x="123" y="588" w="1" h="44" measuredW="120" measuredH="120" zOrder="9" locked="False" sizeLocked="False">
      <controlProperties>
        <basic color="4294967295" borderVisible="True" borderColor="4284900966" isAutoSize="False" status="MsEnabled" opacity="1" isCommentCom="False" canMove="True" alias="" rotation="0"/>
        <states/>
        <verticalScrollbarShow>False</verticalScrollbarShow>
        <verticalScrollbarProgress>0</verticalScrollbarProgress>
        <horizontalScrollbarShow>False</horizontalScrollbarShow>
        <horizontalScrollbarProgress>0</horizontalScrollbarProgress>
        <links eventType="AtClick" animate="AmSlideLeft" animateAutoDelay="0" animateDuration="500">
          <link targetPageID="" linkType="ltPageLink" isApplyIncludePage="False" title="Link">
            <area shape="0" alt="" ID="{C3CEBD5A-7D6E-47FD-A41A-4C33DCA99CF7}" coords="(0,0,1,44)"/>
          </link>
        </links>
        <interactiveData>
          <entry title="">
            <area shape="0" alt="" ID="{9EE850E8-66AC-4E4D-A498-931B8690F251}" coords="(0,0,1,44)"/>
            <events title=""/>
          </entry>
        </interactiveData>
        <textSet textColor="4278190080" textSize="14" lineSpacingMultiple="1" textAlign="HaCenter" textVAlign="VaTop" textWordWrap="True" lineSpacing="17" textStyles="[]" useDefaultTextSize="True">
          <font family="Axure+Handwriting" displayName="AxureHandwriting" postScript="" weightStyle="AxureHandwriting" weight="400" isBold="False" isItalic="False"/>
        </textSet>
        <selectedIndex>-1</selectedIndex>
        <selectedColor>4282501083</selectedColor>
        <textPadding>0</textPadding>
        <controlPoint>(0,22)</controlPoint>
        <startPoint>(0,0)</startPoint>
        <endPoint>(0,44)</endPoint>
        <thickness>1</thickness>
        <dashMode>SdSolid</dashMode>
        <textBackgroundColor>4294967295</textBackgroundColor>
        <textBorderColor>4284900966</textBorderColor>
        <showStartArrow>0</showStartArrow>
        <showEndArrow>0</showEndArrow>
        <isCurved>True</isCurved>
        <isTextPosCenter>True</isTextPosCenter>
      </controlProperties>
    </control>
    <control controlID="73DBC3D6-E074-4024-95F0-EA7054786CC5" controlTypeID="Line" isShow="True" caption="Line" x="246" y="588" w="1" h="44" measuredW="120" measuredH="120" zOrder="10" locked="False" sizeLocked="False">
      <controlProperties>
        <basic color="4294967295" borderVisible="True" borderColor="4284900966" isAutoSize="False" status="MsEnabled" opacity="1" isCommentCom="False" canMove="True" alias="" rotation="0"/>
        <states/>
        <verticalScrollbarShow>False</verticalScrollbarShow>
        <verticalScrollbarProgress>0</verticalScrollbarProgress>
        <horizontalScrollbarShow>False</horizontalScrollbarShow>
        <horizontalScrollbarProgress>0</horizontalScrollbarProgress>
        <links eventType="AtClick" animate="AmSlideLeft" animateAutoDelay="0" animateDuration="500">
          <link targetPageID="" linkType="ltPageLink" isApplyIncludePage="False" title="Link">
            <area shape="0" alt="" ID="{C3CEBD5A-7D6E-47FD-A41A-4C33DCA99CF7}" coords="(0,0,1,44)"/>
          </link>
        </links>
        <interactiveData>
          <entry title="">
            <area shape="0" alt="" ID="{9EE850E8-66AC-4E4D-A498-931B8690F251}" coords="(0,0,1,44)"/>
            <events title=""/>
          </entry>
        </interactiveData>
        <textSet textColor="4278190080" textSize="14" lineSpacingMultiple="1" textAlign="HaCenter" textVAlign="VaTop" textWordWrap="True" lineSpacing="17" textStyles="[]" useDefaultTextSize="True">
          <font family="Axure+Handwriting" displayName="AxureHandwriting" postScript="" weightStyle="AxureHandwriting" weight="400" isBold="False" isItalic="False"/>
        </textSet>
        <selectedIndex>-1</selectedIndex>
        <selectedColor>4282501083</selectedColor>
        <textPadding>0</textPadding>
        <controlPoint>(0,22)</controlPoint>
        <startPoint>(0,0)</startPoint>
        <endPoint>(0,44)</endPoint>
        <thickness>1</thickness>
        <dashMode>SdSolid</dashMode>
        <textBackgroundColor>4294967295</textBackgroundColor>
        <textBorderColor>4284900966</textBorderColor>
        <showStartArrow>0</showStartArrow>
        <showEndArrow>0</showEndArrow>
        <isCurved>True</isCurved>
        <isTextPosCenter>True</isTextPosCenter>
      </controlProperties>
    </control>
    <control controlID="8948A864-71B7-4136-8A1B-FE5E10E3FB96" controlTypeID="Icon" isShow="True" caption="Icon" x="166" y="593" w="29" h="29" measuredW="32" measuredH="32" zOrder="11" locked="False" sizeLocked="False">
      <controlProperties>
        <basic color="4294967295" borderVisible="True" borderColor="4284900966" isAutoSize="False" status="MsEnabled" opacity="1" isCommentCom="False" canMove="True" alias="" rotation="0"/>
        <states/>
        <verticalScrollbarShow>False</verticalScrollbarShow>
        <verticalScrollbarProgress>0</verticalScrollbarProgress>
        <horizontalScrollbarShow>False</horizontalScrollbarShow>
        <horizontalScrollbarProgress>0</horizontalScrollbarProgress>
        <links eventType="AtClick" animate="AmSlideLeft" animateAutoDelay="0" animateDuration="500">
          <link targetPageID="" linkType="ltPageLink" isApplyIncludePage="False" title="Link">
            <area shape="0" alt="" ID="{6515E301-431F-40EF-87DA-F7F61F371112}" coords="(0,0,29,29)"/>
          </link>
        </links>
        <interactiveData>
          <entry title="">
            <area shape="0" alt="" ID="{4BE3F1D7-C831-4D74-BEC4-8AC540258286}" coords="(0,0,29,29)"/>
            <events title=""/>
          </entry>
        </interactiveData>
        <rotationAngle>TdZero</rotationAngle>
        <icon>
          <ID/>
          <iconFontName>jdIonicons</iconFontName>
          <iconCode>62357</iconCode>
        </icon>
        <URL>FF8422BF4F62FA37B90D622EC9464F9D.svg</URL>
        <FlipHorizontal>False</FlipHorizontal>
        <FlipVertical>False</FlipVertical>
      </controlProperties>
    </control>
    <control controlID="F65BC75A-57CD-4B8E-921B-5F39D0775128" controlTypeID="Icon" isShow="True" caption="Icon" x="58" y="593" w="29" h="29" measuredW="32" measuredH="32" zOrder="12" locked="False" sizeLocked="False">
      <controlProperties>
        <basic color="4294967295" borderVisible="True" borderColor="4284900966" isAutoSize="False" status="MsEnabled" opacity="1" isCommentCom="False" canMove="True" alias="" rotation="0"/>
        <states/>
        <verticalScrollbarShow>False</verticalScrollbarShow>
        <verticalScrollbarProgress>0</verticalScrollbarProgress>
        <horizontalScrollbarShow>False</horizontalScrollbarShow>
        <horizontalScrollbarProgress>0</horizontalScrollbarProgress>
        <links eventType="AtClick" animate="AmSlideLeft" animateAutoDelay="0" animateDuration="500">
          <link targetPageID="" linkType="ltPageLink" isApplyIncludePage="False" title="Link">
            <area shape="0" alt="" ID="{C3F26769-4B7E-4058-8EC4-704E5F041971}" coords="(0,0,29,29)"/>
          </link>
        </links>
        <interactiveData>
          <entry title="">
            <area shape="0" alt="" ID="{80D30DD9-5A59-405E-8E0B-A1F4319E60E7}" coords="(0,0,29,29)"/>
            <events title=""/>
          </entry>
        </interactiveData>
        <rotationAngle>TdZero</rotationAngle>
        <icon>
          <ID/>
          <iconFontName>jdIonicons</iconFontName>
          <iconCode>62179</iconCode>
        </icon>
        <URL>327C0F72D17CEC1A7995546F899679F8.svg</URL>
        <FlipHorizontal>False</FlipHorizontal>
        <FlipVertical>False</FlipVertical>
      </controlProperties>
    </control>
    <control controlID="201FDA5F-AFD9-4449-8A5C-ED2487EE16E7" controlTypeID="Icon" isShow="True" caption="Icon" x="168" y="545" w="24" h="24" measuredW="32" measuredH="32" zOrder="13" locked="False" sizeLocked="False">
      <controlProperties>
        <basic color="4294967295" borderVisible="True" borderColor="4284900966" isAutoSize="False" status="MsEnabled" opacity="1" isCommentCom="False" canMove="True" alias="" rotation="0"/>
        <states/>
        <verticalScrollbarShow>False</verticalScrollbarShow>
        <verticalScrollbarProgress>0</verticalScrollbarProgress>
        <horizontalScrollbarShow>False</horizontalScrollbarShow>
        <horizontalScrollbarProgress>0</horizontalScrollbarProgress>
        <links eventType="AtClick" animate="AmSlideLeft" animateAutoDelay="0" animateDuration="500">
          <link targetPageID="4F1E5D3E-BCDF-4873-92CE-F08C2C7B368C" linkType="ltPageLink" isApplyIncludePage="False" title="COUNTDOWN+ETA">
            <area shape="0" alt="" ID="{E59373AB-7669-450E-9C0F-EB9F64C285E8}" coords="(0,0,24,24)"/>
          </link>
        </links>
        <interactiveData>
          <entry title="">
            <area shape="0" alt="" ID="{C4C269C1-CD57-421D-968C-08ED8A208934}" coords="(0,0,24,24)"/>
            <events title=""/>
          </entry>
        </interactiveData>
        <rotationAngle>TdZero</rotationAngle>
        <icon>
          <ID/>
          <iconFontName>jdIonicons</iconFontName>
          <iconCode>62318</iconCode>
        </icon>
        <URL>DB7FC814F441C17601BBA7EA29C0CC4C.svg</URL>
        <FlipHorizontal>False</FlipHorizontal>
        <FlipVertical>False</FlipVertical>
      </controlProperties>
    </control>
    <control controlID="DA445EF8-C448-4545-B484-CDB17295323A" controlTypeID="Icon" isShow="True" caption="Icon" x="287" y="596" w="24" h="24" measuredW="32" measuredH="32" zOrder="14" locked="False" sizeLocked="False">
      <controlProperties>
        <basic color="4294967295" borderVisible="True" borderColor="4284900966" isAutoSize="False" status="MsEnabled" opacity="1" isCommentCom="False" canMove="True" alias="" rotation="0"/>
        <states/>
        <verticalScrollbarShow>False</verticalScrollbarShow>
        <verticalScrollbarProgress>0</verticalScrollbarProgress>
        <horizontalScrollbarShow>False</horizontalScrollbarShow>
        <horizontalScrollbarProgress>0</horizontalScrollbarProgress>
        <links eventType="AtClick" animate="AmSlideLeft" animateAutoDelay="0" animateDuration="500">
          <link targetPageID="" linkType="ltPageLink" isApplyIncludePage="False" title="Link">
            <area shape="0" alt="" ID="{3D550C08-FA14-4128-8B82-287C9B0AD86B}" coords="(0,0,24,24)"/>
          </link>
        </links>
        <interactiveData>
          <entry title="">
            <area shape="0" alt="" ID="{B5E6B473-44E5-4F46-BABB-7220BEFBA127}" coords="(0,0,24,24)"/>
            <events title=""/>
          </entry>
        </interactiveData>
        <rotationAngle>TdZero</rotationAngle>
        <icon>
          <ID/>
          <iconFontName>jdIonicons</iconFontName>
          <iconCode>62375</iconCode>
        </icon>
        <URL>EFC978AEEBD0572D9ED8456F5CD60FFC.svg</URL>
        <FlipHorizontal>False</FlipHorizontal>
        <FlipVertical>False</FlipVertical>
      </controlProperties>
    </control>
  </controls>
  <param>
    <backgroundColor>4294967295</backgroundColor>
    <fontSize>0</fontSize>
    <fontFamily>Axure+Handwriting</fontFamily>
    <guideLines/>
  </param>
</mockup>