﻿<mockup version="4.7" minAllowVersion="4.7" ID="FCBAF7DE-5B75-4F90-9D0B-741F8AD9E7FB" platform="MtWeb" defaultW="1100" defaultH="6000" measureW="1100" measureH="6000" mobileScreenScale="0">
  <controls controlCount="34">
    <control controlID="729C1E7E-33E7-4D10-962A-FBF81E64F992" controlTypeID="Shape" isShow="True" caption="Shape" x="0" y="0" w="1100" h="876" measuredW="120" measuredH="100" zOrder="0" locked="False" sizeLocked="False">
      <controlProperties>
        <basic color="4294967295" borderVisible="True" borderColor="4284900966" isAutoSize="False" status="MsEnabled" opacity="1" isCommentCom="False" canMove="True" alias="" rotation="0"/>
        <states/>
        <verticalScrollbarShow>False</verticalScrollbarShow>
        <verticalScrollbarProgress>0</verticalScrollbarProgress>
        <horizontalScrollbarShow>False</horizontalScrollbarShow>
        <horizontalScrollbarProgress>0</horizontalScrollbarProgress>
        <links eventType="AtClick" animate="AmNone" animateAutoDelay="0" animateDuration="500">
          <link targetPageID="" linkType="ltPageLink" isApplyIncludePage="False" title="Link">
            <area shape="0" alt="" ID="{C3C47343-B756-48DB-9398-74F928A57173}" coords="(0,0,1100,876)"/>
          </link>
        </links>
        <interactiveData>
          <entry title="">
            <area shape="0" alt="" ID="{CC5E96FD-4F2E-4328-8203-0E3F5D721591}" coords="(0,0,1100,876)"/>
            <events title=""/>
          </entry>
        </interactiveData>
        <textSet textColor="4278190080" textSize="14" lineSpacingMultiple="1" textAlign="HaCenter" textVAlign="VaMiddle" textWordWrap="True" lineSpacing="19" textStyles="[]" useDefaultTextSize="True">
          <font family="Segoe+UI" displayName="Segoe+UI" postScript="" weightStyle="Regular" weight="400" isBold="False" isItalic="False"/>
        </textSet>
        <selectedIndex>-1</selectedIndex>
        <selectedColor>4282501083</selectedColor>
        <textPadding>0</textPadding>
        <shapeBorderType>SbRectangle</shapeBorderType>
        <triangleType>TdZero</triangleType>
        <dashMode>SdSolid</dashMode>
        <rectangleBorderLeftVisible>True</rectangleBorderLeftVisible>
        <rectangleBorderRightVisible>True</rectangleBorderRightVisible>
        <rectangleBorderTopVisible>True</rectangleBorderTopVisible>
        <rectangleBorderBottomVisible>True</rectangleBorderBottomVisible>
        <radius>0</radius>
        <radiusIsPercent>False</radiusIsPercent>
        <thickness>1</thickness>
      </controlProperties>
    </control>
    <control controlID="CE521DF3-D1E8-41B1-B4A4-B8751810518A" controlTypeID="Shape" isShow="True" caption="Shape" x="668" y="78" w="432" h="798" measuredW="120" measuredH="100" zOrder="1" locked="False" sizeLocked="False">
      <controlProperties>
        <basic color="1795162112" borderVisible="False" borderColor="4284900966" isAutoSize="False" status="MsEnabled" opacity="0.600000023841858" isCommentCom="False" canMove="True" alias="" rotation="0"/>
        <states/>
        <verticalScrollbarShow>False</verticalScrollbarShow>
        <verticalScrollbarProgress>0</verticalScrollbarProgress>
        <horizontalScrollbarShow>False</horizontalScrollbarShow>
        <horizontalScrollbarProgress>0</horizontalScrollbarProgress>
        <links eventType="AtClick" animate="AmNone" animateAutoDelay="0" animateDuration="500">
          <link targetPageID="" linkType="ltPageLink" isApplyIncludePage="False" title="Link">
            <area shape="0" alt="" ID="{BE62A324-8A98-45E0-9843-A92A388E12BC}" coords="(0,0,432,798)"/>
          </link>
        </links>
        <interactiveData>
          <entry title="">
            <area shape="0" alt="" ID="{F70A17D3-9954-412B-9DBF-218F752C448E}" coords="(0,0,432,798)"/>
            <events title=""/>
          </entry>
        </interactiveData>
        <textSet textColor="4278190080" textSize="14" lineSpacingMultiple="1" textAlign="HaCenter" textVAlign="VaMiddle" textWordWrap="True" lineSpacing="19" textStyles="[]" useDefaultTextSize="True">
          <font family="Segoe+UI" displayName="Segoe+UI" postScript="" weightStyle="Regular" weight="400" isBold="False" isItalic="False"/>
        </textSet>
        <selectedIndex>-1</selectedIndex>
        <selectedColor>4282501083</selectedColor>
        <textPadding>0</textPadding>
        <shapeBorderType>SbRectangle</shapeBorderType>
        <triangleType>TdZero</triangleType>
        <dashMode>SdSolid</dashMode>
        <rectangleBorderLeftVisible>True</rectangleBorderLeftVisible>
        <rectangleBorderRightVisible>True</rectangleBorderRightVisible>
        <rectangleBorderTopVisible>True</rectangleBorderTopVisible>
        <rectangleBorderBottomVisible>True</rectangleBorderBottomVisible>
        <radius>0</radius>
        <radiusIsPercent>False</radiusIsPercent>
        <thickness>1</thickness>
      </controlProperties>
    </control>
    <control controlID="4F73B90F-17B5-494A-BDD1-4A867254938C" controlTypeID="Shape" isShow="True" caption="Shape" x="0" y="0" w="1100" h="78" measuredW="120" measuredH="100" zOrder="2" locked="False" sizeLocked="False">
      <controlProperties>
        <basic color="4284900966" borderVisible="True" borderColor="4284900966" isAutoSize="False" status="MsEnabled" opacity="0.899999976158142" isCommentCom="False" canMove="True" alias="" rotation="0"/>
        <states/>
        <verticalScrollbarShow>False</verticalScrollbarShow>
        <verticalScrollbarProgress>0</verticalScrollbarProgress>
        <horizontalScrollbarShow>False</horizontalScrollbarShow>
        <horizontalScrollbarProgress>0</horizontalScrollbarProgress>
        <links eventType="AtClick" animate="AmNone" animateAutoDelay="0" animateDuration="500">
          <link targetPageID="" linkType="ltPageLink" isApplyIncludePage="False" title="Link">
            <area shape="0" alt="" ID="{D35E8C57-20DD-4A1B-9D98-5DA46B573E42}" coords="(0,0,1100,78)"/>
          </link>
        </links>
        <interactiveData>
          <entry title="">
            <area shape="0" alt="" ID="{AA286FB4-E482-4B96-AC1C-12B8FDAB7299}" coords="(0,0,1100,78)"/>
            <events title=""/>
          </entry>
        </interactiveData>
        <textSet textColor="4278190080" textSize="14" lineSpacingMultiple="1" textAlign="HaCenter" textVAlign="VaMiddle" textWordWrap="True" lineSpacing="19" textStyles="[]" useDefaultTextSize="True">
          <font family="Segoe+UI" displayName="Segoe+UI" postScript="" weightStyle="Regular" weight="400" isBold="False" isItalic="False"/>
        </textSet>
        <selectedIndex>-1</selectedIndex>
        <selectedColor>4282501083</selectedColor>
        <textPadding>0</textPadding>
        <shapeBorderType>SbRectangle</shapeBorderType>
        <triangleType>TdZero</triangleType>
        <dashMode>SdSolid</dashMode>
        <rectangleBorderLeftVisible>True</rectangleBorderLeftVisible>
        <rectangleBorderRightVisible>True</rectangleBorderRightVisible>
        <rectangleBorderTopVisible>True</rectangleBorderTopVisible>
        <rectangleBorderBottomVisible>True</rectangleBorderBottomVisible>
        <radius>0</radius>
        <radiusIsPercent>False</radiusIsPercent>
        <thickness>1</thickness>
      </controlProperties>
    </control>
    <control controlID="218C7174-16FD-4D05-ADBB-8C597349EB5A" controlTypeID="Image" isShow="True" caption="Image" x="28" y="4" w="64" h="64" measuredW="150" measuredH="150" zOrder="3" locked="False" sizeLocked="False">
      <controlProperties>
        <basic color="4294967295" borderVisible="False" borderColor="4284900966" isAutoSize="False" status="MsEnabled" opacity="1" isCommentCom="False" canMove="True" alias="" rotation="0"/>
        <states/>
        <verticalScrollbarShow>False</verticalScrollbarShow>
        <verticalScrollbarProgress>0</verticalScrollbarProgress>
        <horizontalScrollbarShow>False</horizontalScrollbarShow>
        <horizontalScrollbarProgress>0</horizontalScrollbarProgress>
        <links eventType="AtClick" animate="AmNone" animateAutoDelay="0" animateDuration="500">
          <link targetPageID="" linkType="ltPageLink" isApplyIncludePage="False" title="Link">
            <area shape="0" alt="" ID="{BCE1E1DF-02AA-4191-82F7-6800E162494D}" coords="(0,0,64,64)"/>
          </link>
        </links>
        <interactiveData>
          <entry title="">
            <area shape="0" alt="" ID="{579A02C1-C565-450A-B633-06ED5409851D}" coords="(0,0,64,64)"/>
            <events title=""/>
          </entry>
        </interactiveData>
        <rotationAngle>TdZero</rotationAngle>
        <clipShapeType>SbRectangle</clipShapeType>
        <radius>0</radius>
        <radiusIsPercent>False</radiusIsPercent>
        <URL>73AF2F8F679FDA67F33B89B97CE7D3DA.png</URL>
        <FlipHorizontal>False</FlipHorizontal>
        <FlipVertical>False</FlipVertical>
        <fitMode>2</fitMode>
        <showText>True</showText>
      </controlProperties>
    </control>
    <control controlID="46794DFC-2336-412A-B982-8BAA0EE5A9DC" controlTypeID="Label" isShow="True" caption="Label" x="102" y="23" w="136" h="31" measuredW="0" measuredH="0" zOrder="4" locked="False" sizeLocked="False">
      <controlProperties>
        <basic color="0" borderVisible="True" borderColor="4284900966" isAutoSize="True" status="MsEnabled" opacity="1" isCommentCom="False" canMove="True" alias="" rotation="0"/>
        <states/>
        <verticalScrollbarShow>False</verticalScrollbarShow>
        <verticalScrollbarProgress>0</verticalScrollbarProgress>
        <horizontalScrollbarShow>False</horizontalScrollbarShow>
        <horizontalScrollbarProgress>0</horizontalScrollbarProgress>
        <links eventType="AtClick" animate="AmNone" animateAutoDelay="0" animateDuration="500">
          <link targetPageID="" linkType="ltPageLink" isApplyIncludePage="False" title="Link">
            <area shape="0" alt="" ID="{CCDF7382-3D6A-4770-A9D8-0B31B1DFD109}" coords="(0,0,136,31)"/>
          </link>
        </links>
        <interactiveData>
          <entry title="">
            <area shape="0" alt="" ID="{93493304-2179-4FE7-B282-B073E0CDFB04}" coords="(0,0,136,31)"/>
            <events title=""/>
          </entry>
        </interactiveData>
        <textSet textColor="4294967295" textSize="28" lineSpacingMultiple="1" textAlign="HaLeft" textVAlign="VaTop" textWordWrap="True" lineSpacing="31" textStyles="[]" useDefaultTextSize="False">
          <font family="ALIN_KID" displayName="ALIN_KID" postScript="" weightStyle="Regular" weight="400" isBold="False" isItalic="False"/>
          <text>Errandly</text>
        </textSet>
        <selectedIndex>-1</selectedIndex>
        <selectedColor>4282501083</selectedColor>
        <textPadding>0</textPadding>
      </controlProperties>
    </control>
    <control controlID="0F8BADE2-2495-4C1C-9671-63D30193BE14" controlTypeID="Image" isShow="True" caption="Image" x="0" y="78" w="668" h="798" measuredW="150" measuredH="150" zOrder="5" locked="False" sizeLocked="False">
      <controlProperties>
        <basic color="4294967295" borderVisible="False" borderColor="4284900966" isAutoSize="False" status="MsEnabled" opacity="1" isCommentCom="False" canMove="True" alias="" rotation="0"/>
        <states/>
        <verticalScrollbarShow>False</verticalScrollbarShow>
        <verticalScrollbarProgress>0</verticalScrollbarProgress>
        <horizontalScrollbarShow>False</horizontalScrollbarShow>
        <horizontalScrollbarProgress>0</horizontalScrollbarProgress>
        <links eventType="AtClick" animate="AmNone" animateAutoDelay="0" animateDuration="500">
          <link targetPageID="" linkType="ltPageLink" isApplyIncludePage="False" title="Link">
            <area shape="0" alt="" ID="{4CC2E5C8-233B-4658-9640-C9431FF81B36}" coords="(0,0,668,798)"/>
          </link>
        </links>
        <interactiveData>
          <entry title="">
            <area shape="0" alt="" ID="{C0A00696-CD2B-4210-A895-2061DD9356B2}" coords="(0,0,668,798)"/>
            <events title=""/>
          </entry>
        </interactiveData>
        <rotationAngle>TdZero</rotationAngle>
        <clipShapeType>SbRectangle</clipShapeType>
        <radius>0</radius>
        <radiusIsPercent>False</radiusIsPercent>
        <URL>EA523FE5939507BA328F6FB6620E3953.png</URL>
        <FlipHorizontal>False</FlipHorizontal>
        <FlipVertical>False</FlipVertical>
        <fitMode>2</fitMode>
        <showText>True</showText>
      </controlProperties>
    </control>
    <control controlID="BCD3F603-6EFF-4C5D-9EDD-0E48EB7BD105" controlTypeID="TextInput" isShow="True" caption="Text+Input" x="734" y="288" w="292" h="48" measuredW="138" measuredH="24" zOrder="6" locked="False" sizeLocked="False">
      <controlProperties>
        <basic color="4294967295" borderVisible="True" borderColor="4284900966" isAutoSize="False" status="MsEnabled" opacity="1" isCommentCom="False" canMove="True" alias="" rotation="0"/>
        <states/>
        <verticalScrollbarShow>False</verticalScrollbarShow>
        <verticalScrollbarProgress>0</verticalScrollbarProgress>
        <horizontalScrollbarShow>False</horizontalScrollbarShow>
        <horizontalScrollbarProgress>0</horizontalScrollbarProgress>
        <links eventType="AtClick" animate="AmNone" animateAutoDelay="0" animateDuration="500">
          <link targetPageID="" linkType="ltPageLink" isApplyIncludePage="False" title="Link">
            <area shape="0" alt="" ID="{2ED85FCE-E0A7-4A1F-8D0C-805668934B9F}" coords="(0,0,292,48)"/>
          </link>
        </links>
        <interactiveData>
          <entry title="">
            <area shape="0" alt="" ID="{DB47660E-A8C5-4724-B885-05C4910472C0}" coords="(0,0,292,48)"/>
            <events title=""/>
          </entry>
        </interactiveData>
        <textSet textColor="4278190080" textSize="20" lineSpacingMultiple="1" textAlign="HaRight" textVAlign="VaMiddle" textWordWrap="True" lineSpacing="27" textStyles="[fsBold]" useDefaultTextSize="False">
          <font family="Segoe+UI" displayName="Segoe+UI+Bold" postScript="" weightStyle="Bold" weight="700" isBold="True" isItalic="False"/>
          <text>COMPANY+NAME</text>
        </textSet>
        <selectedIndex>-1</selectedIndex>
        <selectedColor>4282501083</selectedColor>
        <textPadding>0</textPadding>
        <canInput>True</canInput>
        <placeHolder/>
        <inputModel>emText</inputModel>
      </controlProperties>
    </control>
    <control controlID="0B9BFAFD-8957-42A5-8608-A72F766C2994" controlTypeID="TextInput" isShow="True" caption="Text+Input" x="734" y="368" w="292" h="48" measuredW="138" measuredH="24" zOrder="7" locked="False" sizeLocked="False">
      <controlProperties>
        <basic color="4294967295" borderVisible="True" borderColor="4284900966" isAutoSize="False" status="MsEnabled" opacity="1" isCommentCom="False" canMove="True" alias="" rotation="0"/>
        <states/>
        <verticalScrollbarShow>False</verticalScrollbarShow>
        <verticalScrollbarProgress>0</verticalScrollbarProgress>
        <horizontalScrollbarShow>False</horizontalScrollbarShow>
        <horizontalScrollbarProgress>0</horizontalScrollbarProgress>
        <links eventType="AtClick" animate="AmNone" animateAutoDelay="0" animateDuration="500">
          <link targetPageID="" linkType="ltPageLink" isApplyIncludePage="False" title="Link">
            <area shape="0" alt="" ID="{2ED85FCE-E0A7-4A1F-8D0C-805668934B9F}" coords="(0,0,292,48)"/>
          </link>
        </links>
        <interactiveData>
          <entry title="">
            <area shape="0" alt="" ID="{DB47660E-A8C5-4724-B885-05C4910472C0}" coords="(0,0,292,48)"/>
            <events title=""/>
          </entry>
        </interactiveData>
        <textSet textColor="4278190080" textSize="20" lineSpacingMultiple="1" textAlign="HaRight" textVAlign="VaMiddle" textWordWrap="True" lineSpacing="27" textStyles="[fsBold]" useDefaultTextSize="False">
          <font family="Segoe+UI" displayName="Segoe+UI+Bold" postScript="" weightStyle="Bold" weight="700" isBold="True" isItalic="False"/>
          <text>E-MAIL</text>
        </textSet>
        <selectedIndex>-1</selectedIndex>
        <selectedColor>4282501083</selectedColor>
        <textPadding>0</textPadding>
        <canInput>True</canInput>
        <placeHolder/>
        <inputModel>emText</inputModel>
      </controlProperties>
    </control>
    <control controlID="5C4FF0A3-D108-46BB-A0DD-7F0FF9666387" controlTypeID="TextInput" isShow="True" caption="Text+Input" x="734" y="446" w="292" h="48" measuredW="138" measuredH="24" zOrder="8" locked="False" sizeLocked="False">
      <controlProperties>
        <basic color="4294967295" borderVisible="True" borderColor="4284900966" isAutoSize="False" status="MsEnabled" opacity="1" isCommentCom="False" canMove="True" alias="" rotation="0"/>
        <states/>
        <verticalScrollbarShow>False</verticalScrollbarShow>
        <verticalScrollbarProgress>0</verticalScrollbarProgress>
        <horizontalScrollbarShow>False</horizontalScrollbarShow>
        <horizontalScrollbarProgress>0</horizontalScrollbarProgress>
        <links eventType="AtClick" animate="AmNone" animateAutoDelay="0" animateDuration="500">
          <link targetPageID="" linkType="ltPageLink" isApplyIncludePage="False" title="Link">
            <area shape="0" alt="" ID="{2ED85FCE-E0A7-4A1F-8D0C-805668934B9F}" coords="(0,0,292,48)"/>
          </link>
        </links>
        <interactiveData>
          <entry title="">
            <area shape="0" alt="" ID="{DB47660E-A8C5-4724-B885-05C4910472C0}" coords="(0,0,292,48)"/>
            <events title=""/>
          </entry>
        </interactiveData>
        <textSet textColor="4278190080" textSize="20" lineSpacingMultiple="1" textAlign="HaRight" textVAlign="VaMiddle" textWordWrap="True" lineSpacing="27" textStyles="[fsBold]" useDefaultTextSize="False">
          <font family="Segoe+UI" displayName="Segoe+UI+Bold" postScript="" weightStyle="Bold" weight="700" isBold="True" isItalic="False"/>
          <text>PASSWORD</text>
        </textSet>
        <selectedIndex>-1</selectedIndex>
        <selectedColor>4282501083</selectedColor>
        <textPadding>0</textPadding>
        <canInput>True</canInput>
        <placeHolder/>
        <inputModel>emText</inputModel>
      </controlProperties>
    </control>
    <control controlID="D2605178-06E6-403F-BC63-E45B772C4F59" controlTypeID="TextInput" isShow="True" caption="Text+Input" x="734" y="526" w="292" h="48" measuredW="138" measuredH="24" zOrder="9" locked="False" sizeLocked="False">
      <controlProperties>
        <basic color="4294967295" borderVisible="True" borderColor="4284900966" isAutoSize="False" status="MsEnabled" opacity="1" isCommentCom="False" canMove="True" alias="" rotation="0"/>
        <states/>
        <verticalScrollbarShow>False</verticalScrollbarShow>
        <verticalScrollbarProgress>0</verticalScrollbarProgress>
        <horizontalScrollbarShow>False</horizontalScrollbarShow>
        <horizontalScrollbarProgress>0</horizontalScrollbarProgress>
        <links eventType="AtClick" animate="AmNone" animateAutoDelay="0" animateDuration="500">
          <link targetPageID="" linkType="ltPageLink" isApplyIncludePage="False" title="Link">
            <area shape="0" alt="" ID="{2ED85FCE-E0A7-4A1F-8D0C-805668934B9F}" coords="(0,0,292,48)"/>
          </link>
        </links>
        <interactiveData>
          <entry title="">
            <area shape="0" alt="" ID="{DB47660E-A8C5-4724-B885-05C4910472C0}" coords="(0,0,292,48)"/>
            <events title=""/>
          </entry>
        </interactiveData>
        <textSet textColor="4278190080" textSize="20" lineSpacingMultiple="1" textAlign="HaRight" textVAlign="VaMiddle" textWordWrap="True" lineSpacing="27" textStyles="[fsBold]" useDefaultTextSize="False">
          <font family="Segoe+UI" displayName="Segoe+UI+Bold" postScript="" weightStyle="Bold" weight="700" isBold="True" isItalic="False"/>
          <text>PHONE</text>
        </textSet>
        <selectedIndex>-1</selectedIndex>
        <selectedColor>4282501083</selectedColor>
        <textPadding>0</textPadding>
        <canInput>True</canInput>
        <placeHolder/>
        <inputModel>emText</inputModel>
      </controlProperties>
    </control>
    <control controlID="8A5913A7-7CB1-47DF-B7FB-FCCEA0BD42CE" controlTypeID="Icon" isShow="True" caption="Icon" x="744" y="300" w="24" h="24" measuredW="24" measuredH="24" zOrder="10" locked="False" sizeLocked="False">
      <controlProperties>
        <basic color="4278190080" borderVisible="True" borderColor="4284900966" isAutoSize="False" status="MsEnabled" opacity="1" isCommentCom="False" canMove="True" alias="" rotation="0"/>
        <states/>
        <verticalScrollbarShow>False</verticalScrollbarShow>
        <verticalScrollbarProgress>0</verticalScrollbarProgress>
        <horizontalScrollbarShow>False</horizontalScrollbarShow>
        <horizontalScrollbarProgress>0</horizontalScrollbarProgress>
        <links eventType="AtClick" animate="AmNone" animateAutoDelay="0" animateDuration="500">
          <link targetPageID="" linkType="ltPageLink" isApplyIncludePage="False" title="Link">
            <area shape="0" alt="" ID="{8CA8E72A-BFEA-4C0D-8CD3-AA37FC6AB23B}" coords="(0,0,24,24)"/>
          </link>
        </links>
        <interactiveData>
          <entry title="">
            <area shape="0" alt="" ID="{73F12481-BB3D-472D-B1BF-9DF2323DBC64}" coords="(0,0,24,24)"/>
            <events title=""/>
          </entry>
        </interactiveData>
        <rotationAngle>TdZero</rotationAngle>
        <icon>
          <ID/>
          <iconFontName>jdIonicons</iconFontName>
          <iconCode>62315</iconCode>
        </icon>
        <URL>41BACA5C90C06C95D081FB51FB64DE31.svg</URL>
        <FlipHorizontal>False</FlipHorizontal>
        <FlipVertical>False</FlipVertical>
      </controlProperties>
    </control>
    <control controlID="CD7DD0A7-54B8-47A0-B7E6-36813E15ABAC" controlTypeID="Icon" isShow="True" caption="Icon" x="744" y="380" w="24" h="24" measuredW="24" measuredH="24" zOrder="11" locked="False" sizeLocked="False">
      <controlProperties>
        <basic color="4278190080" borderVisible="True" borderColor="4284900966" isAutoSize="False" status="MsEnabled" opacity="1" isCommentCom="False" canMove="True" alias="" rotation="0"/>
        <states/>
        <verticalScrollbarShow>False</verticalScrollbarShow>
        <verticalScrollbarProgress>0</verticalScrollbarProgress>
        <horizontalScrollbarShow>False</horizontalScrollbarShow>
        <horizontalScrollbarProgress>0</horizontalScrollbarProgress>
        <links eventType="AtClick" animate="AmNone" animateAutoDelay="0" animateDuration="500">
          <link targetPageID="" linkType="ltPageLink" isApplyIncludePage="False" title="Link">
            <area shape="0" alt="" ID="{2B3D4708-20D1-4FAB-A90A-B38A8F09E594}" coords="(0,0,24,24)"/>
          </link>
        </links>
        <interactiveData>
          <entry title="">
            <area shape="0" alt="" ID="{774CBFC2-F7AF-4095-A56F-33B15F745E8E}" coords="(0,0,24,24)"/>
            <events title=""/>
          </entry>
        </interactiveData>
        <rotationAngle>TdZero</rotationAngle>
        <icon>
          <ID/>
          <iconFontName>jdIonicons</iconFontName>
          <iconCode>62187</iconCode>
        </icon>
        <URL>B006535552ADCF3C660B10FA6D267D70.svg</URL>
        <FlipHorizontal>False</FlipHorizontal>
        <FlipVertical>False</FlipVertical>
      </controlProperties>
    </control>
    <control controlID="E5B72BA5-520B-4C7B-9552-3B895F873073" controlTypeID="Icon" isShow="True" caption="Icon" x="744" y="458" w="24" h="24" measuredW="24" measuredH="24" zOrder="12" locked="False" sizeLocked="False">
      <controlProperties>
        <basic color="4278190080" borderVisible="True" borderColor="4284900966" isAutoSize="False" status="MsEnabled" opacity="1" isCommentCom="False" canMove="True" alias="" rotation="0"/>
        <states/>
        <verticalScrollbarShow>False</verticalScrollbarShow>
        <verticalScrollbarProgress>0</verticalScrollbarProgress>
        <horizontalScrollbarShow>False</horizontalScrollbarShow>
        <horizontalScrollbarProgress>0</horizontalScrollbarProgress>
        <links eventType="AtClick" animate="AmNone" animateAutoDelay="0" animateDuration="500">
          <link targetPageID="" linkType="ltPageLink" isApplyIncludePage="False" title="Link">
            <area shape="0" alt="" ID="{151F545C-7FE2-45AE-924A-4298E20BC938}" coords="(0,0,24,24)"/>
          </link>
        </links>
        <interactiveData>
          <entry title="">
            <area shape="0" alt="" ID="{8140D643-283A-40B9-BD90-747612F79BF4}" coords="(0,0,24,24)"/>
            <events title=""/>
          </entry>
        </interactiveData>
        <rotationAngle>TdZero</rotationAngle>
        <icon>
          <ID/>
          <iconFontName>jdIonicons</iconFontName>
          <iconCode>62354</iconCode>
        </icon>
        <URL>671B6BE607975A74FB470B2A24F33C46.svg</URL>
        <FlipHorizontal>False</FlipHorizontal>
        <FlipVertical>False</FlipVertical>
      </controlProperties>
    </control>
    <control controlID="4E9DD199-5052-426E-B303-6AD42ADCB9E9" controlTypeID="Icon" isShow="True" caption="Icon" x="744" y="538" w="24" h="24" measuredW="24" measuredH="24" zOrder="13" locked="False" sizeLocked="False">
      <controlProperties>
        <basic color="4278190080" borderVisible="True" borderColor="4284900966" isAutoSize="False" status="MsEnabled" opacity="1" isCommentCom="False" canMove="True" alias="" rotation="0"/>
        <states/>
        <verticalScrollbarShow>False</verticalScrollbarShow>
        <verticalScrollbarProgress>0</verticalScrollbarProgress>
        <horizontalScrollbarShow>False</horizontalScrollbarShow>
        <horizontalScrollbarProgress>0</horizontalScrollbarProgress>
        <links eventType="AtClick" animate="AmNone" animateAutoDelay="0" animateDuration="500">
          <link targetPageID="" linkType="ltPageLink" isApplyIncludePage="False" title="Link">
            <area shape="0" alt="" ID="{F5DE19AC-5A1E-411B-9E16-7928378313A1}" coords="(0,0,24,24)"/>
          </link>
        </links>
        <interactiveData>
          <entry title="">
            <area shape="0" alt="" ID="{1481D819-89BA-4DCB-A58C-230E3D97F2F9}" coords="(0,0,24,24)"/>
            <events title=""/>
          </entry>
        </interactiveData>
        <rotationAngle>TdZero</rotationAngle>
        <icon>
          <ID/>
          <iconFontName>jdIonicons</iconFontName>
          <iconCode>62370</iconCode>
        </icon>
        <URL>51456FBB486C460B70CCB6DE6EAA6500.svg</URL>
        <FlipHorizontal>False</FlipHorizontal>
        <FlipVertical>False</FlipVertical>
      </controlProperties>
    </control>
    <control controlID="3F30D599-4F87-4B68-9CA7-E7B61ADEC934" controlTypeID="NumericStepper" isShow="True" caption="Num.Stepper" x="934" y="598" w="92" h="48" measuredW="43" measuredH="24" zOrder="14" locked="False" sizeLocked="False">
      <controlProperties>
        <basic color="4294967295" borderVisible="True" borderColor="4278190080" isAutoSize="False" status="MsEnabled" opacity="0.899999976158142" isCommentCom="False" canMove="True" alias="" rotation="0"/>
        <states/>
        <verticalScrollbarShow>False</verticalScrollbarShow>
        <verticalScrollbarProgress>0</verticalScrollbarProgress>
        <horizontalScrollbarShow>False</horizontalScrollbarShow>
        <horizontalScrollbarProgress>0</horizontalScrollbarProgress>
        <links eventType="AtClick" animate="AmNone" animateAutoDelay="0" animateDuration="500">
          <link targetPageID="" linkType="ltPageLink" isApplyIncludePage="False" title="Link">
            <area shape="0" alt="" ID="{7F9D08C7-B73D-4D11-AF36-C0250938A184}" coords="(0,0,92,48)"/>
          </link>
        </links>
        <interactiveData>
          <entry title="">
            <area shape="0" alt="" ID="{C26CACA5-B313-4DEE-8B3D-95F7FCA426F5}" coords="(0,0,92,48)"/>
            <events title=""/>
          </entry>
        </interactiveData>
        <textSet textColor="4278190080" textSize="14" lineSpacingMultiple="1" textAlign="HaLeft" textVAlign="VaTop" textWordWrap="True" lineSpacing="19" textStyles="[]" useDefaultTextSize="True">
          <font family="Segoe+UI" displayName="Segoe+UI" postScript="" weightStyle="Regular" weight="400" isBold="False" isItalic="False"/>
          <text>5</text>
        </textSet>
        <selectedIndex>-1</selectedIndex>
        <selectedColor>4282501083</selectedColor>
        <textPadding>0</textPadding>
      </controlProperties>
    </control>
    <control controlID="AEA446F2-829E-4A1D-BFD8-9513D65193C5" controlTypeID="Label" isShow="True" caption="Label" x="734" y="614" w="155" h="27" measuredW="0" measuredH="0" zOrder="15" locked="False" sizeLocked="False">
      <controlProperties>
        <basic color="0" borderVisible="True" borderColor="4284900966" isAutoSize="True" status="MsEnabled" opacity="1" isCommentCom="False" canMove="True" alias="" rotation="0"/>
        <states/>
        <verticalScrollbarShow>False</verticalScrollbarShow>
        <verticalScrollbarProgress>0</verticalScrollbarProgress>
        <horizontalScrollbarShow>False</horizontalScrollbarShow>
        <horizontalScrollbarProgress>0</horizontalScrollbarProgress>
        <links eventType="AtClick" animate="AmNone" animateAutoDelay="0" animateDuration="500">
          <link targetPageID="" linkType="ltPageLink" isApplyIncludePage="False" title="Link">
            <area shape="0" alt="" ID="{09A0E36B-05C6-4B84-98C2-0F72BF606D25}" coords="(0,0,155,27)"/>
          </link>
        </links>
        <interactiveData>
          <entry title="">
            <area shape="0" alt="" ID="{0187154A-95D9-45FC-B79D-EBD6931F37FF}" coords="(0,0,155,27)"/>
            <events title=""/>
          </entry>
        </interactiveData>
        <textSet textColor="4278190080" textSize="20" lineSpacingMultiple="1" textAlign="HaLeft" textVAlign="VaTop" textWordWrap="True" lineSpacing="27" textStyles="[fsBold]" useDefaultTextSize="False">
          <font family="Segoe+UI" displayName="Segoe+UI+Bold" postScript="" weightStyle="Bold" weight="700" isBold="True" isItalic="False"/>
          <text>TEAM+NUMBER</text>
        </textSet>
        <selectedIndex>-1</selectedIndex>
        <selectedColor>4282501083</selectedColor>
        <textPadding>0</textPadding>
      </controlProperties>
    </control>
    <control controlID="C618289E-6DFB-4CE8-B121-423F64135CEB" controlTypeID="Label" isShow="True" caption="Label" x="734" y="774" w="232" h="27" measuredW="0" measuredH="0" zOrder="16" locked="False" sizeLocked="False">
      <controlProperties>
        <basic color="0" borderVisible="True" borderColor="4284900966" isAutoSize="True" status="MsEnabled" opacity="1" isCommentCom="False" canMove="True" alias="" rotation="0"/>
        <states/>
        <verticalScrollbarShow>False</verticalScrollbarShow>
        <verticalScrollbarProgress>0</verticalScrollbarProgress>
        <horizontalScrollbarShow>False</horizontalScrollbarShow>
        <horizontalScrollbarProgress>0</horizontalScrollbarProgress>
        <links eventType="AtClick" animate="AmNone" animateAutoDelay="0" animateDuration="500">
          <link targetPageID="" linkType="ltPageLink" isApplyIncludePage="False" title="Link">
            <area shape="0" alt="" ID="{355034A4-45A6-481A-B6D6-C2467CA5B41D}" coords="(0,0,232,27)"/>
          </link>
        </links>
        <interactiveData>
          <entry title="">
            <area shape="0" alt="" ID="{059C1DD8-0EF4-4718-A7BE-DC475F77FDB7}" coords="(0,0,232,27)"/>
            <events title=""/>
          </entry>
        </interactiveData>
        <textSet textColor="4278190080" textSize="20" lineSpacingMultiple="1" textAlign="HaLeft" textVAlign="VaTop" textWordWrap="True" lineSpacing="27" textStyles="[]" useDefaultTextSize="False">
          <font family="Segoe+UI" displayName="Segoe+UI" postScript="" weightStyle="Regular" weight="400" isBold="False" isItalic="False"/>
          <text>Already+have+an+account%3F</text>
        </textSet>
        <selectedIndex>-1</selectedIndex>
        <selectedColor>4282501083</selectedColor>
        <textPadding>0</textPadding>
      </controlProperties>
    </control>
    <control controlID="D21D9CFE-5F4D-4FEE-B8F3-7BE01A06ABB4" controlTypeID="Label" isShow="True" caption="Label" x="976" y="774" w="81" h="27" measuredW="0" measuredH="0" zOrder="17" locked="False" sizeLocked="False">
      <controlProperties>
        <basic color="0" borderVisible="True" borderColor="4284900966" isAutoSize="True" status="MsEnabled" opacity="1" isCommentCom="False" canMove="True" alias="" rotation="0"/>
        <states/>
        <verticalScrollbarShow>False</verticalScrollbarShow>
        <verticalScrollbarProgress>0</verticalScrollbarProgress>
        <horizontalScrollbarShow>False</horizontalScrollbarShow>
        <horizontalScrollbarProgress>0</horizontalScrollbarProgress>
        <links eventType="AtClick" animate="AmNone" animateAutoDelay="0" animateDuration="500">
          <link targetPageID="F33F4795-9C5D-4EA5-B9E9-9F26C4DCCD84" linkType="ltPageLink" isApplyIncludePage="False" title="Partner+Signin">
            <area shape="0" alt="" ID="{2944927F-12DD-4F79-BAD5-B8611ACDBAB7}" coords="(0,0,81,27)"/>
          </link>
        </links>
        <interactiveData>
          <entry title="">
            <area shape="0" alt="" ID="{9B68AF84-FF28-4DF4-A1AA-4E1513A7979C}" coords="(0,0,81,27)"/>
            <events title=""/>
          </entry>
        </interactiveData>
        <textSet textColor="4278190080" textSize="20" lineSpacingMultiple="1" textAlign="HaLeft" textVAlign="VaTop" textWordWrap="True" lineSpacing="27" textStyles="[fsBold]" useDefaultTextSize="False">
          <font family="Segoe+UI" displayName="Segoe+UI+Bold" postScript="" weightStyle="Bold" weight="700" isBold="True" isItalic="False"/>
          <text>SIGN+IN</text>
        </textSet>
        <selectedIndex>-1</selectedIndex>
        <selectedColor>4282501083</selectedColor>
        <textPadding>0</textPadding>
      </controlProperties>
    </control>
    <control controlID="00AE731B-E585-4646-9DE2-C6575D872F47" controlTypeID="Label" isShow="True" caption="Label" x="734" y="818" w="163" h="27" measuredW="0" measuredH="0" zOrder="18" locked="False" sizeLocked="False">
      <controlProperties>
        <basic color="0" borderVisible="True" borderColor="4284900966" isAutoSize="True" status="MsEnabled" opacity="1" isCommentCom="False" canMove="True" alias="" rotation="0"/>
        <states/>
        <verticalScrollbarShow>False</verticalScrollbarShow>
        <verticalScrollbarProgress>0</verticalScrollbarProgress>
        <horizontalScrollbarShow>False</horizontalScrollbarShow>
        <horizontalScrollbarProgress>0</horizontalScrollbarProgress>
        <links eventType="AtClick" animate="AmNone" animateAutoDelay="0" animateDuration="500">
          <link targetPageID="" linkType="ltPageLink" isApplyIncludePage="False" title="Link">
            <area shape="0" alt="" ID="{821F703C-37BA-4B6C-ADCC-918A13889F82}" coords="(0,0,163,27)"/>
          </link>
        </links>
        <interactiveData>
          <entry title="">
            <area shape="0" alt="" ID="{2019E9BD-EC64-4C48-8B03-768FC697D06B}" coords="(0,0,163,27)"/>
            <events title="">
              <event eventType="atClick" isChecked="True">
                <behaviour title="" isChecked="True" isWait="False" isLoop="False" execMode="emParallel">
                  <target targetID="3E6EE53D-3BD2-464C-A19C-0B65D8D10BA6" isChecked="True" isAutoRecovery="False" isLoop="False" execMode="emSequence">
                    <command name="Popup State Change" isChecked="True" descrition="">
                      <param name="AniInterpolation" value="0" varType="3" description=""/>
                      <param name="AniDuration" value="200" varType="3" description=""/>
                      <param name="AniAutoReverse" value="False" varType="11" description=""/>
                      <param name="AniLoop" value="False" varType="11" description=""/>
                      <param name="AniInterpolationTypeOut" value="False" varType="11" description=""/>
                      <param name="Delay" value="0" varType="3" description=""/>
                      <param name="Value" value="2" varType="3" description=""/>
                      <param name="AniType" value="0" varType="3" description=""/>
                    </command>
                  </target>
                </behaviour>
              </event>
            </events>
          </entry>
        </interactiveData>
        <textSet textColor="4278190080" textSize="20" lineSpacingMultiple="1" textAlign="HaLeft" textVAlign="VaTop" textWordWrap="True" lineSpacing="27" textStyles="[]" useDefaultTextSize="False">
          <font family="Segoe+UI" displayName="Segoe+UI" postScript="" weightStyle="Regular" weight="400" isBold="False" isItalic="False"/>
          <text>Forgot+Password%3F</text>
        </textSet>
        <selectedIndex>-1</selectedIndex>
        <selectedColor>4282501083</selectedColor>
        <textPadding>0</textPadding>
      </controlProperties>
    </control>
    <control controlID="2C81B91B-275E-4026-88E5-32D950C95331" controlTypeID="Shape" isShow="True" caption="Shape" x="784" y="690" w="182" h="48" measuredW="120" measuredH="100" zOrder="19" locked="False" sizeLocked="False">
      <controlProperties>
        <basic color="4278190080" borderVisible="True" borderColor="4284900966" isAutoSize="False" status="MsEnabled" opacity="1" isCommentCom="False" canMove="True" alias="" rotation="0"/>
        <states/>
        <verticalScrollbarShow>False</verticalScrollbarShow>
        <verticalScrollbarProgress>0</verticalScrollbarProgress>
        <horizontalScrollbarShow>False</horizontalScrollbarShow>
        <horizontalScrollbarProgress>0</horizontalScrollbarProgress>
        <links eventType="AtClick" animate="AmNone" animateAutoDelay="0" animateDuration="500">
          <link targetPageID="7A4019BB-250F-4506-853A-D8A6B91760F1" linkType="ltPageLink" isApplyIncludePage="False" title="Partner+Survey">
            <area shape="0" alt="" ID="{9FB9B85B-4E87-43E5-8C55-B5236892E969}" coords="(0,0,182,48)"/>
          </link>
        </links>
        <interactiveData>
          <entry title="">
            <area shape="0" alt="" ID="{A50CCDEA-217C-4D6A-9FFC-CEC51C34E883}" coords="(0,0,182,48)"/>
            <events title=""/>
          </entry>
        </interactiveData>
        <textSet textColor="4278190080" textSize="14" lineSpacingMultiple="1" textAlign="HaCenter" textVAlign="VaMiddle" textWordWrap="True" lineSpacing="19" textStyles="[]" useDefaultTextSize="True">
          <font family="Segoe+UI" displayName="Segoe+UI" postScript="" weightStyle="Regular" weight="400" isBold="False" isItalic="False"/>
        </textSet>
        <selectedIndex>-1</selectedIndex>
        <selectedColor>4282501083</selectedColor>
        <textPadding>0</textPadding>
        <shapeBorderType>SbRectangle</shapeBorderType>
        <triangleType>TdZero</triangleType>
        <dashMode>SdSolid</dashMode>
        <rectangleBorderLeftVisible>True</rectangleBorderLeftVisible>
        <rectangleBorderRightVisible>True</rectangleBorderRightVisible>
        <rectangleBorderTopVisible>True</rectangleBorderTopVisible>
        <rectangleBorderBottomVisible>True</rectangleBorderBottomVisible>
        <radius>0</radius>
        <radiusIsPercent>False</radiusIsPercent>
        <thickness>1</thickness>
      </controlProperties>
    </control>
    <control controlID="68BC3EA2-62F5-4C01-8E31-CA67153A195B" controlTypeID="Label" isShow="True" caption="Label" x="831" y="701" w="87" h="27" measuredW="0" measuredH="0" zOrder="20" locked="False" sizeLocked="False">
      <controlProperties>
        <basic color="0" borderVisible="True" borderColor="4284900966" isAutoSize="True" status="MsEnabled" opacity="1" isCommentCom="False" canMove="True" alias="" rotation="0"/>
        <states/>
        <verticalScrollbarShow>False</verticalScrollbarShow>
        <verticalScrollbarProgress>0</verticalScrollbarProgress>
        <horizontalScrollbarShow>False</horizontalScrollbarShow>
        <horizontalScrollbarProgress>0</horizontalScrollbarProgress>
        <links eventType="AtClick" animate="AmNone" animateAutoDelay="0" animateDuration="500">
          <link targetPageID="7A4019BB-250F-4506-853A-D8A6B91760F1" linkType="ltPageLink" isApplyIncludePage="False" title="Partner+Survey">
            <area shape="0" alt="" ID="{85AEEAF8-A10F-411B-A373-F3AAD583C94A}" coords="(0,0,87,27)"/>
          </link>
        </links>
        <interactiveData>
          <entry title="">
            <area shape="0" alt="" ID="{538E3D70-E7AD-4ACF-84C9-FB565B160EDD}" coords="(0,0,87,27)"/>
            <events title=""/>
          </entry>
        </interactiveData>
        <textSet textColor="4294967295" textSize="20" lineSpacingMultiple="1" textAlign="HaLeft" textVAlign="VaTop" textWordWrap="True" lineSpacing="27" textStyles="[fsBold]" useDefaultTextSize="False">
          <font family="Segoe+UI" displayName="Segoe+UI+Bold" postScript="" weightStyle="Bold" weight="700" isBold="True" isItalic="False"/>
          <text>SIGN+UP</text>
        </textSet>
        <selectedIndex>-1</selectedIndex>
        <selectedColor>4282501083</selectedColor>
        <textPadding>0</textPadding>
      </controlProperties>
    </control>
    <control controlID="F390ED4B-BF22-4C0A-ADA1-F23810247502" controlTypeID="Shape" isShow="True" caption="Shape" x="118" y="150" w="432" h="266" measuredW="120" measuredH="100" zOrder="21" locked="False" sizeLocked="False">
      <controlProperties>
        <basic color="1711276032" borderVisible="True" borderColor="4284900966" isAutoSize="False" status="MsEnabled" opacity="1" isCommentCom="False" canMove="True" alias="" rotation="0"/>
        <states/>
        <verticalScrollbarShow>False</verticalScrollbarShow>
        <verticalScrollbarProgress>0</verticalScrollbarProgress>
        <horizontalScrollbarShow>False</horizontalScrollbarShow>
        <horizontalScrollbarProgress>0</horizontalScrollbarProgress>
        <links eventType="AtClick" animate="AmNone" animateAutoDelay="0" animateDuration="500">
          <link targetPageID="" linkType="ltPageLink" isApplyIncludePage="False" title="Link">
            <area shape="0" alt="" ID="{60AED20E-559C-450E-9233-EFED5FEA3D86}" coords="(0,0,432,266)"/>
          </link>
        </links>
        <interactiveData>
          <entry title="">
            <area shape="0" alt="" ID="{D2C388EA-75DB-4DBD-ADC2-9800AA577DF5}" coords="(0,0,432,266)"/>
            <events title=""/>
          </entry>
        </interactiveData>
        <textSet textColor="4278190080" textSize="14" lineSpacingMultiple="1" textAlign="HaCenter" textVAlign="VaMiddle" textWordWrap="True" lineSpacing="19" textStyles="[]" useDefaultTextSize="True">
          <font family="Segoe+UI" displayName="Segoe+UI" postScript="" weightStyle="Regular" weight="400" isBold="False" isItalic="False"/>
        </textSet>
        <selectedIndex>-1</selectedIndex>
        <selectedColor>4282501083</selectedColor>
        <textPadding>0</textPadding>
        <shapeBorderType>SbRectangle</shapeBorderType>
        <triangleType>TdZero</triangleType>
        <dashMode>SdSolid</dashMode>
        <rectangleBorderLeftVisible>True</rectangleBorderLeftVisible>
        <rectangleBorderRightVisible>True</rectangleBorderRightVisible>
        <rectangleBorderTopVisible>True</rectangleBorderTopVisible>
        <rectangleBorderBottomVisible>True</rectangleBorderBottomVisible>
        <radius>0</radius>
        <radiusIsPercent>False</radiusIsPercent>
        <thickness>1</thickness>
      </controlProperties>
    </control>
    <control controlID="22328B12-C9B3-4239-AF14-427A031553CE" controlTypeID="Label" isShow="True" caption="Label" x="203" y="162" w="286" h="38" measuredW="0" measuredH="0" zOrder="22" locked="False" sizeLocked="False">
      <controlProperties>
        <basic color="0" borderVisible="True" borderColor="4284900966" isAutoSize="True" status="MsEnabled" opacity="1" isCommentCom="False" canMove="True" alias="" rotation="0"/>
        <states/>
        <verticalScrollbarShow>False</verticalScrollbarShow>
        <verticalScrollbarProgress>0</verticalScrollbarProgress>
        <horizontalScrollbarShow>False</horizontalScrollbarShow>
        <horizontalScrollbarProgress>0</horizontalScrollbarProgress>
        <links eventType="AtClick" animate="AmNone" animateAutoDelay="0" animateDuration="500">
          <link targetPageID="" linkType="ltPageLink" isApplyIncludePage="False" title="Link">
            <area shape="0" alt="" ID="{AF23CF4D-9694-4511-B8DC-1F4F2AB6074E}" coords="(0,0,286,38)"/>
          </link>
        </links>
        <interactiveData>
          <entry title="">
            <area shape="0" alt="" ID="{7E0FEFBE-8E63-4BA0-BAC8-E65392C97BDB}" coords="(0,0,286,38)"/>
            <events title=""/>
          </entry>
        </interactiveData>
        <textSet textColor="4294967295" textSize="28" lineSpacingMultiple="1" textAlign="HaLeft" textVAlign="VaTop" textWordWrap="True" lineSpacing="37" textStyles="[fsBold]" useDefaultTextSize="False">
          <font family="Segoe+UI+Semibold" displayName="Segoe+UI+Semibold_%26_Bold" postScript="" weightStyle="Bold" weight="700" isBold="True" isItalic="False"/>
          <text>BECOME+A+PARTNER</text>
        </textSet>
        <selectedIndex>-1</selectedIndex>
        <selectedColor>4282501083</selectedColor>
        <textPadding>0</textPadding>
      </controlProperties>
    </control>
    <control controlID="EA9A3081-011B-4A52-81A7-8FD2F9C2A471" controlTypeID="TextArea" isShow="True" caption="Text+Area" x="141" y="210" w="392" h="186" measuredW="0" measuredH="90" zOrder="23" locked="False" sizeLocked="False">
      <controlProperties>
        <basic color="16777215" borderVisible="False" borderColor="4284900966" isAutoSize="False" status="MsEnabled" opacity="1" isCommentCom="False" canMove="True" alias="" rotation="0"/>
        <states/>
        <verticalScrollbarShow>False</verticalScrollbarShow>
        <verticalScrollbarProgress>0</verticalScrollbarProgress>
        <horizontalScrollbarShow>False</horizontalScrollbarShow>
        <horizontalScrollbarProgress>0</horizontalScrollbarProgress>
        <links eventType="AtClick" animate="AmNone" animateAutoDelay="0" animateDuration="500">
          <link targetPageID="" linkType="ltPageLink" isApplyIncludePage="False" title="Link">
            <area shape="0" alt="" ID="{1CD261C7-EC47-4A10-9277-C643395E790C}" coords="(0,0,392,186)"/>
          </link>
        </links>
        <interactiveData>
          <entry title="">
            <area shape="0" alt="" ID="{59D37751-CB3F-4595-9F35-30099B626EDB}" coords="(0,0,392,186)"/>
            <events title=""/>
          </entry>
        </interactiveData>
        <textSet textColor="4294967295" textSize="24" lineSpacingMultiple="1" textAlign="HaCenter" textVAlign="VaTop" textWordWrap="True" lineSpacing="32" textStyles="[]" useDefaultTextSize="False">
          <font family="Segoe+UI" displayName="Segoe+UI" postScript="" weightStyle="Regular" weight="400" isBold="False" isItalic="False"/>
          <text>Join+a+number+of+other+companies+that+use+Errandly+as+a+service%2C+we+provide+you+with+an+automated+system+where+we+assist+you+with+on+demand+logisitcs</text>
        </textSet>
        <selectedIndex>-1</selectedIndex>
        <selectedColor>4282501083</selectedColor>
        <textPadding>0</textPadding>
      </controlProperties>
    </control>
    <control controlID="3E6EE53D-3BD2-464C-A19C-0B65D8D10BA6" controlTypeID="PopupPanel" isShow="True" caption="Popup+Panel" x="0" y="632" w="46" h="46" measuredW="0" measuredH="0" zOrder="24" locked="False" sizeLocked="False">
      <controlProperties isBackgroundFade="False" aniType_Mobile="aniFade" aniType="dnNone" closeByClickMode="cmClickOutSizeArea" closeByKeyModes="[kmEsc,kmEnter]" isShowBackground="False" delayBeforePopup="0" aniDuration="200" positionPolicy="ppFree" positionMargin="0" positionScreenMode="psCenter" positionComMode="pcBottom">
        <basic color="1879048192" borderVisible="False" borderColor="4284900966" isAutoSize="False" status="MsEnabled" opacity="1" isCommentCom="False" canMove="True" alias="" rotation="0"/>
        <states/>
        <verticalScrollbarShow>False</verticalScrollbarShow>
        <verticalScrollbarProgress>0</verticalScrollbarProgress>
        <horizontalScrollbarShow>False</horizontalScrollbarShow>
        <horizontalScrollbarProgress>0</horizontalScrollbarProgress>
        <links eventType="AtClick" animate="AmNone" animateAutoDelay="0" animateDuration="500">
          <link targetPageID="" linkType="ltPageLink" isApplyIncludePage="False" title="Link">
            <area shape="0" alt="" ID="{384CF4A5-8A04-4910-9894-EF0B2557293D}" coords="(0,0,46,46)"/>
          </link>
        </links>
        <interactiveData>
          <entry title="">
            <area shape="0" alt="" ID="{EE3DBB96-AC9E-4041-9A52-A8C1AF06B4CC}" coords="(0,0,46,46)"/>
            <events title=""/>
          </entry>
        </interactiveData>
        <groupChildrenDescriptors>
          <control controlID="D6666027-7076-4ECC-A7B7-C71268B1F718" controlTypeID="Panel" isShow="True" caption="Panel" x="0" y="0" w="1100" h="6000" measuredW="0" measuredH="0" zOrder="0" locked="True" sizeLocked="False">
            <controlProperties>
              <basic color="1879048192" borderVisible="False" borderColor="4284900966" isAutoSize="False" status="MsEnabled" opacity="1" isCommentCom="False" canMove="False" alias="background" rotation="0"/>
              <states/>
              <verticalScrollbarShow>False</verticalScrollbarShow>
              <verticalScrollbarProgress>0</verticalScrollbarProgress>
              <horizontalScrollbarShow>False</horizontalScrollbarShow>
              <horizontalScrollbarProgress>0</horizontalScrollbarProgress>
              <links eventType="AtClick" animate="AmNone" animateAutoDelay="0" animateDuration="500">
                <link targetPageID="" linkType="ltPageLink" isApplyIncludePage="False" title="Link">
                  <area shape="0" alt="" ID="{712375C1-465C-4F6E-985F-5FAF929C1FCF}" coords="(0,0,1100,6000)"/>
                </link>
              </links>
              <interactiveData>
                <entry title="">
                  <area shape="0" alt="" ID="{080620E1-36E2-4A9F-87A6-6E8DB191C06B}" coords="(0,0,1100,6000)"/>
                  <events title=""/>
                </entry>
              </interactiveData>
              <groupChildrenDescriptors>
                <control controlID="0C320D93-97EC-4C11-8AB2-ECB3F2E04E47" controlTypeID="Border" isShow="True" caption="Border" x="0" y="0" w="1100" h="6000" measuredW="0" measuredH="0" zOrder="0" locked="True" sizeLocked="False">
                  <controlProperties>
                    <basic color="4294967295" borderVisible="False" borderColor="4284900966" isAutoSize="False" status="MsEnabled" opacity="1" isCommentCom="False" canMove="True" alias="borderLayer" rotation="0"/>
                    <states/>
                    <verticalScrollbarShow>False</verticalScrollbarShow>
                    <verticalScrollbarProgress>0</verticalScrollbarProgress>
                    <horizontalScrollbarShow>False</horizontalScrollbarShow>
                    <horizontalScrollbarProgress>0</horizontalScrollbarProgress>
                    <links eventType="AtClick" animate="AmNone" animateAutoDelay="0" animateDuration="500">
                      <link targetPageID="" linkType="ltPageLink" isApplyIncludePage="False" title="Link">
                        <area shape="0" alt="" ID="{70C175B5-49A8-4377-8BAC-158A7FCC1443}" coords="(0,0,1100,6000)"/>
                      </link>
                    </links>
                    <interactiveData>
                      <entry title="">
                        <area shape="0" alt="" ID="{0F50D77D-2BE7-4C75-BD70-BCA30D2C974F}" coords="(0,0,1100,6000)"/>
                        <events title=""/>
                      </entry>
                    </interactiveData>
                    <thickness>1</thickness>
                    <dashMode>SdSolid</dashMode>
                  </controlProperties>
                </control>
              </groupChildrenDescriptors>
              <thinkness>1</thinkness>
              <dashMode>SdSolid</dashMode>
            </controlProperties>
          </control>
          <control controlID="8A19CBAF-2653-4AC3-A363-5C6B488BBCC7" controlTypeID="PopupPanelContent" isShow="True" caption="Unknown..." x="378" y="322" w="360" h="328" measuredW="0" measuredH="0" zOrder="1" locked="True" sizeLocked="False">
            <controlProperties>
              <basic color="16777215" borderVisible="False" borderColor="4284900966" isAutoSize="False" status="MsEnabled" opacity="1" isCommentCom="False" canMove="True" alias="content" rotation="0"/>
              <states/>
              <verticalScrollbarShow>False</verticalScrollbarShow>
              <verticalScrollbarProgress>0</verticalScrollbarProgress>
              <horizontalScrollbarShow>False</horizontalScrollbarShow>
              <horizontalScrollbarProgress>0</horizontalScrollbarProgress>
              <links eventType="AtClick" animate="AmNone" animateAutoDelay="0" animateDuration="500">
                <link targetPageID="" linkType="ltPageLink" isApplyIncludePage="False" title="Link">
                  <area shape="0" alt="" ID="{E3306DBE-B7F4-4166-9602-041D3E0334D0}" coords="(0,0,1100,6000)"/>
                </link>
              </links>
              <interactiveData>
                <entry title="">
                  <area shape="0" alt="" ID="{29C1D9E4-76AE-4373-B3BF-7E38042A2E4F}" coords="(0,0,1100,6000)"/>
                  <events title=""/>
                </entry>
              </interactiveData>
              <groupChildrenDescriptors>
                <control controlID="FF47E06C-CEFB-4801-A6E2-3DF654A503BB" controlTypeID="Shape" isShow="True" caption="Shape" x="0" y="0" w="360" h="328" measuredW="120" measuredH="100" zOrder="0" locked="False" sizeLocked="False">
                  <controlProperties>
                    <basic color="4288256409" borderVisible="True" borderColor="4284900966" isAutoSize="False" status="MsEnabled" opacity="0.899999976158142" isCommentCom="False" canMove="True" alias="" rotation="0"/>
                    <states/>
                    <verticalScrollbarShow>False</verticalScrollbarShow>
                    <verticalScrollbarProgress>0</verticalScrollbarProgress>
                    <horizontalScrollbarShow>False</horizontalScrollbarShow>
                    <horizontalScrollbarProgress>0</horizontalScrollbarProgress>
                    <links eventType="AtClick" animate="AmNone" animateAutoDelay="0" animateDuration="500">
                      <link targetPageID="" linkType="ltPageLink" isApplyIncludePage="False" title="Link">
                        <area shape="0" alt="" ID="{FFA761F8-9F99-4C4C-91FD-8E7CC4DDB543}" coords="(0,0,360,328)"/>
                      </link>
                    </links>
                    <interactiveData>
                      <entry title="">
                        <area shape="0" alt="" ID="{59D68129-4CF6-42F5-AFE4-50E2FC652AD7}" coords="(0,0,360,328)"/>
                        <events title=""/>
                      </entry>
                    </interactiveData>
                    <textSet textColor="4278190080" textSize="14" lineSpacingMultiple="1" textAlign="HaCenter" textVAlign="VaMiddle" textWordWrap="True" lineSpacing="19" textStyles="[]" useDefaultTextSize="True">
                      <font family="Segoe+UI" displayName="Segoe+UI" postScript="" weightStyle="Regular" weight="400" isBold="False" isItalic="False"/>
                    </textSet>
                    <selectedIndex>-1</selectedIndex>
                    <selectedColor>4282501083</selectedColor>
                    <textPadding>0</textPadding>
                    <shapeBorderType>SbRectangle</shapeBorderType>
                    <triangleType>TdZero</triangleType>
                    <dashMode>SdSolid</dashMode>
                    <rectangleBorderLeftVisible>True</rectangleBorderLeftVisible>
                    <rectangleBorderRightVisible>True</rectangleBorderRightVisible>
                    <rectangleBorderTopVisible>True</rectangleBorderTopVisible>
                    <rectangleBorderBottomVisible>True</rectangleBorderBottomVisible>
                    <radius>0</radius>
                    <radiusIsPercent>False</radiusIsPercent>
                    <thickness>1</thickness>
                  </controlProperties>
                </control>
                <control controlID="352D0144-F4B2-47FB-B213-1931324A7D7B" controlTypeID="TextInput" isShow="True" caption="Text+Input" x="49" y="122" w="237" h="46" measuredW="138" measuredH="24" zOrder="1" locked="False" sizeLocked="False">
                  <controlProperties>
                    <basic color="4294967295" borderVisible="True" borderColor="4284900966" isAutoSize="False" status="MsEnabled" opacity="1" isCommentCom="False" canMove="True" alias="" rotation="0"/>
                    <states/>
                    <verticalScrollbarShow>False</verticalScrollbarShow>
                    <verticalScrollbarProgress>0</verticalScrollbarProgress>
                    <horizontalScrollbarShow>False</horizontalScrollbarShow>
                    <horizontalScrollbarProgress>0</horizontalScrollbarProgress>
                    <links eventType="AtClick" animate="AmNone" animateAutoDelay="0" animateDuration="500">
                      <link targetPageID="" linkType="ltPageLink" isApplyIncludePage="False" title="Link">
                        <area shape="0" alt="" ID="{CB02C3E2-15F8-481B-B93A-4419B3FA6373}" coords="(0,0,237,46)"/>
                      </link>
                    </links>
                    <interactiveData>
                      <entry title="">
                        <area shape="0" alt="" ID="{3C81FE80-0B25-4CB1-B8D7-FB04396F6261}" coords="(0,0,237,46)"/>
                        <events title=""/>
                      </entry>
                    </interactiveData>
                    <textSet textColor="4278190080" textSize="20" lineSpacingMultiple="1" textAlign="HaRight" textVAlign="VaMiddle" textWordWrap="True" lineSpacing="27" textStyles="[fsBold]" useDefaultTextSize="False">
                      <font family="Segoe+UI" displayName="Segoe+UI+Bold" postScript="" weightStyle="Bold" weight="700" isBold="True" isItalic="False"/>
                      <text>MAIL</text>
                    </textSet>
                    <selectedIndex>-1</selectedIndex>
                    <selectedColor>4282501083</selectedColor>
                    <textPadding>0</textPadding>
                    <canInput>True</canInput>
                    <placeHolder/>
                    <inputModel>emText</inputModel>
                  </controlProperties>
                </control>
                <control controlID="CC5C13A3-E331-4C56-8672-DC1F6CB6BE32" controlTypeID="Icon" isShow="True" caption="Icon" x="62" y="133" w="24" h="24" measuredW="24" measuredH="24" zOrder="2" locked="False" sizeLocked="False">
                  <controlProperties>
                    <basic color="4278190080" borderVisible="True" borderColor="4284900966" isAutoSize="False" status="MsEnabled" opacity="1" isCommentCom="False" canMove="True" alias="" rotation="0"/>
                    <states/>
                    <verticalScrollbarShow>False</verticalScrollbarShow>
                    <verticalScrollbarProgress>0</verticalScrollbarProgress>
                    <horizontalScrollbarShow>False</horizontalScrollbarShow>
                    <horizontalScrollbarProgress>0</horizontalScrollbarProgress>
                    <links eventType="AtClick" animate="AmNone" animateAutoDelay="0" animateDuration="500">
                      <link targetPageID="" linkType="ltPageLink" isApplyIncludePage="False" title="Link">
                        <area shape="0" alt="" ID="{E584B2F0-6A4A-4082-B42D-2785CC44D969}" coords="(0,0,24,24)"/>
                      </link>
                    </links>
                    <interactiveData>
                      <entry title="">
                        <area shape="0" alt="" ID="{1ECC9CC3-5D62-4AE1-AF8E-CB46CC1D1A63}" coords="(0,0,24,24)"/>
                        <events title=""/>
                      </entry>
                    </interactiveData>
                    <rotationAngle>TdZero</rotationAngle>
                    <icon>
                      <ID/>
                      <iconFontName>jdIonicons</iconFontName>
                      <iconCode>62187</iconCode>
                    </icon>
                    <URL>B006535552ADCF3C660B10FA6D267D70.svg</URL>
                    <FlipHorizontal>False</FlipHorizontal>
                    <FlipVertical>False</FlipVertical>
                  </controlProperties>
                </control>
                <control controlID="589153DF-1643-41D7-A85A-513FF4F3B37B" controlTypeID="TextArea" isShow="True" caption="Text+Area" x="24" y="24" w="296" h="98" measuredW="0" measuredH="90" zOrder="3" locked="False" sizeLocked="False">
                  <controlProperties>
                    <basic color="16777215" borderVisible="False" borderColor="4284900966" isAutoSize="False" status="MsEnabled" opacity="1" isCommentCom="False" canMove="True" alias="" rotation="0"/>
                    <states/>
                    <verticalScrollbarShow>False</verticalScrollbarShow>
                    <verticalScrollbarProgress>0</verticalScrollbarProgress>
                    <horizontalScrollbarShow>False</horizontalScrollbarShow>
                    <horizontalScrollbarProgress>0</horizontalScrollbarProgress>
                    <links eventType="AtClick" animate="AmNone" animateAutoDelay="0" animateDuration="500">
                      <link targetPageID="" linkType="ltPageLink" isApplyIncludePage="False" title="Link">
                        <area shape="0" alt="" ID="{69A4FCFD-7883-48A8-B07A-5CA3D989FCE8}" coords="(0,0,296,98)"/>
                      </link>
                    </links>
                    <interactiveData>
                      <entry title="">
                        <area shape="0" alt="" ID="{5F9BA5AF-4B5C-47B3-9723-C5F71FC4A2A2}" coords="(0,0,296,98)"/>
                        <events title=""/>
                      </entry>
                    </interactiveData>
                    <textSet textColor="4294967295" textSize="20" lineSpacingMultiple="1" textAlign="HaCenter" textVAlign="VaTop" textWordWrap="True" lineSpacing="27" textStyles="[]" useDefaultTextSize="False">
                      <font family="Segoe+UI" displayName="Segoe+UI" postScript="" weightStyle="Regular" weight="400" isBold="False" isItalic="False"/>
                      <text>FORGOT+PASSWORD%3F%0D%0AType+in+your+mail+here+and+we+will+send+you+a+recovery+mail</text>
                    </textSet>
                    <selectedIndex>-1</selectedIndex>
                    <selectedColor>4282501083</selectedColor>
                    <textPadding>0</textPadding>
                  </controlProperties>
                </control>
                <control controlID="6BB23D1B-25B3-4830-864D-0CC7FD6E2C34" controlTypeID="Shape" isShow="True" caption="Shape" x="101" y="242" w="142" h="50" measuredW="120" measuredH="100" zOrder="4" locked="False" sizeLocked="False">
                  <controlProperties>
                    <basic color="4278190080" borderVisible="True" borderColor="4284900966" isAutoSize="False" status="MsEnabled" opacity="1" isCommentCom="False" canMove="True" alias="" rotation="0"/>
                    <states/>
                    <verticalScrollbarShow>False</verticalScrollbarShow>
                    <verticalScrollbarProgress>0</verticalScrollbarProgress>
                    <horizontalScrollbarShow>False</horizontalScrollbarShow>
                    <horizontalScrollbarProgress>0</horizontalScrollbarProgress>
                    <links eventType="AtClick" animate="AmNone" animateAutoDelay="0" animateDuration="500">
                      <link targetPageID="" linkType="ltPageLink" isApplyIncludePage="False" title="Link">
                        <area shape="0" alt="" ID="{C37668D7-1FCA-433D-A730-946FCDCEE25A}" coords="(0,0,142,50)"/>
                      </link>
                    </links>
                    <interactiveData>
                      <entry title="">
                        <area shape="0" alt="" ID="{6903A76D-CFC4-411E-9C55-28F23E7A5E71}" coords="(0,0,142,50)"/>
                        <events title="">
                          <event eventType="atClick" isChecked="True">
                            <behaviour title="" isChecked="True" isWait="False" isLoop="False" execMode="emParallel">
                              <target targetID="3E6EE53D-3BD2-464C-A19C-0B65D8D10BA6" isChecked="True" isAutoRecovery="False" isLoop="False" execMode="emSequence">
                                <command name="Popup State Change" isChecked="True" descrition="">
                                  <param name="AniInterpolation" value="0" varType="3" description=""/>
                                  <param name="AniDuration" value="200" varType="3" description=""/>
                                  <param name="AniAutoReverse" value="False" varType="11" description=""/>
                                  <param name="AniLoop" value="False" varType="11" description=""/>
                                  <param name="AniInterpolationTypeOut" value="False" varType="11" description=""/>
                                  <param name="Delay" value="0" varType="3" description=""/>
                                  <param name="Value" value="2" varType="3" description=""/>
                                  <param name="AniType" value="0" varType="3" description=""/>
                                </command>
                              </target>
                            </behaviour>
                          </event>
                        </events>
                      </entry>
                    </interactiveData>
                    <textSet textColor="4278190080" textSize="14" lineSpacingMultiple="1" textAlign="HaCenter" textVAlign="VaMiddle" textWordWrap="True" lineSpacing="19" textStyles="[]" useDefaultTextSize="True">
                      <font family="Segoe+UI" displayName="Segoe+UI" postScript="" weightStyle="Regular" weight="400" isBold="False" isItalic="False"/>
                    </textSet>
                    <selectedIndex>-1</selectedIndex>
                    <selectedColor>4282501083</selectedColor>
                    <textPadding>0</textPadding>
                    <shapeBorderType>SbRectangle</shapeBorderType>
                    <triangleType>TdZero</triangleType>
                    <dashMode>SdSolid</dashMode>
                    <rectangleBorderLeftVisible>True</rectangleBorderLeftVisible>
                    <rectangleBorderRightVisible>True</rectangleBorderRightVisible>
                    <rectangleBorderTopVisible>True</rectangleBorderTopVisible>
                    <rectangleBorderBottomVisible>True</rectangleBorderBottomVisible>
                    <radius>0</radius>
                    <radiusIsPercent>False</radiusIsPercent>
                    <thickness>1</thickness>
                  </controlProperties>
                </control>
                <control controlID="69030170-09F9-4749-BEFB-D0AC5F9153C4" controlTypeID="Label" isShow="True" caption="Label" x="130" y="253" w="83" h="27" measuredW="0" measuredH="0" zOrder="5" locked="False" sizeLocked="False">
                  <controlProperties>
                    <basic color="0" borderVisible="True" borderColor="4284900966" isAutoSize="True" status="MsEnabled" opacity="1" isCommentCom="False" canMove="True" alias="" rotation="0"/>
                    <states/>
                    <verticalScrollbarShow>False</verticalScrollbarShow>
                    <verticalScrollbarProgress>0</verticalScrollbarProgress>
                    <horizontalScrollbarShow>False</horizontalScrollbarShow>
                    <horizontalScrollbarProgress>0</horizontalScrollbarProgress>
                    <links eventType="AtClick" animate="AmNone" animateAutoDelay="0" animateDuration="500">
                      <link targetPageID="" linkType="ltPageLink" isApplyIncludePage="False" title="Link">
                        <area shape="0" alt="" ID="{56034B92-97D3-41D2-BD9D-D91492DDF266}" coords="(0,0,83,27)"/>
                      </link>
                    </links>
                    <interactiveData>
                      <entry title="">
                        <area shape="0" alt="" ID="{D5B58726-97E0-4566-ABCE-A09FF6E70329}" coords="(0,0,83,27)"/>
                        <events title="">
                          <event eventType="atClick" isChecked="True">
                            <behaviour title="" isChecked="True" isWait="False" isLoop="False" execMode="emParallel">
                              <target targetID="3E6EE53D-3BD2-464C-A19C-0B65D8D10BA6" isChecked="True" isAutoRecovery="False" isLoop="False" execMode="emSequence">
                                <command name="Popup State Change" isChecked="True" descrition="">
                                  <param name="AniInterpolation" value="0" varType="3" description=""/>
                                  <param name="AniDuration" value="200" varType="3" description=""/>
                                  <param name="AniAutoReverse" value="False" varType="11" description=""/>
                                  <param name="AniLoop" value="False" varType="11" description=""/>
                                  <param name="AniInterpolationTypeOut" value="False" varType="11" description=""/>
                                  <param name="Delay" value="0" varType="3" description=""/>
                                  <param name="Value" value="2" varType="3" description=""/>
                                  <param name="AniType" value="0" varType="3" description=""/>
                                </command>
                              </target>
                            </behaviour>
                          </event>
                        </events>
                      </entry>
                    </interactiveData>
                    <textSet textColor="4294967295" textSize="20" lineSpacingMultiple="1" textAlign="HaLeft" textVAlign="VaTop" textWordWrap="True" lineSpacing="27" textStyles="[fsBold]" useDefaultTextSize="False">
                      <font family="Segoe+UI" displayName="Segoe+UI+Bold" postScript="" weightStyle="Bold" weight="700" isBold="True" isItalic="False"/>
                      <text>SUBMIT</text>
                    </textSet>
                    <selectedIndex>-1</selectedIndex>
                    <selectedColor>4282501083</selectedColor>
                    <textPadding>0</textPadding>
                  </controlProperties>
                </control>
              </groupChildrenDescriptors>
            </controlProperties>
          </control>
        </groupChildrenDescriptors>
      </controlProperties>
    </control>
  </controls>
  <param>
    <backgroundColor>4294967295</backgroundColor>
    <fontSize>0</fontSize>
    <fontFamily/>
    <guideLines/>
  </param>
</mockup>