﻿<LinkSources version="1.02">
  <page ID="FCBAF7DE-5B75-4F90-9D0B-741F8AD9E7FB">
    <linkSource sourcePageID="881C8CE0-42BB-46C4-82BB-B6FEAC52C2B1" comID="75D8CB6A-93A6-4958-B0F7-A16EFE16BD48" comLinkType="cltPageLink"/>
    <linkSource sourcePageID="881C8CE0-42BB-46C4-82BB-B6FEAC52C2B1" comID="81EA5B48-584B-4A35-BB56-9CD83FDE444C" comLinkType="cltPageLink"/>
  </page>
  <page ID="7A4019BB-250F-4506-853A-D8A6B91760F1">
    <linkSource sourcePageID="FCBAF7DE-5B75-4F90-9D0B-741F8AD9E7FB" comID="2C81B91B-275E-4026-88E5-32D950C95331" comLinkType="cltPageLink"/>
    <linkSource sourcePageID="FCBAF7DE-5B75-4F90-9D0B-741F8AD9E7FB" comID="68BC3EA2-62F5-4C01-8E31-CA67153A195B" comLinkType="cltPageLink"/>
    <linkSource sourcePageID="F33F4795-9C5D-4EA5-B9E9-9F26C4DCCD84" comID="07F8CDE4-2E19-4E37-A060-1A10D7D38BD3" comLinkType="cltPageLink"/>
    <linkSource sourcePageID="F33F4795-9C5D-4EA5-B9E9-9F26C4DCCD84" comID="8400A223-24C8-4506-9BC8-6B698CCB1589" comLinkType="cltPageLink"/>
    <linkSource sourcePageID="44C648E6-F81B-461F-A4E0-7D87E5A0BB60" comID="B7957547-2296-4661-90EE-E63E11A0B0E5" comLinkType="cltPageLink"/>
  </page>
  <page ID="F33F4795-9C5D-4EA5-B9E9-9F26C4DCCD84">
    <linkSource sourcePageID="FCBAF7DE-5B75-4F90-9D0B-741F8AD9E7FB" comID="D21D9CFE-5F4D-4FEE-B8F3-7BE01A06ABB4" comLinkType="cltPageLink"/>
    <linkSource sourcePageID="7A4019BB-250F-4506-853A-D8A6B91760F1" comID="F600F26D-2607-4DD5-BFA3-AB1DC22B4E26" comLinkType="cltPageLink"/>
    <linkSource sourcePageID="7A4019BB-250F-4506-853A-D8A6B91760F1" comID="8B741BF8-B2BD-4451-9115-AC5B6407079C" comLinkType="cltPageLink"/>
    <linkSource sourcePageID="CC56BA4F-B8FC-4F4B-AF26-54F6ECB0CA7F" comID="9CF23189-092C-4113-A6BD-8E390A87E52F" comLinkType="cltPageLink"/>
    <linkSource sourcePageID="2747DB7E-7DE3-4EB6-B1BE-CA17B686C075" comID="3F252ABA-FC73-40A5-9100-65A796F650BD" comLinkType="cltPageLink"/>
    <linkSource sourcePageID="FD8589E5-9502-462D-B64D-9FAC08B5ED0F" comID="F0A226B0-7C6A-49C3-882A-A0EE87955FAD" comLinkType="cltPageLink"/>
    <linkSource sourcePageID="1E4C11E9-8175-420F-A685-A43EF6BF4708" comID="5B83694B-C702-4D50-BC9A-56943A96AE7D" comLinkType="cltPageLink"/>
    <linkSource sourcePageID="44C648E6-F81B-461F-A4E0-7D87E5A0BB60" comID="8736084A-F5AB-45F0-931F-DD854A52CC9A" comLinkType="cltPageLink"/>
    <linkSource sourcePageID="8954BC28-8F90-4AEB-A37D-2457EA54C117" comID="5895F188-29B7-49CC-A4E3-5830C78A50E0" comLinkType="cltPageLink"/>
    <linkSource sourcePageID="7246BB19-7BFE-4F49-988A-872C31C820D6" comID="6AD31921-43A0-49E9-8C61-0E4C596FCF70" comLinkType="cltPageLink"/>
    <linkSource sourcePageID="491C7256-460E-4C16-922F-1E646757BBEC" comID="7FC64E51-2434-4D6D-AB81-6DAF6767DB47" comLinkType="cltPageLink"/>
  </page>
  <page ID="F50489E3-53FB-4E9F-97DF-AF9122E52615">
    <linkSource sourcePageID="881C8CE0-42BB-46C4-82BB-B6FEAC52C2B1" comID="F213AC7B-1D2A-461D-AA9D-CDE2609B5826" comLinkType="cltPageLink"/>
  </page>
  <page ID="491C7256-460E-4C16-922F-1E646757BBEC">
    <linkSource sourcePageID="F33F4795-9C5D-4EA5-B9E9-9F26C4DCCD84" comID="8400A223-24C8-4506-9BC8-6B698CCB1589" comLinkType="cltPageLink"/>
    <linkSource sourcePageID="F33F4795-9C5D-4EA5-B9E9-9F26C4DCCD84" comID="07F8CDE4-2E19-4E37-A060-1A10D7D38BD3" comLinkType="cltPageLink"/>
    <linkSource sourcePageID="491C7256-460E-4C16-922F-1E646757BBEC" comID="95F816D8-4E4A-427F-A4C4-BA1021A1B4C2" comLinkType="cltPageLink"/>
    <linkSource sourcePageID="7246BB19-7BFE-4F49-988A-872C31C820D6" comID="BAD83FD3-6F8E-4E90-A3B3-F50987D98934" comLinkType="cltPageLink"/>
    <linkSource sourcePageID="8954BC28-8F90-4AEB-A37D-2457EA54C117" comID="56F99D33-5663-4ECC-A415-8FE7D347DE52" comLinkType="cltPageLink"/>
    <linkSource sourcePageID="44C648E6-F81B-461F-A4E0-7D87E5A0BB60" comID="4398DB3C-D6C8-40FF-A3E5-E76721A5BCCD" comLinkType="cltPageLink"/>
    <linkSource sourcePageID="1E4C11E9-8175-420F-A685-A43EF6BF4708" comID="71A52D67-B965-4A2B-AF9D-A4C92778ABF3" comLinkType="cltPageLink"/>
    <linkSource sourcePageID="FD8589E5-9502-462D-B64D-9FAC08B5ED0F" comID="957AAF9F-CBE4-4F30-B643-087E2CAC6031" comLinkType="cltPageLink"/>
    <linkSource sourcePageID="2747DB7E-7DE3-4EB6-B1BE-CA17B686C075" comID="9D924494-E3BB-43F7-9001-F51D5844EC8B" comLinkType="cltPageLink"/>
    <linkSource sourcePageID="CC56BA4F-B8FC-4F4B-AF26-54F6ECB0CA7F" comID="BFC3C14F-9159-4208-8E36-FE1D3E6BABA1" comLinkType="cltPageLink"/>
    <linkSource sourcePageID="2747DB7E-7DE3-4EB6-B1BE-CA17B686C075" comID="0973FC2C-DFA5-4C35-BBAE-CF43E6A941F2" comLinkType="cltPageLink"/>
    <linkSource sourcePageID="2747DB7E-7DE3-4EB6-B1BE-CA17B686C075" comID="5580238B-2C50-4821-9125-75E143A7D6FA" comLinkType="cltPageLink"/>
  </page>
  <page ID="7246BB19-7BFE-4F49-988A-872C31C820D6">
    <linkSource sourcePageID="491C7256-460E-4C16-922F-1E646757BBEC" comID="54BC89FF-3837-4B17-9768-9488989D49DC" comLinkType="cltPageLink"/>
    <linkSource sourcePageID="7246BB19-7BFE-4F49-988A-872C31C820D6" comID="2AD68099-E160-4F9F-B33F-56885447F410" comLinkType="cltPageLink"/>
    <linkSource sourcePageID="8954BC28-8F90-4AEB-A37D-2457EA54C117" comID="F52E19EC-F5D3-4B4F-A871-B9CB44F0AE78" comLinkType="cltPageLink"/>
    <linkSource sourcePageID="44C648E6-F81B-461F-A4E0-7D87E5A0BB60" comID="B7957547-2296-4661-90EE-E63E11A0B0E5" comLinkType="cltPageLink"/>
    <linkSource sourcePageID="1E4C11E9-8175-420F-A685-A43EF6BF4708" comID="23BED617-6F7E-4EB2-84C8-DF4E706141AE" comLinkType="cltPageLink"/>
    <linkSource sourcePageID="FD8589E5-9502-462D-B64D-9FAC08B5ED0F" comID="5914FBA1-16F9-4374-9835-14281E75EE7A" comLinkType="cltPageLink"/>
    <linkSource sourcePageID="2747DB7E-7DE3-4EB6-B1BE-CA17B686C075" comID="FAF4268F-A07A-4F70-BADF-265BAD4B120D" comLinkType="cltPageLink"/>
    <linkSource sourcePageID="CC56BA4F-B8FC-4F4B-AF26-54F6ECB0CA7F" comID="B54015B1-DEED-4A35-8C73-A897A695788B" comLinkType="cltPageLink"/>
  </page>
  <page ID="8954BC28-8F90-4AEB-A37D-2457EA54C117">
    <linkSource sourcePageID="491C7256-460E-4C16-922F-1E646757BBEC" comID="16F05256-A3D5-4DB3-82B1-13F55A5EBED6" comLinkType="cltPageLink"/>
    <linkSource sourcePageID="7246BB19-7BFE-4F49-988A-872C31C820D6" comID="9A449D5B-F926-469D-9BA9-7AE690511078" comLinkType="cltPageLink"/>
    <linkSource sourcePageID="8954BC28-8F90-4AEB-A37D-2457EA54C117" comID="2F56E24F-004E-4DDF-B34D-EA619F1525F6" comLinkType="cltPageLink"/>
    <linkSource sourcePageID="44C648E6-F81B-461F-A4E0-7D87E5A0BB60" comID="34D3371A-C7BE-4EEE-9930-CB805D9D58DC" comLinkType="cltPageLink"/>
    <linkSource sourcePageID="1E4C11E9-8175-420F-A685-A43EF6BF4708" comID="5010F77D-516B-42B8-9518-F80CDCD10422" comLinkType="cltPageLink"/>
    <linkSource sourcePageID="FD8589E5-9502-462D-B64D-9FAC08B5ED0F" comID="F7E2E6A0-2CCD-4C1D-A569-500B88848080" comLinkType="cltPageLink"/>
    <linkSource sourcePageID="2747DB7E-7DE3-4EB6-B1BE-CA17B686C075" comID="7047DFD1-C1BF-4EB0-8FD2-075A4519C700" comLinkType="cltPageLink"/>
    <linkSource sourcePageID="CC56BA4F-B8FC-4F4B-AF26-54F6ECB0CA7F" comID="2E0AE090-C6C0-4B13-A71B-D647E0BF9541" comLinkType="cltPageLink"/>
  </page>
  <page ID="44C648E6-F81B-461F-A4E0-7D87E5A0BB60">
    <linkSource sourcePageID="491C7256-460E-4C16-922F-1E646757BBEC" comID="BB220421-B6A6-41E9-A97B-A76962515F0A" comLinkType="cltPageLink"/>
    <linkSource sourcePageID="7246BB19-7BFE-4F49-988A-872C31C820D6" comID="F583E33B-4B1C-4CA0-AF9E-AB5C74ACA291" comLinkType="cltPageLink"/>
    <linkSource sourcePageID="8954BC28-8F90-4AEB-A37D-2457EA54C117" comID="9E786413-D8FF-49BB-9C4B-733A44F244FA" comLinkType="cltPageLink"/>
    <linkSource sourcePageID="44C648E6-F81B-461F-A4E0-7D87E5A0BB60" comID="B0249623-4B16-48F2-9123-BB04B10626E1" comLinkType="cltPageLink"/>
    <linkSource sourcePageID="1E4C11E9-8175-420F-A685-A43EF6BF4708" comID="B837DB1B-12BE-4DA3-A717-9DA319EE3BD8" comLinkType="cltPageLink"/>
    <linkSource sourcePageID="FD8589E5-9502-462D-B64D-9FAC08B5ED0F" comID="C2EBEDE0-7635-462F-89AE-54BAFB184B40" comLinkType="cltPageLink"/>
    <linkSource sourcePageID="2747DB7E-7DE3-4EB6-B1BE-CA17B686C075" comID="0A3C4FED-D2D7-401B-9B4B-FC6F4A38C420" comLinkType="cltPageLink"/>
    <linkSource sourcePageID="CC56BA4F-B8FC-4F4B-AF26-54F6ECB0CA7F" comID="BB5CE40A-B571-47AF-921D-8CB8D89214FB" comLinkType="cltPageLink"/>
  </page>
  <page ID="1E4C11E9-8175-420F-A685-A43EF6BF4708">
    <linkSource sourcePageID="491C7256-460E-4C16-922F-1E646757BBEC" comID="0CB86B27-A7D3-4079-ACDB-537A307D8952" comLinkType="cltPageLink"/>
    <linkSource sourcePageID="7246BB19-7BFE-4F49-988A-872C31C820D6" comID="6F5DA71F-BA87-4F55-AD81-42647D1D0CD9" comLinkType="cltPageLink"/>
    <linkSource sourcePageID="8954BC28-8F90-4AEB-A37D-2457EA54C117" comID="216A06FD-2ACA-44BB-BD41-170BC809548B" comLinkType="cltPageLink"/>
    <linkSource sourcePageID="44C648E6-F81B-461F-A4E0-7D87E5A0BB60" comID="9616F803-B528-4766-9F46-0E018FFD3497" comLinkType="cltPageLink"/>
    <linkSource sourcePageID="1E4C11E9-8175-420F-A685-A43EF6BF4708" comID="6899DD95-9DCD-4E78-A1DF-751B8EC94A18" comLinkType="cltPageLink"/>
    <linkSource sourcePageID="FD8589E5-9502-462D-B64D-9FAC08B5ED0F" comID="A26238A0-7CFC-4504-AC89-27DEB3C888F1" comLinkType="cltPageLink"/>
    <linkSource sourcePageID="2747DB7E-7DE3-4EB6-B1BE-CA17B686C075" comID="F8189E81-0105-489D-B5A6-E928C9CB6986" comLinkType="cltPageLink"/>
    <linkSource sourcePageID="CC56BA4F-B8FC-4F4B-AF26-54F6ECB0CA7F" comID="8C20CF35-83ED-40D1-AA9A-800E7E02C2D3" comLinkType="cltPageLink"/>
  </page>
  <page ID="FD8589E5-9502-462D-B64D-9FAC08B5ED0F">
    <linkSource sourcePageID="491C7256-460E-4C16-922F-1E646757BBEC" comID="91B27292-F5CE-4A71-9160-FE5D609526CE" comLinkType="cltPageLink"/>
    <linkSource sourcePageID="7246BB19-7BFE-4F49-988A-872C31C820D6" comID="3CDDC6FC-DA11-45C9-A0B7-44B806CB3F57" comLinkType="cltPageLink"/>
    <linkSource sourcePageID="8954BC28-8F90-4AEB-A37D-2457EA54C117" comID="FB434DFD-E7C2-4983-A00A-B6E227339712" comLinkType="cltPageLink"/>
    <linkSource sourcePageID="44C648E6-F81B-461F-A4E0-7D87E5A0BB60" comID="DDCE2C5C-990E-4538-A057-A5479138F817" comLinkType="cltPageLink"/>
    <linkSource sourcePageID="1E4C11E9-8175-420F-A685-A43EF6BF4708" comID="133297EE-2976-423B-8BC7-6763A89A07D8" comLinkType="cltPageLink"/>
    <linkSource sourcePageID="FD8589E5-9502-462D-B64D-9FAC08B5ED0F" comID="05E3E00B-E185-490A-9596-C56D7ECE8FFD" comLinkType="cltPageLink"/>
    <linkSource sourcePageID="2747DB7E-7DE3-4EB6-B1BE-CA17B686C075" comID="0825D97C-7358-456F-B53A-F5602C47C763" comLinkType="cltPageLink"/>
    <linkSource sourcePageID="CC56BA4F-B8FC-4F4B-AF26-54F6ECB0CA7F" comID="72360A8A-7C8C-488C-B4BA-16344EC45A27" comLinkType="cltPageLink"/>
  </page>
  <page ID="2747DB7E-7DE3-4EB6-B1BE-CA17B686C075">
    <linkSource sourcePageID="491C7256-460E-4C16-922F-1E646757BBEC" comID="201D0E7D-3AE1-45AF-901D-0A84232C5201" comLinkType="cltPageLink"/>
    <linkSource sourcePageID="7246BB19-7BFE-4F49-988A-872C31C820D6" comID="5E49B8A7-2C9C-411C-8192-35273E5A61B7" comLinkType="cltPageLink"/>
    <linkSource sourcePageID="8954BC28-8F90-4AEB-A37D-2457EA54C117" comID="E5C84DEA-8502-4BEF-B536-752F7B64B461" comLinkType="cltPageLink"/>
    <linkSource sourcePageID="44C648E6-F81B-461F-A4E0-7D87E5A0BB60" comID="74108AC9-4A1C-477B-ACFB-2882BD601EA4" comLinkType="cltPageLink"/>
    <linkSource sourcePageID="1E4C11E9-8175-420F-A685-A43EF6BF4708" comID="2CE37937-AC4D-4655-8E1B-BEB8F1C8EEE7" comLinkType="cltPageLink"/>
    <linkSource sourcePageID="FD8589E5-9502-462D-B64D-9FAC08B5ED0F" comID="DC537106-7BBA-4F29-8373-5714E3EC2DCE" comLinkType="cltPageLink"/>
    <linkSource sourcePageID="2747DB7E-7DE3-4EB6-B1BE-CA17B686C075" comID="3EE36A30-7A69-49DD-AFE8-A8256D2EA662" comLinkType="cltPageLink"/>
    <linkSource sourcePageID="CC56BA4F-B8FC-4F4B-AF26-54F6ECB0CA7F" comID="78C719D4-FB20-462F-B474-C80F334CBE43" comLinkType="cltPageLink"/>
  </page>
  <page ID="27758142-1CFD-43C0-BA00-5E62DF00EE7E">
    <linkSource sourcePageID="CC56BA4F-B8FC-4F4B-AF26-54F6ECB0CA7F" comID="1F138568-D962-4BD1-814E-90B877427E66" comLinkType="cltPageLink"/>
    <linkSource sourcePageID="2747DB7E-7DE3-4EB6-B1BE-CA17B686C075" comID="A7BBACE2-3811-43C6-B998-D932F79D3051" comLinkType="cltPageLink"/>
    <linkSource sourcePageID="FD8589E5-9502-462D-B64D-9FAC08B5ED0F" comID="B21665C1-EA95-4F20-BB97-A32673CC5CAE" comLinkType="cltPageLink"/>
    <linkSource sourcePageID="1E4C11E9-8175-420F-A685-A43EF6BF4708" comID="C88ADFC3-48C8-42A6-A1FF-7B909DF29014" comLinkType="cltPageLink"/>
    <linkSource sourcePageID="44C648E6-F81B-461F-A4E0-7D87E5A0BB60" comID="4DD7D77B-C317-4663-A3AE-91C82B79884A" comLinkType="cltPageLink"/>
    <linkSource sourcePageID="8954BC28-8F90-4AEB-A37D-2457EA54C117" comID="D4D3AEFD-AF5A-431A-B652-356A0858B55F" comLinkType="cltPageLink"/>
    <linkSource sourcePageID="7246BB19-7BFE-4F49-988A-872C31C820D6" comID="C5D9F447-2FD8-4543-B8E0-544CA9A02240" comLinkType="cltPageLink"/>
    <linkSource sourcePageID="491C7256-460E-4C16-922F-1E646757BBEC" comID="9EE63C5A-481B-4C13-B66A-B440665C480C" comLinkType="cltPageLink"/>
  </page>
  <page ID="CC56BA4F-B8FC-4F4B-AF26-54F6ECB0CA7F">
    <linkSource sourcePageID="491C7256-460E-4C16-922F-1E646757BBEC" comID="C0719976-4504-4090-B5CC-1C3275DF1047" comLinkType="cltPageLink"/>
    <linkSource sourcePageID="7246BB19-7BFE-4F49-988A-872C31C820D6" comID="64E0681A-8EC9-40D5-B569-CEAD18756B85" comLinkType="cltPageLink"/>
    <linkSource sourcePageID="8954BC28-8F90-4AEB-A37D-2457EA54C117" comID="FB434DFD-E7C2-4983-A00A-B6E227339712" comLinkType="cltPageLink"/>
    <linkSource sourcePageID="8954BC28-8F90-4AEB-A37D-2457EA54C117" comID="E546BB4C-4F35-4726-A8D5-4BCBEA01BB95" comLinkType="cltPageLink"/>
    <linkSource sourcePageID="44C648E6-F81B-461F-A4E0-7D87E5A0BB60" comID="EA276BD4-EB61-449A-9856-64242C27CF34" comLinkType="cltPageLink"/>
    <linkSource sourcePageID="1E4C11E9-8175-420F-A685-A43EF6BF4708" comID="7FB71A12-33BF-4C55-8481-3F7A86426433" comLinkType="cltPageLink"/>
    <linkSource sourcePageID="FD8589E5-9502-462D-B64D-9FAC08B5ED0F" comID="3D6FFC33-444B-4925-AAE8-E18462BD7F75" comLinkType="cltPageLink"/>
    <linkSource sourcePageID="2747DB7E-7DE3-4EB6-B1BE-CA17B686C075" comID="3485B7D4-6081-403C-9C97-2F80138368D5" comLinkType="cltPageLink"/>
    <linkSource sourcePageID="CC56BA4F-B8FC-4F4B-AF26-54F6ECB0CA7F" comID="36EE193F-958A-4CB6-A2B0-4B9E7798942F" comLinkType="cltPageLink"/>
  </page>
</LinkSources>