﻿<project version="2.4" name="Errandly Project" ID="465257B8-0AE6-4325-BFCE-FD568304E995">
  <params>
    <pageParam version="4.7" minAllowVersion="4.7"/>
    <projectParam version="2.4" minAllowVersion="2.4" platform="MtWeb" pageSize="(1100,6000)" backgroundColor="4294967295" fontSize="0" fontFamily="" projectType="ptPersonalProject"/>
    <previewParam version="1.0"/>
    <colorParam version="1.0"/>
  </params>
  <pages>
    <page name="Landing page" ID="881C8CE0-42BB-46C4-82BB-B6FEAC52C2B1" expanded="True" code="9yZI5ILZ18" thumbCode="yxMiWFbJbA" status="psWhite" isfolder="False">
      <images>
        <image key="A4BBA5CCC7880CC1D7108AAE4A99AB6E.svg"/>
        <image key="9669428A6A6B0FB956687C7BE7898471.svg"/>
        <image key="FB64DA5108AA1577E22674DB3BE98C75.png"/>
        <image key="0F70BD885ED97F5D776D80747D16FBBF.png"/>
        <image key="141C8CD53438529F817D57417D2D7DA0.png"/>
        <image key="874E15E08A8399CEF1230709328B05FC.png"/>
        <image key="73AF2F8F679FDA67F33B89B97CE7D3DA.png"/>
        <image key="08A5EA266D1BF49F9FDD96D7027BD1BA.png"/>
        <image key="474A61FDC203C97B2EEFAF494C017CCB.svg"/>
        <image key="09C3D7E59E1B51B6B1D2129D79F448C9.png"/>
        <image key="6DF4C11C1B2E73B1E448559B635CFADB.png"/>
        <image key="2A2FD32899EB4AC31E43A317224E17E7.svg"/>
        <image key="B49C5165046B8C6EBEDBDA61C9DB0970.png"/>
        <image key="C1F3D8FC54DB22E9B569DEC93918E6AC.png"/>
        <image key="DE7A3840C7CBA1B69449E3DDB42FE32A.svg"/>
      </images>
      <page name="PARTNER SIGNUP" ID="FCBAF7DE-5B75-4F90-9D0B-741F8AD9E7FB" expanded="True" code="L5exmKfKQr" thumbCode="L5exmKfKQr" status="psWhite" isfolder="False">
        <images>
          <image key="73AF2F8F679FDA67F33B89B97CE7D3DA.png"/>
          <image key="41BACA5C90C06C95D081FB51FB64DE31.svg"/>
          <image key="EA523FE5939507BA328F6FB6620E3953.png"/>
          <image key="B006535552ADCF3C660B10FA6D267D70.svg"/>
          <image key="671B6BE607975A74FB470B2A24F33C46.svg"/>
          <image key="51456FBB486C460B70CCB6DE6EAA6500.svg"/>
        </images>
        <page name="Partner Survey" ID="7A4019BB-250F-4506-853A-D8A6B91760F1" expanded="True" code="7jBM4VHTf8" thumbCode="7jBM4VHTf8" status="psWhite" isfolder="False">
          <images>
            <image key="73AF2F8F679FDA67F33B89B97CE7D3DA.png"/>
            <image key="FC73BFB69B9F628AE5A49567C28B878A.png"/>
          </images>
        </page>
      </page>
      <page name="Partner Signin" ID="F33F4795-9C5D-4EA5-B9E9-9F26C4DCCD84" expanded="True" code="XfXktkJ9FA" thumbCode="XfXktkJ9FA" status="psWhite" isfolder="False">
        <images>
          <image key="73AF2F8F679FDA67F33B89B97CE7D3DA.png"/>
          <image key="A4BBA5CCC7880CC1D7108AAE4A99AB6E.svg"/>
          <image key="8FACD1A6DD0E0A1D0F90FF61845F4023.svg"/>
          <image key="B006535552ADCF3C660B10FA6D267D70.svg"/>
          <image key="671B6BE607975A74FB470B2A24F33C46.svg"/>
          <image key="C495868C83A33C938447A143D6D414DE.png"/>
        </images>
      </page>
      <page name="App Download Page" ID="F50489E3-53FB-4E9F-97DF-AF9122E52615" expanded="True" code="hxNUYsC7Ye" thumbCode="" status="psWhite" isfolder="False"/>
    </page>
    <page name="DASHBOARD" ID="491C7256-460E-4C16-922F-1E646757BBEC" expanded="True" code="yezyijMP5T" thumbCode="yezyijMP5T" status="psWhite" isfolder="False">
      <images>
        <image key="A4BBA5CCC7880CC1D7108AAE4A99AB6E.svg"/>
        <image key="2B26C789AF3EFEA925A6893B9D4A201A.svg"/>
        <image key="47B5E365F7A7AD2F17758CF6465467DB.png"/>
        <image key="69A4D1E5CE13432C6A4F579026917C6A.svg"/>
        <image key="8475D20AB379BE317E4B227F4BFF64F9.svg"/>
        <image key="73AF2F8F679FDA67F33B89B97CE7D3DA.png"/>
        <image key="B91434690C5B5224D1CC6B1998F1178A.svg"/>
        <image key="F08971E336F343522880459F1AEEC348.svg"/>
        <image key="B3A6945EE3EC14A6D5961C700B98A2BC.svg"/>
        <image key="BC22C68C13EB37470C6145DD5981C861.png"/>
        <image key="C2DA32AD73BD4A46DCAE15462637BA6C.svg"/>
        <image key="465F7420215F741122FE38BF5E1BDDD8.svg"/>
        <image key="54ADDB2006FF56AAD7BAA92BD8EAE909.png"/>
        <image key="C1F3D8FC54DB22E9B569DEC93918E6AC.png"/>
        <image key="A74ACDBBC3EE487C9CDF84F8F9700C7C.svg"/>
      </images>
      <page name="add order" ID="7246BB19-7BFE-4F49-988A-872C31C820D6" expanded="True" code="KIMeT6tnVf" thumbCode="KIMeT6tnVf" status="psWhite" isfolder="False">
        <images>
          <image key="73AF2F8F679FDA67F33B89B97CE7D3DA.png"/>
          <image key="B91434690C5B5224D1CC6B1998F1178A.svg"/>
          <image key="2B26C789AF3EFEA925A6893B9D4A201A.svg"/>
          <image key="A4BBA5CCC7880CC1D7108AAE4A99AB6E.svg"/>
          <image key="E81ED979293FF1C7F35153E7BDA571B8.svg"/>
          <image key="79BA10B987D861314A1480F82B2B5C96.png"/>
          <image key="465F7420215F741122FE38BF5E1BDDD8.svg"/>
          <image key="F8C2434C2C958119B1E6150C97C501FA.svg"/>
        </images>
      </page>
      <page name="reports" ID="8954BC28-8F90-4AEB-A37D-2457EA54C117" expanded="True" code="pVQLxwtodn" thumbCode="pVQLxwtodn" status="psWhite" isfolder="False">
        <images>
          <image key="73AF2F8F679FDA67F33B89B97CE7D3DA.png"/>
          <image key="465F7420215F741122FE38BF5E1BDDD8.svg"/>
          <image key="2B26C789AF3EFEA925A6893B9D4A201A.svg"/>
          <image key="B91434690C5B5224D1CC6B1998F1178A.svg"/>
          <image key="A4BBA5CCC7880CC1D7108AAE4A99AB6E.svg"/>
        </images>
      </page>
      <page name="notifications" ID="44C648E6-F81B-461F-A4E0-7D87E5A0BB60" expanded="True" code="34F7oDD7pt" thumbCode="34F7oDD7pt" status="psWhite" isfolder="False">
        <images>
          <image key="73AF2F8F679FDA67F33B89B97CE7D3DA.png"/>
          <image key="B91434690C5B5224D1CC6B1998F1178A.svg"/>
          <image key="2B26C789AF3EFEA925A6893B9D4A201A.svg"/>
          <image key="A4BBA5CCC7880CC1D7108AAE4A99AB6E.svg"/>
          <image key="807B9BF23EE1023139B925F62B0D2029.svg"/>
          <image key="6435FAA4924A62D32BF5E6A70174E146.svg"/>
          <image key="465F7420215F741122FE38BF5E1BDDD8.svg"/>
          <image key="9DDACFA1CF56DBAEDCDB44BD9EE77A8A.svg"/>
        </images>
      </page>
      <page name="Payments" ID="1E4C11E9-8175-420F-A685-A43EF6BF4708" expanded="True" code="f3oL5vzYMz" thumbCode="f3oL5vzYMz" status="psWhite" isfolder="False">
        <images>
          <image key="73AF2F8F679FDA67F33B89B97CE7D3DA.png"/>
          <image key="465F7420215F741122FE38BF5E1BDDD8.svg"/>
          <image key="2B26C789AF3EFEA925A6893B9D4A201A.svg"/>
          <image key="B91434690C5B5224D1CC6B1998F1178A.svg"/>
          <image key="A4BBA5CCC7880CC1D7108AAE4A99AB6E.svg"/>
          <image key="B3A6945EE3EC14A6D5961C700B98A2BC.svg"/>
        </images>
      </page>
      <page name="Inventory" ID="FD8589E5-9502-462D-B64D-9FAC08B5ED0F" expanded="True" code="1KAd78wWzP" thumbCode="ZcKL2pFCZH" status="psWhite" isfolder="False">
        <images>
          <image key="73AF2F8F679FDA67F33B89B97CE7D3DA.png"/>
          <image key="B91434690C5B5224D1CC6B1998F1178A.svg"/>
          <image key="2B26C789AF3EFEA925A6893B9D4A201A.svg"/>
          <image key="A4BBA5CCC7880CC1D7108AAE4A99AB6E.svg"/>
          <image key="E81ED979293FF1C7F35153E7BDA571B8.svg"/>
          <image key="465F7420215F741122FE38BF5E1BDDD8.svg"/>
          <image key="C7D1B4CE058A7FC0691E8FF41CC36AD9.svg"/>
          <image key="F8C2434C2C958119B1E6150C97C501FA.svg"/>
          <image key="F3D6D8A61EBB80DDA0DAF18C12B85F1C.png"/>
        </images>
      </page>
      <page name="settings" ID="2747DB7E-7DE3-4EB6-B1BE-CA17B686C075" expanded="True" code="x7mvApgvKR" thumbCode="x7mvApgvKR" status="psWhite" isfolder="False">
        <images>
          <image key="A4BBA5CCC7880CC1D7108AAE4A99AB6E.svg"/>
          <image key="8FACD1A6DD0E0A1D0F90FF61845F4023.svg"/>
          <image key="2B26C789AF3EFEA925A6893B9D4A201A.svg"/>
          <image key="C9A19AEA8333861081ABFD164D361FEF.svg"/>
          <image key="FB64DA5108AA1577E22674DB3BE98C75.png"/>
          <image key="51ED992D000055983D8B8802C65E2870.svg"/>
          <image key="9731276EE3DB218CEF060C52139FF978.svg"/>
          <image key="69A4D1E5CE13432C6A4F579026917C6A.svg"/>
          <image key="A74ACDBBC3EE487C9CDF84F8F9700C7C.svg"/>
          <image key="C7D1B4CE058A7FC0691E8FF41CC36AD9.svg"/>
          <image key="B006535552ADCF3C660B10FA6D267D70.svg"/>
          <image key="73AF2F8F679FDA67F33B89B97CE7D3DA.png"/>
          <image key="B91434690C5B5224D1CC6B1998F1178A.svg"/>
          <image key="465F7420215F741122FE38BF5E1BDDD8.svg"/>
          <image key="B49C5165046B8C6EBEDBDA61C9DB0970.png"/>
          <image key="51456FBB486C460B70CCB6DE6EAA6500.svg"/>
        </images>
        <page name="edit profeile" ID="27758142-1CFD-43C0-BA00-5E62DF00EE7E" expanded="True" code="tQphqcB3ss" thumbCode="" status="psWhite" isfolder="False"/>
      </page>
      <page name="FAQ's" ID="CC56BA4F-B8FC-4F4B-AF26-54F6ECB0CA7F" expanded="True" code="uiqcdKwXkm" thumbCode="uiqcdKwXkm" isLastOpen="True" status="psWhite" isfolder="False">
        <images>
          <image key="73AF2F8F679FDA67F33B89B97CE7D3DA.png"/>
          <image key="465F7420215F741122FE38BF5E1BDDD8.svg"/>
          <image key="2B26C789AF3EFEA925A6893B9D4A201A.svg"/>
          <image key="B91434690C5B5224D1CC6B1998F1178A.svg"/>
          <image key="A4BBA5CCC7880CC1D7108AAE4A99AB6E.svg"/>
        </images>
      </page>
    </page>
  </pages>
  <masters/>
  <images>
    <image key="8FACD1A6DD0E0A1D0F90FF61845F4023.svg"/>
    <image key="A74ACDBBC3EE487C9CDF84F8F9700C7C.svg"/>
    <image key="0F70BD885ED97F5D776D80747D16FBBF.png"/>
    <image key="2B26C789AF3EFEA925A6893B9D4A201A.svg"/>
    <image key="C9A19AEA8333861081ABFD164D361FEF.svg"/>
    <image key="9731276EE3DB218CEF060C52139FF978.svg"/>
    <image key="6435FAA4924A62D32BF5E6A70174E146.svg"/>
    <image key="B006535552ADCF3C660B10FA6D267D70.svg"/>
    <image key="FC73BFB69B9F628AE5A49567C28B878A.png"/>
    <image key="8475D20AB379BE317E4B227F4BFF64F9.svg"/>
    <image key="73AF2F8F679FDA67F33B89B97CE7D3DA.png"/>
    <image key="08A5EA266D1BF49F9FDD96D7027BD1BA.png"/>
    <image key="474A61FDC203C97B2EEFAF494C017CCB.svg"/>
    <image key="B91434690C5B5224D1CC6B1998F1178A.svg"/>
    <image key="B3A6945EE3EC14A6D5961C700B98A2BC.svg"/>
    <image key="F08971E336F343522880459F1AEEC348.svg"/>
    <image key="79BA10B987D861314A1480F82B2B5C96.png"/>
    <image key="9DDACFA1CF56DBAEDCDB44BD9EE77A8A.svg"/>
    <image key="54ADDB2006FF56AAD7BAA92BD8EAE909.png"/>
    <image key="DE7A3840C7CBA1B69449E3DDB42FE32A.svg"/>
    <image key="B49C5165046B8C6EBEDBDA61C9DB0970.png"/>
    <image key="C495868C83A33C938447A143D6D414DE.png"/>
    <image key="A4BBA5CCC7880CC1D7108AAE4A99AB6E.svg"/>
    <image key="9669428A6A6B0FB956687C7BE7898471.svg"/>
    <image key="FB64DA5108AA1577E22674DB3BE98C75.png"/>
    <image key="C1F3D8FC54DB22E9B569DEC93918E6AC.png"/>
    <image key="51ED992D000055983D8B8802C65E2870.svg"/>
    <image key="47B5E365F7A7AD2F17758CF6465467DB.png"/>
    <image key="69A4D1E5CE13432C6A4F579026917C6A.svg"/>
    <image key="E81ED979293FF1C7F35153E7BDA571B8.svg"/>
    <image key="807B9BF23EE1023139B925F62B0D2029.svg"/>
    <image key="141C8CD53438529F817D57417D2D7DA0.png"/>
    <image key="874E15E08A8399CEF1230709328B05FC.png"/>
    <image key="EA523FE5939507BA328F6FB6620E3953.png"/>
    <image key="F8C2434C2C958119B1E6150C97C501FA.svg"/>
    <image key="671B6BE607975A74FB470B2A24F33C46.svg"/>
    <image key="C7D1B4CE058A7FC0691E8FF41CC36AD9.svg"/>
    <image key="09C3D7E59E1B51B6B1D2129D79F448C9.png"/>
    <image key="BC22C68C13EB37470C6145DD5981C861.png"/>
    <image key="41BACA5C90C06C95D081FB51FB64DE31.svg"/>
    <image key="6DF4C11C1B2E73B1E448559B635CFADB.png"/>
    <image key="2A2FD32899EB4AC31E43A317224E17E7.svg"/>
    <image key="C2DA32AD73BD4A46DCAE15462637BA6C.svg"/>
    <image key="465F7420215F741122FE38BF5E1BDDD8.svg"/>
    <image key="F3D6D8A61EBB80DDA0DAF18C12B85F1C.png"/>
    <image key="51456FBB486C460B70CCB6DE6EAA6500.svg"/>
  </images>
</project>